arm,run,frame,duration_ms
on,run_01.json,0,11.689000
on,run_01.json,1,0.661000
on,run_01.json,2,1.054000
on,run_01.json,3,1.771000
on,run_01.json,4,1.311000
on,run_01.json,5,11.941000
on,run_01.json,6,0.710000
on,run_01.json,7,0.950000
on,run_01.json,8,0.728000
on,run_01.json,9,1.479000
on,run_01.json,10,13.941000
on,run_01.json,11,0.783000
on,run_01.json,12,1.062000
on,run_01.json,13,1.550000
on,run_01.json,14,1.338000
on,run_01.json,15,12.057000
on,run_01.json,16,0.869000
on,run_01.json,17,0.831000
on,run_01.json,18,1.722000
on,run_01.json,19,1.346000
on,run_01.json,20,12.532000
on,run_01.json,21,0.671000
on,run_01.json,22,0.975000
on,run_01.json,23,2.106000
on,run_01.json,24,13.555000
on,run_01.json,25,0.794000
on,run_01.json,26,0.895000
on,run_01.json,27,0.698000
on,run_01.json,28,1.470000
on,run_01.json,29,13.357000
on,run_01.json,30,0.799000
on,run_01.json,31,0.984000
on,run_01.json,32,1.776000
on,run_01.json,33,14.775000
on,run_01.json,34,0.273000
on,run_01.json,35,1.808000
on,run_01.json,36,1.418000
on,run_01.json,37,11.844000
on,run_01.json,38,0.678000
on,run_01.json,39,1.249000
on,run_01.json,40,1.487000
on,run_01.json,41,1.362000
on,run_01.json,42,12.101000
on,run_01.json,43,0.739000
on,run_01.json,44,1.077000
on,run_01.json,45,1.733000
on,run_01.json,46,2.939000
on,run_01.json,47,10.663000
on,run_01.json,48,0.713000
on,run_01.json,49,1.172000
on,run_01.json,50,1.638000
on,run_01.json,51,1.514000
on,run_01.json,52,12.066000
on,run_01.json,53,0.721000
on,run_01.json,54,1.068000
on,run_01.json,55,0.749000
on,run_01.json,56,2.175000
on,run_01.json,57,12.071000
on,run_01.json,58,0.855000
on,run_01.json,59,0.949000
on,run_01.json,60,1.744000
on,run_01.json,61,1.384000
on,run_01.json,62,11.742000
on,run_01.json,63,0.935000
on,run_01.json,64,0.985000
on,run_01.json,65,1.367000
on,run_01.json,66,1.500000
on,run_01.json,67,11.660000
on,run_01.json,68,0.906000
on,run_01.json,69,0.908000
on,run_01.json,70,1.569000
on,run_01.json,71,1.415000
on,run_01.json,72,11.226000
on,run_01.json,73,0.822000
on,run_01.json,74,0.790000
on,run_01.json,75,0.715000
on,run_01.json,76,1.476000
on,run_01.json,77,12.024000
on,run_01.json,78,0.698000
on,run_01.json,79,1.141000
on,run_01.json,80,1.625000
on,run_01.json,81,1.460000
on,run_01.json,82,11.537000
on,run_01.json,83,0.763000
on,run_01.json,84,0.873000
on,run_01.json,85,0.777000
on,run_01.json,86,1.353000
on,run_01.json,87,12.116000
on,run_01.json,88,0.722000
on,run_01.json,89,1.030000
on,run_01.json,90,1.538000
on,run_01.json,91,1.499000
on,run_01.json,92,11.932000
on,run_01.json,93,0.712000
on,run_01.json,94,0.935000
on,run_01.json,95,1.696000
on,run_01.json,96,1.341000
on,run_01.json,97,11.232000
on,run_01.json,98,0.802000
on,run_01.json,99,0.993000
on,run_01.json,100,0.847000
on,run_01.json,101,2.151000
on,run_01.json,102,10.539000
on,run_01.json,103,0.656000
on,run_01.json,104,1.010000
on,run_01.json,105,0.626000
on,run_01.json,106,1.571000
on,run_01.json,107,12.816000
on,run_01.json,108,0.884000
on,run_01.json,109,0.912000
on,run_01.json,110,1.646000
on,run_01.json,111,1.402000
on,run_01.json,112,11.860000
on,run_01.json,113,0.882000
on,run_01.json,114,0.888000
on,run_01.json,115,1.731000
on,run_01.json,116,1.597000
on,run_01.json,117,11.509000
on,run_01.json,118,0.752000
on,run_01.json,119,1.004000
on,run_01.json,120,1.692000
on,run_01.json,121,1.500000
on,run_01.json,122,11.650000
on,run_01.json,123,0.708000
on,run_01.json,124,0.956000
on,run_01.json,125,0.700000
on,run_01.json,126,1.488000
on,run_01.json,127,12.868000
on,run_01.json,128,0.701000
on,run_01.json,129,0.918000
on,run_01.json,130,0.636000
on,run_01.json,131,1.494000
on,run_01.json,132,12.843000
on,run_01.json,133,0.714000
on,run_01.json,134,0.944000
on,run_01.json,135,0.701000
on,run_01.json,136,1.468000
on,run_01.json,137,13.069000
on,run_01.json,138,0.680000
on,run_01.json,139,1.096000
on,run_01.json,140,1.726000
on,run_01.json,141,1.380000
on,run_01.json,142,11.570000
on,run_01.json,143,0.749000
on,run_01.json,144,0.834000
on,run_01.json,145,0.781000
on,run_01.json,146,1.305000
on,run_01.json,147,1.326000
on,run_01.json,148,11.563000
on,run_01.json,149,0.681000
on,run_01.json,150,0.933000
on,run_01.json,151,0.662000
on,run_01.json,152,1.483000
on,run_01.json,153,13.162000
on,run_01.json,154,0.694000
on,run_01.json,155,1.111000
on,run_01.json,156,1.684000
on,run_01.json,157,1.409000
on,run_01.json,158,11.758000
on,run_01.json,159,0.837000
on,run_01.json,160,0.800000
on,run_01.json,161,1.658000
on,run_01.json,162,1.438000
on,run_01.json,163,12.097000
on,run_01.json,164,0.862000
on,run_01.json,165,0.718000
on,run_01.json,166,0.658000
on,run_01.json,167,1.376000
on,run_01.json,168,12.709000
on,run_01.json,169,0.639000
on,run_01.json,170,0.982000
on,run_01.json,171,0.638000
on,run_01.json,172,1.368000
on,run_01.json,173,1.305000
on,run_01.json,174,11.667000
on,run_01.json,175,0.634000
on,run_01.json,176,0.927000
on,run_01.json,177,0.650000
on,run_01.json,178,1.385000
on,run_01.json,179,1.523000
on,run_01.json,180,11.770000
on,run_01.json,181,0.779000
on,run_01.json,182,0.817000
on,run_01.json,183,1.742000
on,run_01.json,184,1.529000
on,run_01.json,185,11.726000
on,run_01.json,186,0.851000
on,run_01.json,187,0.833000
on,run_01.json,188,1.619000
on,run_01.json,189,1.350000
on,run_01.json,190,12.108000
on,run_01.json,191,0.767000
on,run_01.json,192,0.733000
on,run_01.json,193,0.616000
on,run_01.json,194,1.480000
on,run_01.json,195,1.476000
on,run_01.json,196,11.444000
on,run_01.json,197,0.606000
on,run_01.json,198,0.993000
on,run_01.json,199,0.686000
on,run_01.json,200,1.395000
on,run_01.json,201,13.138000
on,run_01.json,202,0.858000
on,run_01.json,203,0.961000
on,run_01.json,204,0.796000
on,run_01.json,205,2.105000
on,run_01.json,206,11.862000
on,run_01.json,207,0.792000
on,run_01.json,208,1.046000
on,run_01.json,209,1.548000
on,run_01.json,210,1.450000
on,run_01.json,211,11.807000
on,run_01.json,212,0.687000
on,run_01.json,213,1.050000
on,run_01.json,214,1.733000
on,run_01.json,215,1.337000
on,run_01.json,216,11.909000
on,run_01.json,217,0.849000
on,run_01.json,218,0.911000
on,run_01.json,219,1.519000
on,run_01.json,220,1.305000
on,run_01.json,221,11.922000
on,run_01.json,222,0.710000
on,run_01.json,223,0.938000
on,run_01.json,224,0.773000
on,run_01.json,225,1.430000
on,run_01.json,226,12.770000
on,run_01.json,227,0.727000
on,run_01.json,228,1.011000
on,run_01.json,229,1.694000
on,run_01.json,230,0.696000
on,run_01.json,231,0.628000
on,run_01.json,232,12.052000
on,run_01.json,233,0.763000
on,run_01.json,234,0.976000
on,run_01.json,235,1.693000
on,run_01.json,236,1.312000
on,run_01.json,237,11.928000
on,run_01.json,238,0.752000
on,run_01.json,239,0.941000
on,run_01.json,240,1.739000
on,run_01.json,241,1.575000
on,run_01.json,242,11.615000
on,run_01.json,243,0.686000
on,run_01.json,244,1.070000
on,run_01.json,245,0.795000
on,run_01.json,246,1.339000
on,run_01.json,247,0.652000
on,run_01.json,248,12.253000
on,run_01.json,249,0.770000
on,run_01.json,250,0.984000
on,run_01.json,251,0.714000
on,run_01.json,252,2.220000
on,run_01.json,253,11.723000
on,run_01.json,254,0.667000
on,run_01.json,255,0.945000
on,run_01.json,256,0.683000
on,run_01.json,257,1.457000
on,run_01.json,258,0.717000
on,run_01.json,259,1.435000
on,run_01.json,260,10.859000
on,run_01.json,261,0.826000
on,run_01.json,262,0.853000
on,run_01.json,263,0.748000
on,run_01.json,264,1.466000
on,run_01.json,265,0.816000
on,run_01.json,266,1.390000
on,run_01.json,267,10.647000
on,run_01.json,268,0.822000
on,run_01.json,269,1.012000
on,run_01.json,270,1.588000
on,run_01.json,271,0.664000
on,run_01.json,272,0.726000
on,run_01.json,273,11.666000
on,run_01.json,274,0.669000
on,run_01.json,275,0.942000
on,run_01.json,276,0.701000
on,run_01.json,277,1.440000
on,run_01.json,278,0.853000
on,run_01.json,279,1.571000
on,run_01.json,280,10.848000
on,run_01.json,281,0.705000
on,run_01.json,282,1.076000
on,run_01.json,283,1.708000
on,run_01.json,284,0.793000
on,run_01.json,285,1.384000
on,run_01.json,286,12.082000
on,run_01.json,287,0.763000
on,run_01.json,288,0.884000
on,run_01.json,289,0.706000
on,run_01.json,290,1.481000
on,run_01.json,291,0.757000
on,run_01.json,292,1.461000
on,run_01.json,293,10.878000
on,run_01.json,294,0.999000
on,run_01.json,295,0.826000
on,run_01.json,296,1.681000
on,run_01.json,297,0.820000
on,run_01.json,298,1.427000
on,run_01.json,299,11.412000
on,run_01.json,300,0.730000
on,run_01.json,301,0.945000
on,run_01.json,302,1.722000
on,run_01.json,303,0.740000
on,run_01.json,304,10.645000
on,run_01.json,305,0.785000
on,run_01.json,306,1.000000
on,run_01.json,307,1.708000
on,run_01.json,308,0.765000
on,run_01.json,309,1.392000
on,run_01.json,310,10.890000
on,run_01.json,311,0.789000
on,run_01.json,312,1.010000
on,run_01.json,313,1.588000
on,run_01.json,314,0.744000
on,run_01.json,315,1.496000
on,run_01.json,316,10.945000
on,run_01.json,317,0.799000
on,run_01.json,318,0.851000
on,run_01.json,319,0.724000
on,run_01.json,320,1.415000
on,run_01.json,321,0.648000
on,run_01.json,322,1.316000
on,run_01.json,323,11.002000
on,run_01.json,324,0.730000
on,run_01.json,325,1.044000
on,run_01.json,326,1.505000
on,run_01.json,327,0.782000
on,run_01.json,328,0.673000
on,run_01.json,329,15.847000
on,run_01.json,330,0.839000
on,run_01.json,331,1.047000
on,run_01.json,332,1.667000
on,run_01.json,333,0.939000
on,run_01.json,334,1.457000
on,run_01.json,335,10.658000
on,run_01.json,336,0.651000
on,run_01.json,337,1.112000
on,run_01.json,338,1.621000
on,run_01.json,339,0.779000
on,run_01.json,340,1.433000
on,run_01.json,341,11.197000
on,run_01.json,342,0.659000
on,run_01.json,343,1.014000
on,run_01.json,344,0.667000
on,run_01.json,345,1.551000
on,run_01.json,346,0.693000
on,run_01.json,347,1.423000
on,run_01.json,348,10.554000
on,run_01.json,349,0.698000
on,run_01.json,350,0.922000
on,run_01.json,351,0.668000
on,run_01.json,352,1.533000
on,run_01.json,353,0.651000
on,run_01.json,354,1.310000
on,run_01.json,355,11.025000
on,run_01.json,356,0.953000
on,run_01.json,357,0.952000
on,run_01.json,358,1.542000
on,run_01.json,359,0.746000
on,run_01.json,360,1.432000
on,run_01.json,361,10.786000
on,run_01.json,362,1.013000
on,run_01.json,363,0.710000
on,run_01.json,364,2.847000
on,run_01.json,365,1.350000
on,run_01.json,366,10.545000
on,run_01.json,367,0.683000
on,run_01.json,368,1.091000
on,run_01.json,369,1.715000
on,run_01.json,370,0.786000
on,run_01.json,371,1.235000
on,run_01.json,372,10.945000
on,run_01.json,373,0.804000
on,run_01.json,374,2.517000
on,run_01.json,375,0.139000
on,run_01.json,376,0.609000
on,run_01.json,377,0.642000
on,run_01.json,378,11.841000
on,run_01.json,379,0.858000
on,run_01.json,380,0.945000
on,run_01.json,381,1.686000
on,run_01.json,382,0.876000
on,run_01.json,383,1.327000
on,run_01.json,384,10.642000
on,run_01.json,385,1.201000
on,run_01.json,386,0.801000
on,run_01.json,387,1.636000
on,run_01.json,388,0.983000
on,run_01.json,389,10.600000
on,run_01.json,390,1.437000
on,run_01.json,391,2.018000
on,run_01.json,392,0.953000
on,run_01.json,393,1.520000
on,run_01.json,394,9.219000
on,run_01.json,395,0.824000
on,run_01.json,396,0.935000
on,run_01.json,397,1.530000
on,run_01.json,398,0.755000
on,run_01.json,399,0.624000
on,run_01.json,400,1.363000
on,run_01.json,401,10.685000
on,run_01.json,402,1.528000
on,run_01.json,403,0.901000
on,run_01.json,404,1.474000
on,run_01.json,405,0.805000
on,run_01.json,406,13.336000
on,run_01.json,407,1.358000
on,run_01.json,408,0.827000
on,run_01.json,409,1.394000
on,run_01.json,410,0.797000
on,run_01.json,411,1.513000
on,run_01.json,412,11.223000
on,run_01.json,413,0.737000
on,run_01.json,414,1.067000
on,run_01.json,415,0.632000
on,run_01.json,416,1.554000
on,run_01.json,417,0.673000
on,run_01.json,418,11.794000
on,run_01.json,419,0.853000
on,run_01.json,420,0.895000
on,run_01.json,421,1.712000
on,run_01.json,422,0.790000
on,run_01.json,423,1.305000
on,run_01.json,424,11.062000
on,run_01.json,425,0.821000
on,run_01.json,426,0.940000
on,run_01.json,427,1.736000
on,run_01.json,428,0.733000
on,run_01.json,429,1.406000
on,run_01.json,430,10.822000
on,run_01.json,431,0.715000
on,run_01.json,432,0.974000
on,run_01.json,433,1.755000
on,run_01.json,434,0.827000
on,run_01.json,435,1.371000
on,run_01.json,436,11.187000
on,run_01.json,437,0.798000
on,run_01.json,438,0.955000
on,run_01.json,439,1.568000
on,run_01.json,440,0.662000
on,run_01.json,441,0.710000
on,run_01.json,442,12.344000
on,run_01.json,443,0.744000
on,run_01.json,444,0.953000
on,run_01.json,445,1.752000
on,run_01.json,446,0.739000
on,run_01.json,447,0.605000
on,run_01.json,448,11.969000
on,run_01.json,449,0.870000
on,run_01.json,450,1.064000
on,run_01.json,451,1.633000
on,run_01.json,452,0.691000
on,run_01.json,453,1.419000
on,run_01.json,454,11.202000
on,run_01.json,455,0.759000
on,run_01.json,456,1.158000
on,run_01.json,457,0.820000
on,run_01.json,458,1.742000
on,run_01.json,459,1.556000
on,run_01.json,460,11.018000
on,run_01.json,461,0.936000
on,run_01.json,462,0.831000
on,run_01.json,463,1.661000
on,run_01.json,464,0.724000
on,run_01.json,465,1.503000
on,run_01.json,466,11.445000
on,run_01.json,467,0.704000
on,run_01.json,468,1.071000
on,run_01.json,469,0.717000
on,run_01.json,470,1.556000
on,run_01.json,471,0.711000
on,run_01.json,472,12.210000
on,run_01.json,473,0.738000
on,run_01.json,474,1.125000
on,run_01.json,475,1.655000
on,run_01.json,476,0.668000
on,run_01.json,477,0.685000
on,run_01.json,478,11.968000
on,run_01.json,479,0.796000
on,run_01.json,480,0.883000
on,run_01.json,481,0.687000
on,run_01.json,482,1.381000
on,run_01.json,483,0.580000
on,run_01.json,484,1.416000
on,run_01.json,485,9.189000
on,run_01.json,486,0.739000
on,run_01.json,487,0.945000
on,run_01.json,488,0.676000
on,run_01.json,489,1.569000
on,run_01.json,490,0.631000
on,run_01.json,491,1.371000
on,run_01.json,492,9.273000
on,run_01.json,493,0.793000
on,run_01.json,494,0.905000
on,run_01.json,495,1.601000
on,run_01.json,496,0.711000
on,run_01.json,497,0.693000
on,run_01.json,498,1.297000
on,run_01.json,499,10.376000
on,run_01.json,500,0.731000
on,run_01.json,501,1.119000
on,run_01.json,502,1.570000
on,run_01.json,503,0.883000
on,run_01.json,504,1.388000
on,run_01.json,505,10.902000
on,run_01.json,506,0.705000
on,run_01.json,507,1.004000
on,run_01.json,508,0.686000
on,run_01.json,509,1.513000
on,run_01.json,510,0.600000
on,run_01.json,511,1.321000
on,run_01.json,512,10.855000
on,run_01.json,513,0.785000
on,run_01.json,514,0.932000
on,run_01.json,515,1.754000
on,run_01.json,516,0.837000
on,run_01.json,517,1.422000
on,run_01.json,518,10.962000
on,run_01.json,519,0.726000
on,run_01.json,520,0.875000
on,run_01.json,521,0.714000
on,run_01.json,522,1.435000
on,run_01.json,523,0.694000
on,run_01.json,524,1.357000
on,run_01.json,525,10.909000
on,run_01.json,526,0.890000
on,run_01.json,527,0.930000
on,run_01.json,528,0.859000
on,run_01.json,529,1.624000
on,run_01.json,530,1.554000
on,run_01.json,531,11.347000
on,run_01.json,532,0.889000
on,run_01.json,533,0.988000
on,run_01.json,534,1.669000
on,run_01.json,535,0.907000
on,run_01.json,536,1.426000
on,run_01.json,537,11.602000
on,run_01.json,538,0.822000
on,run_01.json,539,0.837000
on,run_01.json,540,0.728000
on,run_01.json,541,1.530000
on,run_01.json,542,0.692000
on,run_01.json,543,1.388000
on,run_01.json,544,11.249000
on,run_01.json,545,0.887000
on,run_01.json,546,0.963000
on,run_01.json,547,0.786000
on,run_01.json,548,0.699000
on,run_01.json,549,2.343000
on,run_01.json,550,11.553000
on,run_01.json,551,0.762000
on,run_01.json,552,1.084000
on,run_01.json,553,0.726000
on,run_01.json,554,1.535000
on,run_01.json,555,0.703000
on,run_01.json,556,12.440000
on,run_01.json,557,0.703000
on,run_01.json,558,1.078000
on,run_01.json,559,1.744000
on,run_01.json,560,0.715000
on,run_01.json,561,1.470000
on,run_01.json,562,11.424000
on,run_01.json,563,0.818000
on,run_01.json,564,1.120000
on,run_01.json,565,1.627000
on,run_01.json,566,0.842000
on,run_01.json,567,1.445000
on,run_01.json,568,11.044000
on,run_01.json,569,0.886000
on,run_01.json,570,0.760000
on,run_01.json,571,0.787000
on,run_01.json,572,1.516000
on,run_01.json,573,0.653000
on,run_01.json,574,1.435000
on,run_01.json,575,11.136000
on,run_01.json,576,0.899000
on,run_01.json,577,0.879000
on,run_01.json,578,0.697000
on,run_01.json,579,1.556000
on,run_01.json,580,0.636000
on,run_01.json,581,1.550000
on,run_01.json,582,10.606000
on,run_01.json,583,0.691000
on,run_01.json,584,0.952000
on,run_01.json,585,0.651000
on,run_01.json,586,1.632000
on,run_01.json,587,0.730000
on,run_01.json,588,1.423000
on,run_01.json,589,10.645000
on,run_01.json,590,0.801000
on,run_01.json,591,1.048000
on,run_01.json,592,1.803000
on,run_01.json,593,0.917000
on,run_01.json,594,1.413000
on,run_01.json,595,10.087000
on,run_01.json,596,0.829000
on,run_01.json,597,0.843000
on,run_01.json,598,0.723000
on,run_01.json,599,1.428000
on,run_01.json,600,0.697000
on,run_01.json,601,0.749000
on,run_01.json,602,0.589000
on,run_01.json,603,9.963000
on,run_01.json,604,0.892000
on,run_01.json,605,0.944000
on,run_01.json,606,1.659000
on,run_01.json,607,0.790000
on,run_01.json,608,1.369000
on,run_01.json,609,10.618000
on,run_01.json,610,1.125000
on,run_01.json,611,0.969000
on,run_01.json,612,1.395000
on,run_01.json,613,0.830000
on,run_01.json,614,1.481000
on,run_01.json,615,10.081000
on,run_01.json,616,0.781000
on,run_01.json,617,0.882000
on,run_01.json,618,0.733000
on,run_01.json,619,1.432000
on,run_01.json,620,0.611000
on,run_01.json,621,1.306000
on,run_01.json,622,10.344000
on,run_01.json,623,0.753000
on,run_01.json,624,1.117000
on,run_01.json,625,0.875000
on,run_01.json,626,1.352000
on,run_01.json,627,0.654000
on,run_01.json,628,10.409000
on,run_01.json,629,0.747000
on,run_01.json,630,0.931000
on,run_01.json,631,0.745000
on,run_01.json,632,1.489000
on,run_01.json,633,0.574000
on,run_01.json,634,1.436000
on,run_01.json,635,10.809000
on,run_01.json,636,0.666000
on,run_01.json,637,1.087000
on,run_01.json,638,1.803000
on,run_01.json,639,0.648000
on,run_01.json,640,0.656000
on,run_01.json,641,11.868000
on,run_01.json,642,0.687000
on,run_01.json,643,0.941000
on,run_01.json,644,0.582000
on,run_01.json,645,1.525000
on,run_01.json,646,0.646000
on,run_01.json,647,0.622000
on,run_01.json,648,0.649000
on,run_01.json,649,1.259000
on,run_01.json,650,9.647000
on,run_01.json,651,0.587000
on,run_01.json,652,0.956000
on,run_01.json,653,0.720000
on,run_01.json,654,1.726000
on,run_01.json,655,1.009000
on,run_01.json,656,0.804000
on,run_01.json,657,10.948000
on,run_01.json,658,0.787000
on,run_01.json,659,0.997000
on,run_01.json,660,1.525000
on,run_01.json,661,0.750000
on,run_01.json,662,0.666000
on,run_01.json,663,0.640000
on,run_01.json,664,1.242000
on,run_01.json,665,10.243000
on,run_01.json,666,0.645000
on,run_01.json,667,1.026000
on,run_01.json,668,0.661000
on,run_01.json,669,1.456000
on,run_01.json,670,0.630000
on,run_01.json,671,0.599000
on,run_01.json,672,0.641000
on,run_01.json,673,10.650000
on,run_01.json,674,0.571000
on,run_01.json,675,0.971000
on,run_01.json,676,0.612000
on,run_01.json,677,1.402000
on,run_01.json,678,0.657000
on,run_01.json,679,0.670000
on,run_01.json,680,0.693000
on,run_01.json,681,1.293000
on,run_01.json,682,9.975000
on,run_01.json,683,0.639000
on,run_01.json,684,1.030000
on,run_01.json,685,1.716000
on,run_01.json,686,0.673000
on,run_01.json,687,0.708000
on,run_01.json,688,0.657000
on,run_01.json,689,1.356000
on,run_01.json,690,9.905000
on,run_01.json,691,0.755000
on,run_01.json,692,0.827000
on,run_01.json,693,0.559000
on,run_01.json,694,1.484000
on,run_01.json,695,0.559000
on,run_01.json,696,0.738000
on,run_01.json,697,0.731000
on,run_01.json,698,1.515000
on,run_01.json,699,9.486000
on,run_01.json,700,0.741000
on,run_01.json,701,0.991000
on,run_01.json,702,0.649000
on,run_01.json,703,1.413000
on,run_01.json,704,0.710000
on,run_01.json,705,1.865000
on,run_01.json,706,10.160000
on,run_01.json,707,0.627000
on,run_01.json,708,1.062000
on,run_01.json,709,0.649000
on,run_01.json,710,1.418000
on,run_01.json,711,0.685000
on,run_01.json,712,0.550000
on,run_01.json,713,0.676000
on,run_01.json,714,1.277000
on,run_01.json,715,9.973000
on,run_01.json,716,2.585000
on,run_01.json,717,0.625000
on,run_01.json,718,0.809000
on,run_01.json,719,0.815000
on,run_01.json,720,0.932000
on,run_01.json,721,10.935000
on,run_01.json,722,1.350000
on,run_01.json,723,0.736000
on,run_01.json,724,1.426000
on,run_01.json,725,0.919000
on,run_01.json,726,0.900000
on,run_01.json,727,1.684000
on,run_01.json,728,9.643000
on,run_01.json,729,1.342000
on,run_01.json,730,0.981000
on,run_01.json,731,1.338000
on,run_01.json,732,0.750000
on,run_01.json,733,1.040000
on,run_01.json,734,1.458000
on,run_01.json,735,9.696000
on,run_01.json,736,0.918000
on,run_01.json,737,0.919000
on,run_01.json,738,0.796000
on,run_01.json,739,1.364000
on,run_01.json,740,0.663000
on,run_01.json,741,0.683000
on,run_01.json,742,1.438000
on,run_01.json,743,9.770000
on,run_01.json,744,0.688000
on,run_01.json,745,1.066000
on,run_01.json,746,0.704000
on,run_01.json,747,1.644000
on,run_01.json,748,0.695000
on,run_01.json,749,0.627000
on,run_01.json,750,1.335000
on,run_01.json,751,9.922000
on,run_01.json,752,0.674000
on,run_01.json,753,1.076000
on,run_01.json,754,1.632000
on,run_01.json,755,0.800000
on,run_01.json,756,0.636000
on,run_01.json,757,0.648000
on,run_01.json,758,1.503000
on,run_01.json,759,9.623000
on,run_01.json,760,0.662000
on,run_01.json,761,0.995000
on,run_01.json,762,0.627000
on,run_01.json,763,1.513000
on,run_01.json,764,0.669000
on,run_01.json,765,0.620000
on,run_01.json,766,0.665000
on,run_01.json,767,1.321000
on,run_01.json,768,9.556000
on,run_01.json,769,0.701000
on,run_01.json,770,0.924000
on,run_01.json,771,0.685000
on,run_01.json,772,1.489000
on,run_01.json,773,0.676000
on,run_01.json,774,0.671000
on,run_01.json,775,0.685000
on,run_01.json,776,10.906000
on,run_01.json,777,0.691000
on,run_01.json,778,1.148000
on,run_01.json,779,1.698000
on,run_01.json,780,0.724000
on,run_01.json,781,0.717000
on,run_01.json,782,0.685000
on,run_01.json,783,1.379000
on,run_01.json,784,9.432000
on,run_01.json,785,0.669000
on,run_01.json,786,1.012000
on,run_01.json,787,0.637000
on,run_01.json,788,1.564000
on,run_01.json,789,0.637000
on,run_01.json,790,0.680000
on,run_01.json,791,0.676000
on,run_01.json,792,11.306000
on,run_01.json,793,1.197000
on,run_01.json,794,1.085000
on,run_01.json,795,1.451000
on,run_01.json,796,0.969000
on,run_01.json,797,0.927000
on,run_01.json,798,10.875000
on,run_01.json,799,0.885000
on,run_01.json,800,0.997000
on,run_01.json,801,1.722000
on,run_01.json,802,0.838000
on,run_01.json,803,0.825000
on,run_01.json,804,1.559000
on,run_01.json,805,9.861000
on,run_01.json,806,0.861000
on,run_01.json,807,0.947000
on,run_01.json,808,1.699000
on,run_01.json,809,0.885000
on,run_01.json,810,0.750000
on,run_01.json,811,1.593000
on,run_01.json,812,11.174000
on,run_01.json,813,1.134000
on,run_01.json,814,0.685000
on,run_01.json,815,1.502000
on,run_01.json,816,0.691000
on,run_01.json,817,0.695000
on,run_01.json,818,0.719000
on,run_01.json,819,1.339000
on,run_01.json,820,10.176000
on,run_01.json,821,0.788000
on,run_01.json,822,0.937000
on,run_01.json,823,0.743000
on,run_01.json,824,1.471000
on,run_01.json,825,1.030000
on,run_01.json,826,0.799000
on,run_01.json,827,1.571000
on,run_01.json,828,7.763000
on,run_01.json,829,0.999000
on,run_01.json,830,0.919000
on,run_01.json,831,1.549000
on,run_01.json,832,0.681000
on,run_01.json,833,0.823000
on,run_01.json,834,0.794000
on,run_01.json,835,10.919000
on,run_01.json,836,1.016000
on,run_01.json,837,0.951000
on,run_01.json,838,1.552000
on,run_01.json,839,0.894000
on,run_01.json,840,0.910000
on,run_01.json,841,1.478000
on,run_01.json,842,9.670000
on,run_01.json,843,0.798000
on,run_01.json,844,1.046000
on,run_01.json,845,1.643000
on,run_01.json,846,0.708000
on,run_01.json,847,0.710000
on,run_01.json,848,0.707000
on,run_01.json,849,14.461000
on,run_01.json,850,0.831000
on,run_01.json,851,0.883000
on,run_01.json,852,1.741000
on,run_01.json,853,0.770000
on,run_01.json,854,0.752000
on,run_01.json,855,0.725000
on,run_01.json,856,1.516000
on,run_01.json,857,9.946000
on,run_01.json,858,0.901000
on,run_01.json,859,0.900000
on,run_01.json,860,1.738000
on,run_01.json,861,0.706000
on,run_01.json,862,0.754000
on,run_01.json,863,0.675000
on,run_01.json,864,1.458000
on,run_01.json,865,9.847000
on,run_01.json,866,0.646000
on,run_01.json,867,1.033000
on,run_01.json,868,0.694000
on,run_01.json,869,1.572000
on,run_01.json,870,0.675000
on,run_01.json,871,0.693000
on,run_01.json,872,1.419000
on,run_01.json,873,9.782000
on,run_01.json,874,0.820000
on,run_01.json,875,1.110000
on,run_01.json,876,1.507000
on,run_01.json,877,0.721000
on,run_01.json,878,0.833000
on,run_01.json,879,0.820000
on,run_01.json,880,10.592000
on,run_01.json,881,0.729000
on,run_01.json,882,0.916000
on,run_01.json,883,0.664000
on,run_01.json,884,1.594000
on,run_01.json,885,0.700000
on,run_01.json,886,0.703000
on,run_01.json,887,1.352000
on,run_01.json,888,9.964000
on,run_01.json,889,1.439000
on,run_01.json,890,0.717000
on,run_01.json,891,1.553000
on,run_01.json,892,0.672000
on,run_01.json,893,0.636000
on,run_01.json,894,0.665000
on,run_01.json,895,10.518000
on,run_01.json,896,0.758000
on,run_01.json,897,0.980000
on,run_01.json,898,0.739000
on,run_01.json,899,1.492000
on,run_01.json,900,0.737000
on,run_01.json,901,0.686000
on,run_01.json,902,1.364000
on,run_01.json,903,9.722000
on,run_01.json,904,0.886000
on,run_01.json,905,0.883000
on,run_01.json,906,1.694000
on,run_01.json,907,0.705000
on,run_01.json,908,0.706000
on,run_01.json,909,0.596000
on,run_01.json,910,1.368000
on,run_01.json,911,8.980000
on,run_01.json,912,0.608000
on,run_01.json,913,1.058000
on,run_01.json,914,1.640000
on,run_01.json,915,0.676000
on,run_01.json,916,0.631000
on,run_01.json,917,0.667000
on,run_01.json,918,1.266000
on,run_01.json,919,8.404000
on,run_01.json,920,0.653000
on,run_01.json,921,1.012000
on,run_01.json,922,0.657000
on,run_01.json,923,1.646000
on,run_01.json,924,0.634000
on,run_01.json,925,0.719000
on,run_01.json,926,1.387000
on,run_01.json,927,9.568000
on,run_01.json,928,1.336000
on,run_01.json,929,0.759000
on,run_01.json,930,1.759000
on,run_01.json,931,0.856000
on,run_01.json,932,0.789000
on,run_01.json,933,1.383000
on,run_01.json,934,11.569000
on,run_01.json,935,0.916000
on,run_01.json,936,0.686000
on,run_01.json,937,2.093000
on,run_01.json,938,0.796000
on,run_01.json,939,0.760000
on,run_01.json,940,1.307000
on,run_01.json,941,9.761000
on,run_01.json,942,0.864000
on,run_01.json,943,0.838000
on,run_01.json,944,1.686000
on,run_01.json,945,0.778000
on,run_01.json,946,0.849000
on,run_01.json,947,0.730000
on,run_01.json,948,10.917000
on,run_01.json,949,0.743000
on,run_01.json,950,1.137000
on,run_01.json,951,1.797000
on,run_01.json,952,0.870000
on,run_01.json,953,0.838000
on,run_01.json,954,1.528000
on,run_01.json,955,9.658000
on,run_01.json,956,0.840000
on,run_01.json,957,1.079000
on,run_01.json,958,1.509000
on,run_01.json,959,0.724000
on,run_01.json,960,0.721000
on,run_01.json,961,0.712000
on,run_01.json,962,1.389000
on,run_01.json,963,9.919000
on,run_01.json,964,0.760000
on,run_01.json,965,1.192000
on,run_01.json,966,1.698000
on,run_01.json,967,0.945000
on,run_01.json,968,0.766000
on,run_01.json,969,1.623000
on,run_01.json,970,9.865000
on,run_01.json,971,0.783000
on,run_01.json,972,1.105000
on,run_01.json,973,1.769000
on,run_01.json,974,0.788000
on,run_01.json,975,0.799000
on,run_01.json,976,1.455000
on,run_01.json,977,10.087000
on,run_01.json,978,0.775000
on,run_01.json,979,1.076000
on,run_01.json,980,1.580000
on,run_01.json,981,0.681000
on,run_01.json,982,0.633000
on,run_01.json,983,0.704000
on,run_01.json,984,1.346000
on,run_01.json,985,10.122000
on,run_01.json,986,0.767000
on,run_01.json,987,0.998000
on,run_01.json,988,1.770000
on,run_01.json,989,0.675000
on,run_01.json,990,0.631000
on,run_01.json,991,0.671000
on,run_01.json,992,1.344000
on,run_01.json,993,10.511000
on,run_01.json,994,0.874000
on,run_01.json,995,0.683000
on,run_01.json,996,0.797000
on,run_01.json,997,1.936000
on,run_01.json,998,0.714000
on,run_01.json,999,0.617000
on,run_01.json,1000,1.271000
on,run_01.json,1001,10.325000
on,run_01.json,1002,0.906000
on,run_01.json,1003,0.952000
on,run_01.json,1004,1.518000
on,run_01.json,1005,0.706000
on,run_01.json,1006,0.659000
on,run_01.json,1007,0.856000
on,run_01.json,1008,1.300000
on,run_01.json,1009,8.007000
on,run_01.json,1010,0.648000
on,run_01.json,1011,1.000000
on,run_01.json,1012,0.670000
on,run_01.json,1013,1.610000
on,run_01.json,1014,0.722000
on,run_01.json,1015,0.638000
on,run_01.json,1016,1.365000
on,run_01.json,1017,8.397000
on,run_01.json,1018,0.858000
on,run_01.json,1019,0.941000
on,run_01.json,1020,1.600000
on,run_01.json,1021,0.889000
on,run_01.json,1022,0.858000
on,run_01.json,1023,0.902000
on,run_01.json,1024,10.608000
on,run_01.json,1025,0.941000
on,run_01.json,1026,0.970000
on,run_01.json,1027,1.544000
on,run_01.json,1028,0.917000
on,run_01.json,1029,0.776000
on,run_01.json,1030,1.474000
on,run_01.json,1031,9.878000
on,run_01.json,1032,0.734000
on,run_01.json,1033,1.012000
on,run_01.json,1034,1.772000
on,run_01.json,1035,0.720000
on,run_01.json,1036,0.925000
on,run_01.json,1037,1.525000
on,run_01.json,1038,10.028000
on,run_01.json,1039,0.967000
on,run_01.json,1040,0.973000
on,run_01.json,1041,1.559000
on,run_01.json,1042,0.707000
on,run_01.json,1043,0.679000
on,run_01.json,1044,0.656000
on,run_01.json,1045,1.310000
on,run_01.json,1046,10.930000
on,run_01.json,1047,0.567000
on,run_01.json,1048,1.565000
on,run_01.json,1049,0.622000
on,run_01.json,1050,0.625000
on,run_01.json,1051,0.612000
on,run_01.json,1052,0.611000
on,run_01.json,1053,10.792000
on,run_01.json,1054,0.708000
on,run_01.json,1055,0.974000
on,run_01.json,1056,0.612000
on,run_01.json,1057,2.922000
on,run_01.json,1058,0.550000
on,run_01.json,1059,1.250000
on,run_01.json,1060,10.939000
on,run_01.json,1061,0.906000
on,run_01.json,1062,0.880000
on,run_01.json,1063,1.631000
on,run_01.json,1064,0.914000
on,run_01.json,1065,0.863000
on,run_01.json,1066,0.834000
on,run_01.json,1067,11.536000
on,run_01.json,1068,0.772000
on,run_01.json,1069,1.084000
on,run_01.json,1070,1.621000
on,run_01.json,1071,0.854000
on,run_01.json,1072,0.852000
on,run_01.json,1073,1.380000
on,run_01.json,1074,10.327000
on,run_01.json,1075,0.683000
on,run_01.json,1076,1.029000
on,run_01.json,1077,0.633000
on,run_01.json,1078,1.543000
on,run_01.json,1079,0.688000
on,run_01.json,1080,0.861000
on,run_01.json,1081,1.491000
on,run_01.json,1082,10.655000
on,run_01.json,1083,0.926000
on,run_01.json,1084,0.917000
on,run_01.json,1085,1.611000
on,run_01.json,1086,0.799000
on,run_01.json,1087,0.767000
on,run_01.json,1088,1.427000
on,run_01.json,1089,10.425000
on,run_01.json,1090,0.971000
on,run_01.json,1091,0.969000
on,run_01.json,1092,1.544000
on,run_01.json,1093,0.742000
on,run_01.json,1094,0.703000
on,run_01.json,1095,0.741000
on,run_01.json,1096,1.363000
on,run_01.json,1097,10.248000
on,run_01.json,1098,0.667000
on,run_01.json,1099,1.056000
on,run_01.json,1100,0.715000
on,run_01.json,1101,1.621000
on,run_01.json,1102,0.652000
on,run_01.json,1103,0.718000
on,run_01.json,1104,1.369000
on,run_01.json,1105,10.275000
on,run_01.json,1106,0.684000
on,run_01.json,1107,1.053000
on,run_01.json,1108,0.755000
on,run_01.json,1109,1.464000
on,run_01.json,1110,0.700000
on,run_01.json,1111,0.715000
on,run_01.json,1112,1.303000
on,run_01.json,1113,10.253000
on,run_01.json,1114,0.787000
on,run_01.json,1115,0.873000
on,run_01.json,1116,1.663000
on,run_01.json,1117,0.681000
on,run_01.json,1118,0.675000
on,run_01.json,1119,0.854000
on,run_01.json,1120,1.304000
on,run_01.json,1121,9.087000
on,run_01.json,1122,0.665000
on,run_01.json,1123,1.003000
on,run_01.json,1124,0.695000
on,run_01.json,1125,1.507000
on,run_01.json,1126,0.689000
on,run_01.json,1127,0.610000
on,run_01.json,1128,0.665000
on,run_01.json,1129,9.720000
on,run_01.json,1130,0.664000
on,run_01.json,1131,0.976000
on,run_01.json,1132,0.699000
on,run_01.json,1133,1.556000
on,run_01.json,1134,0.651000
on,run_01.json,1135,0.673000
on,run_01.json,1136,0.642000
on,run_01.json,1137,10.244000
on,run_01.json,1138,0.627000
on,run_01.json,1139,1.007000
on,run_01.json,1140,0.633000
on,run_01.json,1141,1.592000
on,run_01.json,1142,0.604000
on,run_01.json,1143,0.685000
on,run_01.json,1144,1.405000
on,run_01.json,1145,9.184000
on,run_01.json,1146,0.667000
on,run_01.json,1147,1.018000
on,run_01.json,1148,0.626000
on,run_01.json,1149,1.512000
on,run_01.json,1150,0.679000
on,run_01.json,1151,0.696000
on,run_01.json,1152,0.592000
on,run_01.json,1153,9.479000
on,run_01.json,1154,0.704000
on,run_01.json,1155,1.004000
on,run_01.json,1156,1.746000
on,run_01.json,1157,0.672000
on,run_01.json,1158,0.732000
on,run_01.json,1159,0.665000
on,run_01.json,1160,1.344000
on,run_01.json,1161,9.750000
on,run_01.json,1162,0.774000
on,run_01.json,1163,0.996000
on,run_01.json,1164,1.672000
on,run_01.json,1165,0.651000
on,run_01.json,1166,0.688000
on,run_01.json,1167,0.767000
on,run_01.json,1168,1.378000
on,run_01.json,1169,9.751000
on,run_01.json,1170,0.666000
on,run_01.json,1171,1.045000
on,run_01.json,1172,1.626000
on,run_01.json,1173,0.837000
on,run_01.json,1174,0.745000
on,run_01.json,1175,0.681000
on,run_01.json,1176,0.730000
on,run_01.json,1177,1.401000
on,run_01.json,1178,9.105000
on,run_01.json,1179,0.962000
on,run_01.json,1180,0.698000
on,run_01.json,1181,1.586000
on,run_01.json,1182,0.657000
on,run_01.json,1183,0.583000
on,run_01.json,1184,0.655000
on,run_01.json,1185,1.452000
on,run_01.json,1186,9.755000
on,run_01.json,1187,0.610000
on,run_01.json,1188,0.966000
on,run_01.json,1189,0.643000
on,run_01.json,1190,1.537000
on,run_01.json,1191,0.640000
on,run_01.json,1192,0.762000
on,run_01.json,1193,0.681000
on,run_01.json,1194,0.650000
on,run_01.json,1195,1.277000
on,run_01.json,1196,9.403000
on,run_01.json,1197,0.642000
on,run_01.json,1198,1.223000
on,run_01.json,1199,0.687000
on,run_01.json,1200,1.535000
on,run_01.json,1201,0.739000
on,run_01.json,1202,0.727000
on,run_01.json,1203,0.775000
on,run_01.json,1204,1.341000
on,run_01.json,1205,8.638000
on,run_01.json,1206,0.654000
on,run_01.json,1207,0.938000
on,run_01.json,1208,0.673000
on,run_01.json,1209,1.527000
on,run_01.json,1210,0.661000
on,run_01.json,1211,0.695000
on,run_01.json,1212,0.691000
on,run_01.json,1213,0.690000
on,run_01.json,1214,1.398000
on,run_01.json,1215,8.722000
on,run_01.json,1216,0.657000
on,run_01.json,1217,1.047000
on,run_01.json,1218,0.745000
on,run_01.json,1219,1.361000
on,run_01.json,1220,0.622000
on,run_01.json,1221,0.607000
on,run_01.json,1222,0.640000
on,run_01.json,1223,0.641000
on,run_01.json,1224,0.603000
on,run_01.json,1225,9.857000
on,run_01.json,1226,0.758000
on,run_01.json,1227,0.859000
on,run_01.json,1228,0.608000
on,run_01.json,1229,1.599000
on,run_01.json,1230,0.738000
on,run_01.json,1231,0.614000
on,run_01.json,1232,0.710000
on,run_01.json,1233,10.839000
on,run_01.json,1234,0.884000
on,run_01.json,1235,0.868000
on,run_01.json,1236,1.653000
on,run_01.json,1237,0.695000
on,run_01.json,1238,0.694000
on,run_01.json,1239,0.606000
on,run_01.json,1240,1.450000
on,run_01.json,1241,9.932000
on,run_01.json,1242,0.770000
on,run_01.json,1243,0.971000
on,run_01.json,1244,1.668000
on,run_01.json,1245,0.666000
on,run_01.json,1246,0.720000
on,run_01.json,1247,0.697000
on,run_01.json,1248,0.683000
on,run_01.json,1249,1.422000
on,run_01.json,1250,8.930000
on,run_01.json,1251,0.801000
on,run_01.json,1252,0.860000
on,run_01.json,1253,0.734000
on,run_01.json,1254,1.570000
on,run_01.json,1255,0.768000
on,run_01.json,1256,0.779000
on,run_01.json,1257,0.701000
on,run_01.json,1258,1.463000
on,run_01.json,1259,8.966000
on,run_01.json,1260,0.835000
on,run_01.json,1261,1.111000
on,run_01.json,1262,1.573000
on,run_01.json,1263,0.894000
on,run_01.json,1264,0.762000
on,run_01.json,1265,0.722000
on,run_01.json,1266,0.689000
on,run_01.json,1267,1.441000
on,run_01.json,1268,8.548000
on,run_01.json,1269,0.752000
on,run_01.json,1270,1.037000
on,run_01.json,1271,1.615000
on,run_01.json,1272,0.678000
on,run_01.json,1273,0.738000
on,run_01.json,1274,0.671000
on,run_01.json,1275,0.736000
on,run_01.json,1276,0.668000
on,run_01.json,1277,9.784000
on,run_01.json,1278,0.731000
on,run_01.json,1279,1.025000
on,run_01.json,1280,1.693000
on,run_01.json,1281,0.653000
on,run_01.json,1282,0.706000
on,run_01.json,1283,0.754000
on,run_01.json,1284,0.667000
on,run_01.json,1285,1.420000
on,run_01.json,1286,9.029000
on,run_01.json,1287,0.763000
on,run_01.json,1288,1.021000
on,run_01.json,1289,1.644000
on,run_01.json,1290,0.753000
on,run_01.json,1291,0.736000
on,run_01.json,1292,0.701000
on,run_01.json,1293,0.722000
on,run_01.json,1294,1.314000
on,run_01.json,1295,8.856000
on,run_01.json,1296,0.690000
on,run_01.json,1297,1.047000
on,run_01.json,1298,1.615000
on,run_01.json,1299,0.666000
on,run_01.json,1300,0.676000
on,run_01.json,1301,0.834000
on,run_01.json,1302,0.816000
on,run_01.json,1303,1.427000
on,run_01.json,1304,9.194000
on,run_01.json,1305,1.293000
on,run_01.json,1306,0.754000
on,run_01.json,1307,1.537000
on,run_01.json,1308,0.830000
on,run_01.json,1309,0.816000
on,run_01.json,1310,0.755000
on,run_01.json,1311,1.453000
on,run_01.json,1312,9.064000
on,run_01.json,1313,0.905000
on,run_01.json,1314,1.160000
on,run_01.json,1315,1.745000
on,run_01.json,1316,0.655000
on,run_01.json,1317,0.749000
on,run_01.json,1318,0.739000
on,run_01.json,1319,0.661000
on,run_01.json,1320,1.313000
on,run_01.json,1321,8.633000
on,run_01.json,1322,0.738000
on,run_01.json,1323,1.070000
on,run_01.json,1324,1.684000
on,run_01.json,1325,0.760000
on,run_01.json,1326,1.048000
on,run_01.json,1327,0.761000
on,run_01.json,1328,0.890000
on,run_01.json,1329,9.927000
on,run_01.json,1330,0.818000
on,run_01.json,1331,1.013000
on,run_01.json,1332,1.641000
on,run_01.json,1333,0.676000
on,run_01.json,1334,0.779000
on,run_01.json,1335,0.728000
on,run_01.json,1336,0.794000
on,run_01.json,1337,1.335000
on,run_01.json,1338,10.087000
on,run_01.json,1339,0.888000
on,run_01.json,1340,1.082000
on,run_01.json,1341,1.543000
on,run_01.json,1342,0.781000
on,run_01.json,1343,0.909000
on,run_01.json,1344,0.873000
on,run_01.json,1345,1.627000
on,run_01.json,1346,9.567000
on,run_01.json,1347,1.385000
on,run_01.json,1348,1.882000
on,run_01.json,1349,0.762000
on,run_01.json,1350,0.868000
on,run_01.json,1351,0.796000
on,run_01.json,1352,0.780000
on,run_01.json,1353,1.399000
on,run_01.json,1354,7.085000
on,run_01.json,1355,0.902000
on,run_01.json,1356,0.974000
on,run_01.json,1357,1.736000
on,run_01.json,1358,0.816000
on,run_01.json,1359,0.752000
on,run_01.json,1360,0.758000
on,run_01.json,1361,0.809000
on,run_01.json,1362,1.482000
on,run_01.json,1363,8.350000
on,run_01.json,1364,0.833000
on,run_01.json,1365,0.981000
on,run_01.json,1366,1.619000
on,run_01.json,1367,0.884000
on,run_01.json,1368,0.946000
on,run_01.json,1369,0.796000
on,run_01.json,1370,0.741000
on,run_01.json,1371,9.852000
on,run_01.json,1372,0.742000
on,run_01.json,1373,0.971000
on,run_01.json,1374,1.768000
on,run_01.json,1375,0.735000
on,run_01.json,1376,0.644000
on,run_01.json,1377,0.723000
on,run_01.json,1378,0.720000
on,run_01.json,1379,1.405000
on,run_01.json,1380,12.994000
on,run_01.json,1381,1.075000
on,run_01.json,1382,1.131000
on,run_01.json,1383,1.593000
on,run_01.json,1384,0.715000
on,run_01.json,1385,0.723000
on,run_01.json,1386,0.707000
on,run_01.json,1387,1.997000
on,run_01.json,1388,8.557000
on,run_01.json,1389,0.871000
on,run_01.json,1390,1.135000
on,run_01.json,1391,1.721000
on,run_01.json,1392,0.859000
on,run_01.json,1393,0.757000
on,run_01.json,1394,0.733000
on,run_01.json,1395,0.719000
on,run_01.json,1396,9.954000
on,run_01.json,1397,0.859000
on,run_01.json,1398,2.357000
on,run_01.json,1399,0.498000
on,run_01.json,1400,0.955000
on,run_01.json,1401,0.716000
on,run_01.json,1402,0.739000
on,run_01.json,1403,0.661000
on,run_01.json,1404,9.842000
on,run_01.json,1405,0.812000
on,run_01.json,1406,1.139000
on,run_01.json,1407,1.595000
on,run_01.json,1408,0.758000
on,run_01.json,1409,0.831000
on,run_01.json,1410,0.758000
on,run_01.json,1411,0.698000
on,run_01.json,1412,1.415000
on,run_01.json,1413,8.394000
on,run_01.json,1414,0.893000
on,run_01.json,1415,1.055000
on,run_01.json,1416,1.525000
on,run_01.json,1417,0.874000
on,run_01.json,1418,0.914000
on,run_01.json,1419,0.908000
on,run_01.json,1420,1.411000
on,run_01.json,1421,8.729000
on,run_01.json,1422,0.806000
on,run_01.json,1423,1.062000
on,run_01.json,1424,1.902000
on,run_01.json,1425,0.656000
on,run_01.json,1426,0.723000
on,run_01.json,1427,0.681000
on,run_01.json,1428,0.642000
on,run_01.json,1429,1.446000
on,run_01.json,1430,8.400000
on,run_01.json,1431,0.826000
on,run_01.json,1432,0.925000
on,run_01.json,1433,1.793000
on,run_01.json,1434,0.730000
on,run_01.json,1435,0.837000
on,run_01.json,1436,0.642000
on,run_01.json,1437,0.770000
on,run_01.json,1438,1.330000
on,run_01.json,1439,7.424000
on,run_01.json,1440,0.686000
on,run_01.json,1441,0.953000
on,run_01.json,1442,0.625000
on,run_01.json,1443,1.505000
on,run_01.json,1444,0.661000
on,run_01.json,1445,0.700000
on,run_01.json,1446,0.614000
on,run_01.json,1447,0.660000
on,run_01.json,1448,1.285000
on,run_01.json,1449,7.409000
on,run_01.json,1450,0.870000
on,run_01.json,1451,0.977000
on,run_01.json,1452,0.783000
on,run_01.json,1453,1.550000
on,run_01.json,1454,0.993000
on,run_01.json,1455,0.522000
on,run_01.json,1456,0.830000
on,run_01.json,1457,1.659000
on,run_01.json,1458,9.755000
on,run_01.json,1459,0.803000
on,run_01.json,1460,0.947000
on,run_01.json,1461,0.740000
on,run_01.json,1462,1.590000
on,run_01.json,1463,0.650000
on,run_01.json,1464,0.713000
on,run_01.json,1465,0.712000
on,run_01.json,1466,2.966000
on,run_01.json,1467,7.786000
on,run_01.json,1468,0.741000
on,run_01.json,1469,1.023000
on,run_01.json,1470,0.703000
on,run_01.json,1471,1.535000
on,run_01.json,1472,0.675000
on,run_01.json,1473,0.711000
on,run_01.json,1474,0.691000
on,run_01.json,1475,0.679000
on,run_01.json,1476,1.335000
on,run_01.json,1477,8.319000
on,run_01.json,1478,0.705000
on,run_01.json,1479,0.996000
on,run_01.json,1480,1.655000
on,run_01.json,1481,0.709000
on,run_01.json,1482,0.646000
on,run_01.json,1483,0.672000
on,run_01.json,1484,0.658000
on,run_01.json,1485,0.680000
on,run_01.json,1486,1.342000
on,run_01.json,1487,8.637000
on,run_01.json,1488,0.695000
on,run_01.json,1489,0.993000
on,run_01.json,1490,0.686000
on,run_01.json,1491,1.523000
on,run_01.json,1492,0.669000
on,run_01.json,1493,0.676000
on,run_01.json,1494,0.637000
on,run_01.json,1495,0.683000
on,run_01.json,1496,1.296000
on,run_01.json,1497,9.204000
on,run_01.json,1498,0.684000
on,run_01.json,1499,0.971000
on,run_01.json,1500,0.677000
on,run_01.json,1501,1.562000
on,run_01.json,1502,0.785000
on,run_01.json,1503,0.781000
on,run_01.json,1504,0.767000
on,run_01.json,1505,1.403000
on,run_01.json,1506,9.282000
on,run_01.json,1507,0.832000
on,run_01.json,1508,1.005000
on,run_01.json,1509,1.548000
on,run_01.json,1510,0.744000
on,run_01.json,1511,0.631000
on,run_01.json,1512,0.671000
on,run_01.json,1513,0.705000
on,run_01.json,1514,0.666000
on,run_01.json,1515,10.776000
on,run_01.json,1516,0.738000
on,run_01.json,1517,1.024000
on,run_01.json,1518,1.743000
on,run_01.json,1519,0.721000
on,run_01.json,1520,0.775000
on,run_01.json,1521,0.755000
on,run_01.json,1522,0.732000
on,run_01.json,1523,1.399000
on,run_01.json,1524,9.175000
on,run_01.json,1525,0.771000
on,run_01.json,1526,0.893000
on,run_01.json,1527,1.710000
on,run_01.json,1528,0.709000
on,run_01.json,1529,0.692000
on,run_01.json,1530,0.699000
on,run_01.json,1531,0.629000
on,run_01.json,1532,0.645000
on,run_01.json,1533,1.275000
on,run_01.json,1534,6.962000
on,run_01.json,1535,0.719000
on,run_01.json,1536,1.000000
on,run_01.json,1537,1.615000
on,run_01.json,1538,0.731000
on,run_01.json,1539,0.689000
on,run_01.json,1540,0.681000
on,run_01.json,1541,0.639000
on,run_01.json,1542,0.708000
on,run_01.json,1543,8.266000
on,run_01.json,1544,0.746000
on,run_01.json,1545,1.008000
on,run_01.json,1546,1.705000
on,run_01.json,1547,0.665000
on,run_01.json,1548,0.652000
on,run_01.json,1549,0.738000
on,run_01.json,1550,0.694000
on,run_01.json,1551,1.419000
on,run_01.json,1552,8.863000
on,run_01.json,1553,0.808000
on,run_01.json,1554,0.940000
on,run_01.json,1555,1.706000
on,run_01.json,1556,0.722000
on,run_01.json,1557,0.728000
on,run_01.json,1558,0.637000
on,run_01.json,1559,0.725000
on,run_01.json,1560,1.327000
on,run_01.json,1561,9.157000
on,run_01.json,1562,0.850000
on,run_01.json,1563,0.990000
on,run_01.json,1564,1.514000
on,run_01.json,1565,0.631000
on,run_01.json,1566,0.670000
on,run_01.json,1567,0.655000
on,run_01.json,1568,0.643000
on,run_01.json,1569,0.662000
on,run_01.json,1570,1.322000
on,run_01.json,1571,8.857000
on,run_01.json,1572,0.809000
on,run_01.json,1573,0.901000
on,run_01.json,1574,0.765000
on,run_01.json,1575,1.548000
on,run_01.json,1576,0.679000
on,run_01.json,1577,0.720000
on,run_01.json,1578,0.611000
on,run_01.json,1579,0.730000
on,run_01.json,1580,9.851000
on,run_01.json,1581,0.930000
on,run_01.json,1582,0.822000
on,run_01.json,1583,1.707000
on,run_01.json,1584,0.776000
on,run_01.json,1585,0.918000
on,run_01.json,1586,0.847000
on,run_01.json,1587,0.688000
on,run_01.json,1588,1.586000
on,run_01.json,1589,9.703000
on,run_01.json,1590,0.801000
on,run_01.json,1591,0.861000
on,run_01.json,1592,0.815000
on,run_01.json,1593,1.514000
on,run_01.json,1594,0.848000
on,run_01.json,1595,0.739000
on,run_01.json,1596,0.701000
on,run_01.json,1597,1.484000
on,run_01.json,1598,9.602000
on,run_01.json,1599,0.004000
on,run_02.json,0,0.931000
on,run_02.json,1,0.713000
on,run_02.json,2,1.407000
on,run_02.json,3,0.719000
on,run_02.json,4,1.663000
on,run_02.json,5,10.578000
on,run_02.json,6,0.744000
on,run_02.json,7,0.939000
on,run_02.json,8,1.689000
on,run_02.json,9,0.633000
on,run_02.json,10,0.755000
on,run_02.json,11,1.399000
on,run_02.json,12,11.853000
on,run_02.json,13,0.970000
on,run_02.json,14,0.825000
on,run_02.json,15,1.745000
on,run_02.json,16,0.758000
on,run_02.json,17,1.337000
on,run_02.json,18,11.711000
on,run_02.json,19,0.696000
on,run_02.json,20,1.070000
on,run_02.json,21,1.876000
on,run_02.json,22,0.726000
on,run_02.json,23,2.857000
on,run_02.json,24,9.791000
on,run_02.json,25,0.681000
on,run_02.json,26,0.961000
on,run_02.json,27,1.637000
on,run_02.json,28,0.753000
on,run_02.json,29,0.690000
on,run_02.json,30,12.541000
on,run_02.json,31,0.700000
on,run_02.json,32,1.005000
on,run_02.json,33,2.923000
on,run_02.json,34,0.212000
on,run_02.json,35,12.141000
on,run_02.json,36,0.743000
on,run_02.json,37,0.947000
on,run_02.json,38,1.535000
on,run_02.json,39,0.739000
on,run_02.json,40,0.739000
on,run_02.json,41,1.259000
on,run_02.json,42,10.954000
on,run_02.json,43,0.757000
on,run_02.json,44,0.956000
on,run_02.json,45,1.762000
on,run_02.json,46,0.755000
on,run_02.json,47,1.417000
on,run_02.json,48,11.734000
on,run_02.json,49,0.682000
on,run_02.json,50,0.983000
on,run_02.json,51,0.704000
on,run_02.json,52,1.525000
on,run_02.json,53,0.643000
on,run_02.json,54,1.282000
on,run_02.json,55,11.094000
on,run_02.json,56,0.735000
on,run_02.json,57,0.920000
on,run_02.json,58,0.674000
on,run_02.json,59,1.591000
on,run_02.json,60,0.706000
on,run_02.json,61,1.346000
on,run_02.json,62,10.898000
on,run_02.json,63,0.702000
on,run_02.json,64,0.996000
on,run_02.json,65,1.591000
on,run_02.json,66,0.665000
on,run_02.json,67,0.677000
on,run_02.json,68,1.188000
on,run_02.json,69,10.795000
on,run_02.json,70,0.806000
on,run_02.json,71,0.859000
on,run_02.json,72,1.653000
on,run_02.json,73,0.633000
on,run_02.json,74,0.671000
on,run_02.json,75,1.492000
on,run_02.json,76,9.283000
on,run_02.json,77,0.752000
on,run_02.json,78,0.954000
on,run_02.json,79,1.464000
on,run_02.json,80,0.672000
on,run_02.json,81,0.672000
on,run_02.json,82,1.201000
on,run_02.json,83,10.477000
on,run_02.json,84,0.719000
on,run_02.json,85,1.123000
on,run_02.json,86,1.514000
on,run_02.json,87,0.785000
on,run_02.json,88,0.797000
on,run_02.json,89,11.311000
on,run_02.json,90,1.440000
on,run_02.json,91,1.877000
on,run_02.json,92,0.597000
on,run_02.json,93,0.604000
on,run_02.json,94,11.476000
on,run_02.json,95,0.646000
on,run_02.json,96,0.947000
on,run_02.json,97,0.764000
on,run_02.json,98,1.482000
on,run_02.json,99,0.670000
on,run_02.json,100,1.296000
on,run_02.json,101,9.771000
on,run_02.json,102,0.617000
on,run_02.json,103,0.969000
on,run_02.json,104,0.592000
on,run_02.json,105,1.484000
on,run_02.json,106,0.728000
on,run_02.json,107,1.263000
on,run_02.json,108,10.242000
on,run_02.json,109,0.649000
on,run_02.json,110,0.965000
on,run_02.json,111,0.659000
on,run_02.json,112,1.491000
on,run_02.json,113,0.622000
on,run_02.json,114,1.293000
on,run_02.json,115,11.129000
on,run_02.json,116,0.658000
on,run_02.json,117,0.941000
on,run_02.json,118,0.661000
on,run_02.json,119,1.389000
on,run_02.json,120,0.610000
on,run_02.json,121,1.397000
on,run_02.json,122,10.938000
on,run_02.json,123,0.626000
on,run_02.json,124,0.975000
on,run_02.json,125,0.732000
on,run_02.json,126,1.321000
on,run_02.json,127,0.763000
on,run_02.json,128,1.287000
on,run_02.json,129,10.980000
on,run_02.json,130,0.663000
on,run_02.json,131,0.982000
on,run_02.json,132,0.627000
on,run_02.json,133,1.512000
on,run_02.json,134,0.650000
on,run_02.json,135,1.303000
on,run_02.json,136,10.830000
on,run_02.json,137,0.634000
on,run_02.json,138,0.961000
on,run_02.json,139,0.705000
on,run_02.json,140,1.347000
on,run_02.json,141,0.637000
on,run_02.json,142,0.639000
on,run_02.json,143,11.990000
on,run_02.json,144,0.656000
on,run_02.json,145,0.997000
on,run_02.json,146,1.919000
on,run_02.json,147,0.819000
on,run_02.json,148,1.390000
on,run_02.json,149,10.753000
on,run_02.json,150,0.602000
on,run_02.json,151,0.946000
on,run_02.json,152,0.574000
on,run_02.json,153,1.501000
on,run_02.json,154,0.565000
on,run_02.json,155,0.613000
on,run_02.json,156,11.861000
on,run_02.json,157,0.638000
on,run_02.json,158,0.917000
on,run_02.json,159,0.630000
on,run_02.json,160,1.399000
on,run_02.json,161,0.619000
on,run_02.json,162,0.569000
on,run_02.json,163,1.280000
on,run_02.json,164,10.546000
on,run_02.json,165,0.585000
on,run_02.json,166,1.149000
on,run_02.json,167,1.612000
on,run_02.json,168,0.612000
on,run_02.json,169,0.568000
on,run_02.json,170,1.291000
on,run_02.json,171,10.890000
on,run_02.json,172,0.614000
on,run_02.json,173,0.928000
on,run_02.json,174,0.661000
on,run_02.json,175,1.415000
on,run_02.json,176,0.558000
on,run_02.json,177,0.602000
on,run_02.json,178,1.231000
on,run_02.json,179,10.651000
on,run_02.json,180,0.628000
on,run_02.json,181,0.937000
on,run_02.json,182,0.664000
on,run_02.json,183,1.390000
on,run_02.json,184,0.560000
on,run_02.json,185,0.559000
on,run_02.json,186,1.253000
on,run_02.json,187,10.656000
on,run_02.json,188,0.600000
on,run_02.json,189,0.984000
on,run_02.json,190,0.562000
on,run_02.json,191,1.629000
on,run_02.json,192,0.764000
on,run_02.json,193,1.465000
on,run_02.json,194,10.738000
on,run_02.json,195,0.802000
on,run_02.json,196,0.897000
on,run_02.json,197,0.708000
on,run_02.json,198,1.563000
on,run_02.json,199,0.759000
on,run_02.json,200,12.050000
on,run_02.json,201,0.748000
on,run_02.json,202,0.851000
on,run_02.json,203,0.729000
on,run_02.json,204,1.521000
on,run_02.json,205,0.794000
on,run_02.json,206,0.897000
on,run_02.json,207,11.008000
on,run_02.json,208,0.900000
on,run_02.json,209,0.835000
on,run_02.json,210,1.553000
on,run_02.json,211,0.667000
on,run_02.json,212,0.762000
on,run_02.json,213,0.741000
on,run_02.json,214,1.316000
on,run_02.json,215,10.166000
on,run_02.json,216,0.863000
on,run_02.json,217,1.096000
on,run_02.json,218,1.423000
on,run_02.json,219,0.802000
on,run_02.json,220,1.354000
on,run_02.json,221,10.952000
on,run_02.json,222,0.813000
on,run_02.json,223,0.966000
on,run_02.json,224,1.596000
on,run_02.json,225,0.764000
on,run_02.json,226,0.751000
on,run_02.json,227,0.632000
on,run_02.json,228,1.349000
on,run_02.json,229,9.518000
on,run_02.json,230,0.622000
on,run_02.json,231,1.039000
on,run_02.json,232,0.693000
on,run_02.json,233,1.467000
on,run_02.json,234,0.659000
on,run_02.json,235,0.608000
on,run_02.json,236,0.690000
on,run_02.json,237,1.325000
on,run_02.json,238,9.780000
on,run_02.json,239,0.893000
on,run_02.json,240,0.812000
on,run_02.json,241,1.789000
on,run_02.json,242,0.710000
on,run_02.json,243,0.754000
on,run_02.json,244,0.744000
on,run_02.json,245,1.504000
on,run_02.json,246,9.314000
on,run_02.json,247,0.663000
on,run_02.json,248,1.009000
on,run_02.json,249,0.726000
on,run_02.json,250,1.531000
on,run_02.json,251,0.722000
on,run_02.json,252,0.722000
on,run_02.json,253,1.369000
on,run_02.json,254,9.896000
on,run_02.json,255,0.643000
on,run_02.json,256,1.047000
on,run_02.json,257,0.702000
on,run_02.json,258,1.495000
on,run_02.json,259,0.854000
on,run_02.json,260,0.715000
on,run_02.json,261,1.356000
on,run_02.json,262,9.984000
on,run_02.json,263,0.761000
on,run_02.json,264,0.963000
on,run_02.json,265,0.653000
on,run_02.json,266,1.591000
on,run_02.json,267,0.707000
on,run_02.json,268,0.670000
on,run_02.json,269,1.444000
on,run_02.json,270,9.765000
on,run_02.json,271,0.631000
on,run_02.json,272,1.029000
on,run_02.json,273,0.709000
on,run_02.json,274,1.519000
on,run_02.json,275,0.637000
on,run_02.json,276,0.698000
on,run_02.json,277,1.432000
on,run_02.json,278,9.939000
on,run_02.json,279,0.694000
on,run_02.json,280,0.922000
on,run_02.json,281,0.696000
on,run_02.json,282,1.515000
on,run_02.json,283,0.669000
on,run_02.json,284,0.669000
on,run_02.json,285,0.712000
on,run_02.json,286,11.596000
on,run_02.json,287,0.916000
on,run_02.json,288,0.862000
on,run_02.json,289,1.753000
on,run_02.json,290,0.705000
on,run_02.json,291,0.783000
on,run_02.json,292,0.617000
on,run_02.json,293,1.381000
on,run_02.json,294,10.339000
on,run_02.json,295,0.863000
on,run_02.json,296,0.841000
on,run_02.json,297,1.539000
on,run_02.json,298,0.742000
on,run_02.json,299,0.701000
on,run_02.json,300,0.721000
on,run_02.json,301,1.345000
on,run_02.json,302,10.366000
on,run_02.json,303,0.771000
on,run_02.json,304,0.886000
on,run_02.json,305,1.754000
on,run_02.json,306,0.690000
on,run_02.json,307,0.656000
on,run_02.json,308,0.760000
on,run_02.json,309,1.348000
on,run_02.json,310,8.203000
on,run_02.json,311,0.753000
on,run_02.json,312,1.043000
on,run_02.json,313,0.772000
on,run_02.json,314,1.478000
on,run_02.json,315,0.769000
on,run_02.json,316,0.734000
on,run_02.json,317,1.497000
on,run_02.json,318,9.423000
on,run_02.json,319,0.853000
on,run_02.json,320,0.892000
on,run_02.json,321,1.723000
on,run_02.json,322,0.899000
on,run_02.json,323,0.724000
on,run_02.json,324,0.681000
on,run_02.json,325,1.362000
on,run_02.json,326,12.129000
on,run_02.json,327,0.748000
on,run_02.json,328,1.156000
on,run_02.json,329,1.459000
on,run_02.json,330,0.758000
on,run_02.json,331,0.715000
on,run_02.json,332,0.890000
on,run_02.json,333,1.547000
on,run_02.json,334,10.635000
on,run_02.json,335,0.757000
on,run_02.json,336,0.994000
on,run_02.json,337,1.554000
on,run_02.json,338,0.701000
on,run_02.json,339,0.710000
on,run_02.json,340,0.609000
on,run_02.json,341,1.329000
on,run_02.json,342,10.176000
on,run_02.json,343,0.775000
on,run_02.json,344,0.819000
on,run_02.json,345,0.652000
on,run_02.json,346,1.508000
on,run_02.json,347,0.663000
on,run_02.json,348,0.667000
on,run_02.json,349,0.681000
on,run_02.json,350,10.729000
on,run_02.json,351,0.686000
on,run_02.json,352,0.981000
on,run_02.json,353,0.683000
on,run_02.json,354,1.509000
on,run_02.json,355,0.659000
on,run_02.json,356,0.602000
on,run_02.json,357,0.680000
on,run_02.json,358,1.297000
on,run_02.json,359,9.524000
on,run_02.json,360,0.725000
on,run_02.json,361,1.089000
on,run_02.json,362,1.522000
on,run_02.json,363,0.680000
on,run_02.json,364,1.891000
on,run_02.json,365,10.709000
on,run_02.json,366,0.724000
on,run_02.json,367,0.936000
on,run_02.json,368,0.668000
on,run_02.json,369,1.510000
on,run_02.json,370,0.859000
on,run_02.json,371,0.837000
on,run_02.json,372,1.442000
on,run_02.json,373,9.376000
on,run_02.json,374,2.253000
on,run_02.json,375,0.106000
on,run_02.json,376,1.116000
on,run_02.json,377,0.663000
on,run_02.json,378,0.625000
on,run_02.json,379,0.632000
on,run_02.json,380,1.383000
on,run_02.json,381,9.687000
on,run_02.json,382,0.854000
on,run_02.json,383,0.894000
on,run_02.json,384,1.593000
on,run_02.json,385,0.747000
on,run_02.json,386,0.635000
on,run_02.json,387,0.628000
on,run_02.json,388,1.293000
on,run_02.json,389,8.714000
on,run_02.json,390,0.658000
on,run_02.json,391,0.894000
on,run_02.json,392,0.624000
on,run_02.json,393,1.420000
on,run_02.json,394,0.642000
on,run_02.json,395,0.643000
on,run_02.json,396,0.622000
on,run_02.json,397,1.261000
on,run_02.json,398,8.152000
on,run_02.json,399,0.603000
on,run_02.json,400,1.007000
on,run_02.json,401,0.660000
on,run_02.json,402,1.445000
on,run_02.json,403,0.625000
on,run_02.json,404,0.614000
on,run_02.json,405,0.636000
on,run_02.json,406,1.285000
on,run_02.json,407,10.190000
on,run_02.json,408,0.699000
on,run_02.json,409,0.928000
on,run_02.json,410,0.686000
on,run_02.json,411,1.441000
on,run_02.json,412,0.681000
on,run_02.json,413,0.621000
on,run_02.json,414,0.615000
on,run_02.json,415,1.355000
on,run_02.json,416,10.712000
on,run_02.json,417,0.695000
on,run_02.json,418,0.966000
on,run_02.json,419,0.693000
on,run_02.json,420,1.462000
on,run_02.json,421,0.667000
on,run_02.json,422,0.685000
on,run_02.json,423,0.619000
on,run_02.json,424,1.291000
on,run_02.json,425,9.295000
on,run_02.json,426,0.674000
on,run_02.json,427,0.927000
on,run_02.json,428,0.641000
on,run_02.json,429,1.581000
on,run_02.json,430,0.631000
on,run_02.json,431,0.674000
on,run_02.json,432,0.641000
on,run_02.json,433,10.748000
on,run_02.json,434,0.649000
on,run_02.json,435,1.118000
on,run_02.json,436,0.749000
on,run_02.json,437,1.416000
on,run_02.json,438,0.650000
on,run_02.json,439,0.700000
on,run_02.json,440,0.613000
on,run_02.json,441,11.255000
on,run_02.json,442,0.709000
on,run_02.json,443,0.955000
on,run_02.json,444,0.653000
on,run_02.json,445,1.481000
on,run_02.json,446,0.687000
on,run_02.json,447,0.692000
on,run_02.json,448,0.636000
on,run_02.json,449,11.083000
on,run_02.json,450,0.653000
on,run_02.json,451,1.048000
on,run_02.json,452,0.712000
on,run_02.json,453,1.569000
on,run_02.json,454,0.692000
on,run_02.json,455,0.625000
on,run_02.json,456,0.599000
on,run_02.json,457,11.011000
on,run_02.json,458,0.726000
on,run_02.json,459,1.026000
on,run_02.json,460,1.646000
on,run_02.json,461,0.660000
on,run_02.json,462,0.849000
on,run_02.json,463,0.758000
on,run_02.json,464,11.565000
on,run_02.json,465,0.814000
on,run_02.json,466,0.878000
on,run_02.json,467,1.718000
on,run_02.json,468,0.665000
on,run_02.json,469,0.644000
on,run_02.json,470,0.700000
on,run_02.json,471,1.409000
on,run_02.json,472,10.179000
on,run_02.json,473,0.735000
on,run_02.json,474,0.984000
on,run_02.json,475,1.618000
on,run_02.json,476,0.707000
on,run_02.json,477,0.696000
on,run_02.json,478,0.633000
on,run_02.json,479,1.273000
on,run_02.json,480,10.473000
on,run_02.json,481,0.711000
on,run_02.json,482,0.874000
on,run_02.json,483,0.673000
on,run_02.json,484,1.429000
on,run_02.json,485,0.664000
on,run_02.json,486,0.669000
on,run_02.json,487,0.616000
on,run_02.json,488,1.544000
on,run_02.json,489,7.728000
on,run_02.json,490,0.692000
on,run_02.json,491,0.961000
on,run_02.json,492,0.681000
on,run_02.json,493,1.457000
on,run_02.json,494,0.681000
on,run_02.json,495,0.677000
on,run_02.json,496,0.604000
on,run_02.json,497,9.143000
on,run_02.json,498,0.693000
on,run_02.json,499,0.943000
on,run_02.json,500,0.662000
on,run_02.json,501,1.440000
on,run_02.json,502,0.620000
on,run_02.json,503,0.589000
on,run_02.json,504,0.654000
on,run_02.json,505,1.333000
on,run_02.json,506,9.578000
on,run_02.json,507,0.629000
on,run_02.json,508,0.933000
on,run_02.json,509,0.675000
on,run_02.json,510,1.431000
on,run_02.json,511,0.590000
on,run_02.json,512,0.648000
on,run_02.json,513,0.649000
on,run_02.json,514,1.283000
on,run_02.json,515,9.851000
on,run_02.json,516,0.634000
on,run_02.json,517,0.967000
on,run_02.json,518,0.683000
on,run_02.json,519,1.414000
on,run_02.json,520,0.647000
on,run_02.json,521,0.620000
on,run_02.json,522,0.583000
on,run_02.json,523,1.381000
on,run_02.json,524,9.706000
on,run_02.json,525,0.624000
on,run_02.json,526,0.960000
on,run_02.json,527,0.655000
on,run_02.json,528,1.487000
on,run_02.json,529,0.666000
on,run_02.json,530,0.630000
on,run_02.json,531,0.631000
on,run_02.json,532,1.250000
on,run_02.json,533,9.978000
on,run_02.json,534,0.666000
on,run_02.json,535,0.982000
on,run_02.json,536,0.686000
on,run_02.json,537,1.440000
on,run_02.json,538,0.670000
on,run_02.json,539,0.592000
on,run_02.json,540,0.663000
on,run_02.json,541,1.312000
on,run_02.json,542,11.094000
on,run_02.json,543,0.887000
on,run_02.json,544,0.869000
on,run_02.json,545,1.634000
on,run_02.json,546,0.670000
on,run_02.json,547,0.765000
on,run_02.json,548,0.686000
on,run_02.json,549,1.374000
on,run_02.json,550,10.361000
on,run_02.json,551,0.642000
on,run_02.json,552,1.008000
on,run_02.json,553,0.609000
on,run_02.json,554,1.510000
on,run_02.json,555,0.696000
on,run_02.json,556,0.634000
on,run_02.json,557,0.593000
on,run_02.json,558,1.365000
on,run_02.json,559,10.527000
on,run_02.json,560,0.713000
on,run_02.json,561,0.904000
on,run_02.json,562,0.618000
on,run_02.json,563,1.573000
on,run_02.json,564,0.669000
on,run_02.json,565,0.626000
on,run_02.json,566,0.697000
on,run_02.json,567,1.397000
on,run_02.json,568,10.038000
on,run_02.json,569,0.714000
on,run_02.json,570,1.002000
on,run_02.json,571,1.672000
on,run_02.json,572,0.658000
on,run_02.json,573,0.685000
on,run_02.json,574,0.689000
on,run_02.json,575,1.469000
on,run_02.json,576,10.623000
on,run_02.json,577,0.875000
on,run_02.json,578,0.957000
on,run_02.json,579,1.514000
on,run_02.json,580,0.666000
on,run_02.json,581,0.737000
on,run_02.json,582,0.621000
on,run_02.json,583,1.389000
on,run_02.json,584,10.032000
on,run_02.json,585,0.663000
on,run_02.json,586,1.008000
on,run_02.json,587,0.721000
on,run_02.json,588,1.448000
on,run_02.json,589,0.775000
on,run_02.json,590,0.726000
on,run_02.json,591,1.350000
on,run_02.json,592,9.956000
on,run_02.json,593,0.716000
on,run_02.json,594,0.955000
on,run_02.json,595,1.650000
on,run_02.json,596,0.666000
on,run_02.json,597,0.720000
on,run_02.json,598,0.712000
on,run_02.json,599,1.251000
on,run_02.json,600,8.862000
on,run_02.json,601,0.665000
on,run_02.json,602,0.975000
on,run_02.json,603,0.725000
on,run_02.json,604,1.449000
on,run_02.json,605,0.613000
on,run_02.json,606,0.672000
on,run_02.json,607,0.981000
on,run_02.json,608,10.007000
on,run_02.json,609,0.633000
on,run_02.json,610,0.974000
on,run_02.json,611,0.668000
on,run_02.json,612,1.500000
on,run_02.json,613,0.827000
on,run_02.json,614,0.662000
on,run_02.json,615,1.308000
on,run_02.json,616,9.245000
on,run_02.json,617,0.624000
on,run_02.json,618,0.918000
on,run_02.json,619,0.664000
on,run_02.json,620,1.408000
on,run_02.json,621,0.675000
on,run_02.json,622,0.667000
on,run_02.json,623,0.619000
on,run_02.json,624,1.337000
on,run_02.json,625,8.834000
on,run_02.json,626,0.688000
on,run_02.json,627,0.917000
on,run_02.json,628,0.670000
on,run_02.json,629,1.456000
on,run_02.json,630,0.620000
on,run_02.json,631,0.588000
on,run_02.json,632,0.631000
on,run_02.json,633,1.321000
on,run_02.json,634,8.763000
on,run_02.json,635,0.719000
on,run_02.json,636,1.064000
on,run_02.json,637,0.774000
on,run_02.json,638,1.356000
on,run_02.json,639,0.643000
on,run_02.json,640,0.580000
on,run_02.json,641,0.654000
on,run_02.json,642,10.812000
on,run_02.json,643,0.670000
on,run_02.json,644,1.001000
on,run_02.json,645,1.755000
on,run_02.json,646,0.688000
on,run_02.json,647,0.649000
on,run_02.json,648,0.647000
on,run_02.json,649,1.322000
on,run_02.json,650,10.082000
on,run_02.json,651,0.618000
on,run_02.json,652,1.126000
on,run_02.json,653,1.742000
on,run_02.json,654,0.632000
on,run_02.json,655,0.600000
on,run_02.json,656,0.603000
on,run_02.json,657,1.287000
on,run_02.json,658,9.898000
on,run_02.json,659,0.722000
on,run_02.json,660,0.809000
on,run_02.json,661,0.682000
on,run_02.json,662,1.410000
on,run_02.json,663,0.694000
on,run_02.json,664,0.669000
on,run_02.json,665,0.660000
on,run_02.json,666,1.248000
on,run_02.json,667,10.048000
on,run_02.json,668,0.864000
on,run_02.json,669,0.922000
on,run_02.json,670,1.386000
on,run_02.json,671,0.666000
on,run_02.json,672,0.670000
on,run_02.json,673,0.649000
on,run_02.json,674,0.640000
on,run_02.json,675,10.572000
on,run_02.json,676,0.626000
on,run_02.json,677,0.963000
on,run_02.json,678,0.668000
on,run_02.json,679,1.463000
on,run_02.json,680,0.702000
on,run_02.json,681,0.622000
on,run_02.json,682,0.661000
on,run_02.json,683,1.258000
on,run_02.json,684,9.778000
on,run_02.json,685,0.654000
on,run_02.json,686,0.959000
on,run_02.json,687,0.611000
on,run_02.json,688,1.459000
on,run_02.json,689,0.558000
on,run_02.json,690,0.663000
on,run_02.json,691,0.665000
on,run_02.json,692,1.279000
on,run_02.json,693,9.771000
on,run_02.json,694,0.732000
on,run_02.json,695,0.818000
on,run_02.json,696,0.632000
on,run_02.json,697,1.401000
on,run_02.json,698,0.663000
on,run_02.json,699,0.660000
on,run_02.json,700,0.558000
on,run_02.json,701,1.341000
on,run_02.json,702,9.907000
on,run_02.json,703,0.616000
on,run_02.json,704,0.950000
on,run_02.json,705,2.131000
on,run_02.json,706,0.621000
on,run_02.json,707,0.548000
on,run_02.json,708,0.649000
on,run_02.json,709,1.382000
on,run_02.json,710,9.659000
on,run_02.json,711,0.661000
on,run_02.json,712,1.042000
on,run_02.json,713,0.552000
on,run_02.json,714,1.503000
on,run_02.json,715,0.610000
on,run_02.json,716,1.988000
on,run_02.json,717,10.326000
on,run_02.json,718,0.615000
on,run_02.json,719,0.926000
on,run_02.json,720,0.583000
on,run_02.json,721,1.448000
on,run_02.json,722,0.619000
on,run_02.json,723,0.631000
on,run_02.json,724,0.623000
on,run_02.json,725,1.329000
on,run_02.json,726,9.806000
on,run_02.json,727,0.799000
on,run_02.json,728,0.867000
on,run_02.json,729,0.650000
on,run_02.json,730,1.542000
on,run_02.json,731,0.628000
on,run_02.json,732,0.670000
on,run_02.json,733,0.701000
on,run_02.json,734,0.691000
on,run_02.json,735,1.456000
on,run_02.json,736,8.659000
on,run_02.json,737,0.653000
on,run_02.json,738,1.028000
on,run_02.json,739,0.645000
on,run_02.json,740,1.540000
on,run_02.json,741,0.719000
on,run_02.json,742,0.708000
on,run_02.json,743,0.671000
on,run_02.json,744,0.667000
on,run_02.json,745,1.384000
on,run_02.json,746,8.659000
on,run_02.json,747,0.684000
on,run_02.json,748,0.925000
on,run_02.json,749,0.687000
on,run_02.json,750,1.440000
on,run_02.json,751,0.676000
on,run_02.json,752,0.669000
on,run_02.json,753,0.609000
on,run_02.json,754,1.409000
on,run_02.json,755,9.615000
on,run_02.json,756,0.666000
on,run_02.json,757,1.280000
on,run_02.json,758,0.867000
on,run_02.json,759,1.687000
on,run_02.json,760,0.879000
on,run_02.json,761,1.544000
on,run_02.json,762,9.903000
on,run_02.json,763,0.851000
on,run_02.json,764,0.997000
on,run_02.json,765,1.650000
on,run_02.json,766,0.760000
on,run_02.json,767,0.705000
on,run_02.json,768,0.682000
on,run_02.json,769,12.353000
on,run_02.json,770,0.705000
on,run_02.json,771,0.997000
on,run_02.json,772,0.753000
on,run_02.json,773,1.539000
on,run_02.json,774,0.716000
on,run_02.json,775,10.570000
on,run_02.json,776,0.722000
on,run_02.json,777,1.056000
on,run_02.json,778,0.704000
on,run_02.json,779,1.553000
on,run_02.json,780,0.759000
on,run_02.json,781,0.830000
on,run_02.json,782,1.472000
on,run_02.json,783,9.585000
on,run_02.json,784,0.859000
on,run_02.json,785,0.959000
on,run_02.json,786,1.454000
on,run_02.json,787,0.823000
on,run_02.json,788,0.823000
on,run_02.json,789,0.795000
on,run_02.json,790,0.813000
on,run_02.json,791,1.402000
on,run_02.json,792,8.614000
on,run_02.json,793,0.659000
on,run_02.json,794,0.978000
on,run_02.json,795,0.714000
on,run_02.json,796,1.519000
on,run_02.json,797,0.665000
on,run_02.json,798,0.693000
on,run_02.json,799,0.702000
on,run_02.json,800,0.738000
on,run_02.json,801,1.436000
on,run_02.json,802,8.726000
on,run_02.json,803,0.821000
on,run_02.json,804,0.983000
on,run_02.json,805,1.676000
on,run_02.json,806,0.755000
on,run_02.json,807,0.677000
on,run_02.json,808,0.815000
on,run_02.json,809,0.772000
on,run_02.json,810,1.401000
on,run_02.json,811,9.775000
on,run_02.json,812,0.748000
on,run_02.json,813,0.972000
on,run_02.json,814,0.707000
on,run_02.json,815,1.586000
on,run_02.json,816,0.686000
on,run_02.json,817,0.694000
on,run_02.json,818,0.638000
on,run_02.json,819,0.737000
on,run_02.json,820,10.639000
on,run_02.json,821,0.972000
on,run_02.json,822,1.078000
on,run_02.json,823,1.543000
on,run_02.json,824,0.975000
on,run_02.json,825,0.733000
on,run_02.json,826,1.604000
on,run_02.json,827,8.061000
on,run_02.json,828,0.735000
on,run_02.json,829,0.964000
on,run_02.json,830,0.663000
on,run_02.json,831,1.689000
on,run_02.json,832,0.659000
on,run_02.json,833,0.698000
on,run_02.json,834,0.707000
on,run_02.json,835,0.674000
on,run_02.json,836,9.618000
on,run_02.json,837,0.697000
on,run_02.json,838,1.047000
on,run_02.json,839,1.650000
on,run_02.json,840,0.701000
on,run_02.json,841,0.667000
on,run_02.json,842,0.629000
on,run_02.json,843,0.660000
on,run_02.json,844,0.663000
on,run_02.json,845,1.228000
on,run_02.json,846,8.853000
on,run_02.json,847,0.659000
on,run_02.json,848,0.942000
on,run_02.json,849,0.721000
on,run_02.json,850,1.512000
on,run_02.json,851,0.666000
on,run_02.json,852,0.787000
on,run_02.json,853,1.417000
on,run_02.json,854,13.974000
on,run_02.json,855,0.921000
on,run_02.json,856,1.001000
on,run_02.json,857,1.627000
on,run_02.json,858,0.868000
on,run_02.json,859,0.873000
on,run_02.json,860,0.783000
on,run_02.json,861,1.511000
on,run_02.json,862,9.101000
on,run_02.json,863,0.829000
on,run_02.json,864,0.930000
on,run_02.json,865,1.687000
on,run_02.json,866,0.741000
on,run_02.json,867,0.715000
on,run_02.json,868,0.711000
on,run_02.json,869,0.644000
on,run_02.json,870,1.428000
on,run_02.json,871,8.946000
on,run_02.json,872,0.943000
on,run_02.json,873,1.004000
on,run_02.json,874,1.744000
on,run_02.json,875,0.916000
on,run_02.json,876,0.894000
on,run_02.json,877,0.915000
on,run_02.json,878,1.534000
on,run_02.json,879,8.843000
on,run_02.json,880,0.746000
on,run_02.json,881,0.937000
on,run_02.json,882,1.622000
on,run_02.json,883,0.895000
on,run_02.json,884,0.659000
on,run_02.json,885,0.688000
on,run_02.json,886,0.857000
on,run_02.json,887,1.499000
on,run_02.json,888,8.302000
on,run_02.json,889,0.683000
on,run_02.json,890,0.950000
on,run_02.json,891,0.665000
on,run_02.json,892,1.528000
on,run_02.json,893,0.657000
on,run_02.json,894,0.688000
on,run_02.json,895,0.682000
on,run_02.json,896,0.656000
on,run_02.json,897,1.512000
on,run_02.json,898,8.269000
on,run_02.json,899,0.635000
on,run_02.json,900,1.062000
on,run_02.json,901,0.652000
on,run_02.json,902,1.524000
on,run_02.json,903,0.684000
on,run_02.json,904,0.633000
on,run_02.json,905,0.625000
on,run_02.json,906,0.627000
on,run_02.json,907,1.467000
on,run_02.json,908,8.385000
on,run_02.json,909,0.711000
on,run_02.json,910,0.869000
on,run_02.json,911,0.612000
on,run_02.json,912,1.487000
on,run_02.json,913,0.621000
on,run_02.json,914,0.667000
on,run_02.json,915,0.668000
on,run_02.json,916,0.623000
on,run_02.json,917,0.609000
on,run_02.json,918,8.336000
on,run_02.json,919,0.635000
on,run_02.json,920,0.938000
on,run_02.json,921,0.753000
on,run_02.json,922,2.074000
on,run_02.json,923,0.766000
on,run_02.json,924,0.696000
on,run_02.json,925,0.697000
on,run_02.json,926,8.866000
on,run_02.json,927,0.769000
on,run_02.json,928,0.936000
on,run_02.json,929,0.735000
on,run_02.json,930,1.576000
on,run_02.json,931,0.700000
on,run_02.json,932,0.694000
on,run_02.json,933,0.698000
on,run_02.json,934,1.758000
on,run_02.json,935,10.415000
on,run_02.json,936,0.926000
on,run_02.json,937,0.797000
on,run_02.json,938,0.705000
on,run_02.json,939,1.821000
on,run_02.json,940,0.816000
on,run_02.json,941,0.813000
on,run_02.json,942,0.854000
on,run_02.json,943,9.859000
on,run_02.json,944,0.867000
on,run_02.json,945,0.956000
on,run_02.json,946,1.814000
on,run_02.json,947,0.795000
on,run_02.json,948,0.820000
on,run_02.json,949,0.777000
on,run_02.json,950,1.539000
on,run_02.json,951,8.859000
on,run_02.json,952,1.137000
on,run_02.json,953,0.807000
on,run_02.json,954,1.520000
on,run_02.json,955,0.922000
on,run_02.json,956,0.858000
on,run_02.json,957,0.786000
on,run_02.json,958,1.520000
on,run_02.json,959,9.179000
on,run_02.json,960,0.884000
on,run_02.json,961,0.921000
on,run_02.json,962,1.565000
on,run_02.json,963,0.780000
on,run_02.json,964,0.786000
on,run_02.json,965,0.695000
on,run_02.json,966,0.673000
on,run_02.json,967,1.510000
on,run_02.json,968,9.023000
on,run_02.json,969,0.895000
on,run_02.json,970,0.911000
on,run_02.json,971,1.654000
on,run_02.json,972,0.922000
on,run_02.json,973,0.889000
on,run_02.json,974,1.058000
on,run_02.json,975,1.590000
on,run_02.json,976,8.843000
on,run_02.json,977,0.923000
on,run_02.json,978,0.827000
on,run_02.json,979,0.686000
on,run_02.json,980,1.508000
on,run_02.json,981,0.632000
on,run_02.json,982,0.700000
on,run_02.json,983,0.705000
on,run_02.json,984,0.659000
on,run_02.json,985,1.374000
on,run_02.json,986,9.061000
on,run_02.json,987,0.680000
on,run_02.json,988,0.964000
on,run_02.json,989,0.618000
on,run_02.json,990,1.567000
on,run_02.json,991,0.663000
on,run_02.json,992,0.709000
on,run_02.json,993,0.662000
on,run_02.json,994,0.667000
on,run_02.json,995,1.492000
on,run_02.json,996,9.314000
on,run_02.json,997,0.673000
on,run_02.json,998,1.045000
on,run_02.json,999,0.635000
on,run_02.json,1000,1.564000
on,run_02.json,1001,0.648000
on,run_02.json,1002,0.579000
on,run_02.json,1003,0.647000
on,run_02.json,1004,0.647000
on,run_02.json,1005,1.274000
on,run_02.json,1006,9.527000
on,run_02.json,1007,0.658000
on,run_02.json,1008,0.965000
on,run_02.json,1009,0.681000
on,run_02.json,1010,1.463000
on,run_02.json,1011,0.659000
on,run_02.json,1012,0.645000
on,run_02.json,1013,0.699000
on,run_02.json,1014,0.696000
on,run_02.json,1015,1.308000
on,run_02.json,1016,7.197000
on,run_02.json,1017,0.741000
on,run_02.json,1018,0.990000
on,run_02.json,1019,1.641000
on,run_02.json,1020,0.652000
on,run_02.json,1021,0.803000
on,run_02.json,1022,0.699000
on,run_02.json,1023,0.682000
on,run_02.json,1024,0.670000
on,run_02.json,1025,8.143000
on,run_02.json,1026,0.713000
on,run_02.json,1027,0.964000
on,run_02.json,1028,0.696000
on,run_02.json,1029,1.578000
on,run_02.json,1030,0.795000
on,run_02.json,1031,0.728000
on,run_02.json,1032,0.639000
on,run_02.json,1033,0.797000
on,run_02.json,1034,9.649000
on,run_02.json,1035,1.266000
on,run_02.json,1036,0.845000
on,run_02.json,1037,1.489000
on,run_02.json,1038,0.902000
on,run_02.json,1039,0.888000
on,run_02.json,1040,0.958000
on,run_02.json,1041,1.626000
on,run_02.json,1042,8.873000
on,run_02.json,1043,1.235000
on,run_02.json,1044,0.910000
on,run_02.json,1045,1.516000
on,run_02.json,1046,1.968000
on,run_02.json,1047,0.707000
on,run_02.json,1048,1.440000
on,run_02.json,1049,8.791000
on,run_02.json,1050,1.032000
on,run_02.json,1051,0.990000
on,run_02.json,1052,1.591000
on,run_02.json,1053,1.051000
on,run_02.json,1054,0.972000
on,run_02.json,1055,0.908000
on,run_02.json,1056,1.508000
on,run_02.json,1057,10.670000
on,run_02.json,1058,0.799000
on,run_02.json,1059,1.411000
on,run_02.json,1060,0.813000
on,run_02.json,1061,0.897000
on,run_02.json,1062,0.936000
on,run_02.json,1063,1.616000
on,run_02.json,1064,9.570000
on,run_02.json,1065,0.912000
on,run_02.json,1066,1.052000
on,run_02.json,1067,1.307000
on,run_02.json,1068,0.830000
on,run_02.json,1069,0.743000
on,run_02.json,1070,0.811000
on,run_02.json,1071,0.711000
on,run_02.json,1072,1.542000
on,run_02.json,1073,9.202000
on,run_02.json,1074,1.134000
on,run_02.json,1075,1.073000
on,run_02.json,1076,1.360000
on,run_02.json,1077,0.893000
on,run_02.json,1078,0.775000
on,run_02.json,1079,0.728000
on,run_02.json,1080,0.712000
on,run_02.json,1081,10.996000
on,run_02.json,1082,0.915000
on,run_02.json,1083,0.924000
on,run_02.json,1084,1.542000
on,run_02.json,1085,0.836000
on,run_02.json,1086,0.740000
on,run_02.json,1087,0.724000
on,run_02.json,1088,0.669000
on,run_02.json,1089,1.496000
on,run_02.json,1090,9.325000
on,run_02.json,1091,0.739000
on,run_02.json,1092,1.036000
on,run_02.json,1093,0.800000
on,run_02.json,1094,1.566000
on,run_02.json,1095,0.745000
on,run_02.json,1096,0.693000
on,run_02.json,1097,0.617000
on,run_02.json,1098,0.713000
on,run_02.json,1099,10.298000
on,run_02.json,1100,0.705000
on,run_02.json,1101,0.981000
on,run_02.json,1102,0.691000
on,run_02.json,1103,1.549000
on,run_02.json,1104,0.713000
on,run_02.json,1105,0.699000
on,run_02.json,1106,0.732000
on,run_02.json,1107,0.717000
on,run_02.json,1108,10.352000
on,run_02.json,1109,0.712000
on,run_02.json,1110,1.010000
on,run_02.json,1111,0.706000
on,run_02.json,1112,1.482000
on,run_02.json,1113,0.694000
on,run_02.json,1114,0.675000
on,run_02.json,1115,0.600000
on,run_02.json,1116,0.626000
on,run_02.json,1117,1.380000
on,run_02.json,1118,8.578000
on,run_02.json,1119,0.619000
on,run_02.json,1120,0.991000
on,run_02.json,1121,0.675000
on,run_02.json,1122,1.444000
on,run_02.json,1123,0.644000
on,run_02.json,1124,0.634000
on,run_02.json,1125,0.665000
on,run_02.json,1126,0.675000
on,run_02.json,1127,1.339000
on,run_02.json,1128,7.583000
on,run_02.json,1129,0.646000
on,run_02.json,1130,0.993000
on,run_02.json,1131,0.590000
on,run_02.json,1132,1.537000
on,run_02.json,1133,0.627000
on,run_02.json,1134,0.666000
on,run_02.json,1135,0.647000
on,run_02.json,1136,0.643000
on,run_02.json,1137,1.287000
on,run_02.json,1138,8.296000
on,run_02.json,1139,0.633000
on,run_02.json,1140,0.960000
on,run_02.json,1141,0.592000
on,run_02.json,1142,1.560000
on,run_02.json,1143,0.612000
on,run_02.json,1144,0.760000
on,run_02.json,1145,0.763000
on,run_02.json,1146,0.772000
on,run_02.json,1147,1.230000
on,run_02.json,1148,7.771000
on,run_02.json,1149,0.638000
on,run_02.json,1150,0.970000
on,run_02.json,1151,1.844000
on,run_02.json,1152,0.756000
on,run_02.json,1153,0.751000
on,run_02.json,1154,0.636000
on,run_02.json,1155,0.717000
on,run_02.json,1156,1.241000
on,run_02.json,1157,7.848000
on,run_02.json,1158,0.733000
on,run_02.json,1159,0.997000
on,run_02.json,1160,1.571000
on,run_02.json,1161,0.696000
on,run_02.json,1162,0.669000
on,run_02.json,1163,0.612000
on,run_02.json,1164,0.667000
on,run_02.json,1165,0.650000
on,run_02.json,1166,1.174000
on,run_02.json,1167,8.723000
on,run_02.json,1168,0.694000
on,run_02.json,1169,0.934000
on,run_02.json,1170,1.660000
on,run_02.json,1171,0.674000
on,run_02.json,1172,0.625000
on,run_02.json,1173,0.612000
on,run_02.json,1174,0.569000
on,run_02.json,1175,0.656000
on,run_02.json,1176,1.226000
on,run_02.json,1177,9.209000
on,run_02.json,1178,0.735000
on,run_02.json,1179,0.935000
on,run_02.json,1180,0.694000
on,run_02.json,1181,1.387000
on,run_02.json,1182,0.605000
on,run_02.json,1183,0.651000
on,run_02.json,1184,0.684000
on,run_02.json,1185,0.623000
on,run_02.json,1186,1.325000
on,run_02.json,1187,8.932000
on,run_02.json,1188,0.653000
on,run_02.json,1189,0.931000
on,run_02.json,1190,0.601000
on,run_02.json,1191,1.495000
on,run_02.json,1192,0.570000
on,run_02.json,1193,0.661000
on,run_02.json,1194,0.618000
on,run_02.json,1195,0.650000
on,run_02.json,1196,0.629000
on,run_02.json,1197,9.881000
on,run_02.json,1198,0.748000
on,run_02.json,1199,0.804000
on,run_02.json,1200,0.667000
on,run_02.json,1201,1.358000
on,run_02.json,1202,0.655000
on,run_02.json,1203,0.587000
on,run_02.json,1204,0.640000
on,run_02.json,1205,0.619000
on,run_02.json,1206,0.587000
on,run_02.json,1207,1.313000
on,run_02.json,1208,8.619000
on,run_02.json,1209,0.669000
on,run_02.json,1210,0.900000
on,run_02.json,1211,0.614000
on,run_02.json,1212,1.441000
on,run_02.json,1213,0.858000
on,run_02.json,1214,0.583000
on,run_02.json,1215,0.609000
on,run_02.json,1216,0.628000
on,run_02.json,1217,0.582000
on,run_02.json,1218,9.912000
on,run_02.json,1219,0.613000
on,run_02.json,1220,0.916000
on,run_02.json,1221,0.561000
on,run_02.json,1222,1.517000
on,run_02.json,1223,0.551000
on,run_02.json,1224,0.607000
on,run_02.json,1225,0.665000
on,run_02.json,1226,0.652000
on,run_02.json,1227,0.615000
on,run_02.json,1228,1.341000
on,run_02.json,1229,8.458000
on,run_02.json,1230,0.623000
on,run_02.json,1231,0.938000
on,run_02.json,1232,0.669000
on,run_02.json,1233,1.363000
on,run_02.json,1234,0.630000
on,run_02.json,1235,0.597000
on,run_02.json,1236,0.662000
on,run_02.json,1237,0.639000
on,run_02.json,1238,0.597000
on,run_02.json,1239,1.247000
on,run_02.json,1240,8.698000
on,run_02.json,1241,0.666000
on,run_02.json,1242,0.905000
on,run_02.json,1243,0.554000
on,run_02.json,1244,1.565000
on,run_02.json,1245,0.582000
on,run_02.json,1246,0.701000
on,run_02.json,1247,0.656000
on,run_02.json,1248,0.586000
on,run_02.json,1249,0.649000
on,run_02.json,1250,9.976000
on,run_02.json,1251,0.774000
on,run_02.json,1252,0.930000
on,run_02.json,1253,0.763000
on,run_02.json,1254,1.455000
on,run_02.json,1255,0.670000
on,run_02.json,1256,0.611000
on,run_02.json,1257,0.678000
on,run_02.json,1258,0.683000
on,run_02.json,1259,1.316000
on,run_02.json,1260,8.675000
on,run_02.json,1261,0.640000
on,run_02.json,1262,0.960000
on,run_02.json,1263,0.701000
on,run_02.json,1264,1.510000
on,run_02.json,1265,0.700000
on,run_02.json,1266,0.854000
on,run_02.json,1267,0.690000
on,run_02.json,1268,0.649000
on,run_02.json,1269,1.334000
on,run_02.json,1270,8.627000
on,run_02.json,1271,0.741000
on,run_02.json,1272,0.983000
on,run_02.json,1273,0.732000
on,run_02.json,1274,1.449000
on,run_02.json,1275,0.717000
on,run_02.json,1276,0.728000
on,run_02.json,1277,0.689000
on,run_02.json,1278,0.713000
on,run_02.json,1279,1.378000
on,run_02.json,1280,8.685000
on,run_02.json,1281,0.929000
on,run_02.json,1282,0.832000
on,run_02.json,1283,1.837000
on,run_02.json,1284,0.702000
on,run_02.json,1285,0.706000
on,run_02.json,1286,0.635000
on,run_02.json,1287,0.719000
on,run_02.json,1288,1.373000
on,run_02.json,1289,8.790000
on,run_02.json,1290,0.633000
on,run_02.json,1291,0.976000
on,run_02.json,1292,0.694000
on,run_02.json,1293,1.510000
on,run_02.json,1294,0.685000
on,run_02.json,1295,0.701000
on,run_02.json,1296,0.640000
on,run_02.json,1297,0.673000
on,run_02.json,1298,1.330000
on,run_02.json,1299,8.868000
on,run_02.json,1300,0.778000
on,run_02.json,1301,0.999000
on,run_02.json,1302,1.721000
on,run_02.json,1303,0.838000
on,run_02.json,1304,0.681000
on,run_02.json,1305,0.710000
on,run_02.json,1306,0.726000
on,run_02.json,1307,1.364000
on,run_02.json,1308,8.765000
on,run_02.json,1309,0.745000
on,run_02.json,1310,1.068000
on,run_02.json,1311,1.639000
on,run_02.json,1312,0.674000
on,run_02.json,1313,0.740000
on,run_02.json,1314,0.741000
on,run_02.json,1315,0.674000
on,run_02.json,1316,1.366000
on,run_02.json,1317,9.046000
on,run_02.json,1318,0.667000
on,run_02.json,1319,0.967000
on,run_02.json,1320,0.723000
on,run_02.json,1321,1.544000
on,run_02.json,1322,0.776000
on,run_02.json,1323,0.696000
on,run_02.json,1324,0.685000
on,run_02.json,1325,0.691000
on,run_02.json,1326,9.877000
on,run_02.json,1327,0.651000
on,run_02.json,1328,1.029000
on,run_02.json,1329,0.700000
on,run_02.json,1330,1.559000
on,run_02.json,1331,0.856000
on,run_02.json,1332,0.872000
on,run_02.json,1333,0.869000
on,run_02.json,1334,1.414000
on,run_02.json,1335,9.880000
on,run_02.json,1336,0.886000
on,run_02.json,1337,1.056000
on,run_02.json,1338,1.442000
on,run_02.json,1339,0.732000
on,run_02.json,1340,0.807000
on,run_02.json,1341,0.800000
on,run_02.json,1342,0.835000
on,run_02.json,1343,1.335000
on,run_02.json,1344,9.447000
on,run_02.json,1345,0.790000
on,run_02.json,1346,0.994000
on,run_02.json,1347,1.587000
on,run_02.json,1348,0.729000
on,run_02.json,1349,0.646000
on,run_02.json,1350,0.730000
on,run_02.json,1351,0.730000
on,run_02.json,1352,0.671000
on,run_02.json,1353,8.194000
on,run_02.json,1354,0.801000
on,run_02.json,1355,0.918000
on,run_02.json,1356,1.578000
on,run_02.json,1357,0.939000
on,run_02.json,1358,0.761000
on,run_02.json,1359,0.667000
on,run_02.json,1360,0.730000
on,run_02.json,1361,1.444000
on,run_02.json,1362,8.746000
on,run_02.json,1363,0.772000
on,run_02.json,1364,0.967000
on,run_02.json,1365,0.674000
on,run_02.json,1366,1.495000
on,run_02.json,1367,0.703000
on,run_02.json,1368,0.685000
on,run_02.json,1369,0.720000
on,run_02.json,1370,0.704000
on,run_02.json,1371,9.791000
on,run_02.json,1372,0.695000
on,run_02.json,1373,0.934000
on,run_02.json,1374,0.709000
on,run_02.json,1375,1.442000
on,run_02.json,1376,0.732000
on,run_02.json,1377,0.718000
on,run_02.json,1378,0.682000
on,run_02.json,1379,0.687000
on,run_02.json,1380,1.443000
on,run_02.json,1381,12.554000
on,run_02.json,1382,0.754000
on,run_02.json,1383,0.995000
on,run_02.json,1384,0.779000
on,run_02.json,1385,1.558000
on,run_02.json,1386,0.687000
on,run_02.json,1387,1.944000
on,run_02.json,1388,1.226000
on,run_02.json,1389,8.833000
on,run_02.json,1390,0.739000
on,run_02.json,1391,1.025000
on,run_02.json,1392,1.656000
on,run_02.json,1393,0.756000
on,run_02.json,1394,0.736000
on,run_02.json,1395,0.749000
on,run_02.json,1396,0.645000
on,run_02.json,1397,1.437000
on,run_02.json,1398,10.310000
on,run_02.json,1399,0.548000
on,run_02.json,1400,1.539000
on,run_02.json,1401,0.725000
on,run_02.json,1402,0.736000
on,run_02.json,1403,0.675000
on,run_02.json,1404,0.708000
on,run_02.json,1405,1.310000
on,run_02.json,1406,8.988000
on,run_02.json,1407,0.714000
on,run_02.json,1408,0.929000
on,run_02.json,1409,0.689000
on,run_02.json,1410,1.531000
on,run_02.json,1411,0.709000
on,run_02.json,1412,0.723000
on,run_02.json,1413,0.623000
on,run_02.json,1414,0.676000
on,run_02.json,1415,1.270000
on,run_02.json,1416,8.444000
on,run_02.json,1417,0.632000
on,run_02.json,1418,0.973000
on,run_02.json,1419,1.622000
on,run_02.json,1420,0.683000
on,run_02.json,1421,0.649000
on,run_02.json,1422,0.641000
on,run_02.json,1423,0.646000
on,run_02.json,1424,0.680000
on,run_02.json,1425,1.325000
on,run_02.json,1426,8.390000
on,run_02.json,1427,0.727000
on,run_02.json,1428,0.700000
on,run_02.json,1429,0.649000
on,run_02.json,1430,1.992000
on,run_02.json,1431,0.690000
on,run_02.json,1432,0.649000
on,run_02.json,1433,0.680000
on,run_02.json,1434,0.717000
on,run_02.json,1435,9.263000
on,run_02.json,1436,0.651000
on,run_02.json,1437,1.033000
on,run_02.json,1438,0.619000
on,run_02.json,1439,1.549000
on,run_02.json,1440,0.682000
on,run_02.json,1441,0.702000
on,run_02.json,1442,0.724000
on,run_02.json,1443,0.660000
on,run_02.json,1444,1.353000
on,run_02.json,1445,6.956000
on,run_02.json,1446,0.628000
on,run_02.json,1447,0.987000
on,run_02.json,1448,0.677000
on,run_02.json,1449,1.493000
on,run_02.json,1450,0.637000
on,run_02.json,1451,0.707000
on,run_02.json,1452,0.732000
on,run_02.json,1453,0.609000
on,run_02.json,1454,1.437000
on,run_02.json,1455,8.502000
on,run_02.json,1456,0.715000
on,run_02.json,1457,0.928000
on,run_02.json,1458,0.819000
on,run_02.json,1459,1.444000
on,run_02.json,1460,0.761000
on,run_02.json,1461,0.673000
on,run_02.json,1462,0.634000
on,run_02.json,1463,0.748000
on,run_02.json,1464,1.349000
on,run_02.json,1465,9.892000
on,run_02.json,1466,0.721000
on,run_02.json,1467,0.958000
on,run_02.json,1468,0.683000
on,run_02.json,1469,1.593000
on,run_02.json,1470,0.748000
on,run_02.json,1471,0.731000
on,run_02.json,1472,0.610000
on,run_02.json,1473,0.703000
on,run_02.json,1474,9.411000
on,run_02.json,1475,0.786000
on,run_02.json,1476,0.904000
on,run_02.json,1477,0.677000
on,run_02.json,1478,1.487000
on,run_02.json,1479,0.741000
on,run_02.json,1480,0.680000
on,run_02.json,1481,0.631000
on,run_02.json,1482,0.671000
on,run_02.json,1483,1.476000
on,run_02.json,1484,8.845000
on,run_02.json,1485,0.782000
on,run_02.json,1486,0.945000
on,run_02.json,1487,0.761000
on,run_02.json,1488,1.435000
on,run_02.json,1489,0.710000
on,run_02.json,1490,0.705000
on,run_02.json,1491,0.642000
on,run_02.json,1492,0.738000
on,run_02.json,1493,1.359000
on,run_02.json,1494,8.947000
on,run_02.json,1495,0.968000
on,run_02.json,1496,0.772000
on,run_02.json,1497,1.660000
on,run_02.json,1498,0.681000
on,run_02.json,1499,0.757000
on,run_02.json,1500,0.721000
on,run_02.json,1501,0.722000
on,run_02.json,1502,1.306000
on,run_02.json,1503,9.132000
on,run_02.json,1504,0.811000
on,run_02.json,1505,0.727000
on,run_02.json,1506,0.676000
on,run_02.json,1507,1.899000
on,run_02.json,1508,0.707000
on,run_02.json,1509,0.681000
on,run_02.json,1510,0.665000
on,run_02.json,1511,0.671000
on,run_02.json,1512,10.524000
on,run_02.json,1513,0.673000
on,run_02.json,1514,1.022000
on,run_02.json,1515,1.699000
on,run_02.json,1516,0.632000
on,run_02.json,1517,0.725000
on,run_02.json,1518,0.702000
on,run_02.json,1519,0.690000
on,run_02.json,1520,0.639000
on,run_02.json,1521,10.352000
on,run_02.json,1522,0.679000
on,run_02.json,1523,0.919000
on,run_02.json,1524,0.614000
on,run_02.json,1525,1.464000
on,run_02.json,1526,0.639000
on,run_02.json,1527,0.630000
on,run_02.json,1528,0.655000
on,run_02.json,1529,0.673000
on,run_02.json,1530,1.309000
on,run_02.json,1531,9.341000
on,run_02.json,1532,0.629000
on,run_02.json,1533,0.977000
on,run_02.json,1534,0.667000
on,run_02.json,1535,1.412000
on,run_02.json,1536,0.673000
on,run_02.json,1537,0.651000
on,run_02.json,1538,0.680000
on,run_02.json,1539,0.933000
on,run_02.json,1540,8.484000
on,run_02.json,1541,0.690000
on,run_02.json,1542,1.015000
on,run_02.json,1543,0.723000
on,run_02.json,1544,1.554000
on,run_02.json,1545,0.792000
on,run_02.json,1546,0.781000
on,run_02.json,1547,0.679000
on,run_02.json,1548,0.675000
on,run_02.json,1549,8.173000
on,run_02.json,1550,0.640000
on,run_02.json,1551,0.947000
on,run_02.json,1552,0.705000
on,run_02.json,1553,1.411000
on,run_02.json,1554,0.623000
on,run_02.json,1555,0.696000
on,run_02.json,1556,0.583000
on,run_02.json,1557,0.681000
on,run_02.json,1558,1.376000
on,run_02.json,1559,8.789000
on,run_02.json,1560,0.797000
on,run_02.json,1561,0.894000
on,run_02.json,1562,1.590000
on,run_02.json,1563,0.881000
on,run_02.json,1564,0.741000
on,run_02.json,1565,0.829000
on,run_02.json,1566,0.688000
on,run_02.json,1567,1.296000
on,run_02.json,1568,8.837000
on,run_02.json,1569,0.717000
on,run_02.json,1570,0.887000
on,run_02.json,1571,0.725000
on,run_02.json,1572,1.374000
on,run_02.json,1573,0.711000
on,run_02.json,1574,0.722000
on,run_02.json,1575,0.639000
on,run_02.json,1576,0.741000
on,run_02.json,1577,1.349000
on,run_02.json,1578,8.987000
on,run_02.json,1579,0.761000
on,run_02.json,1580,0.894000
on,run_02.json,1581,1.618000
on,run_02.json,1582,0.698000
on,run_02.json,1583,0.795000
on,run_02.json,1584,0.622000
on,run_02.json,1585,0.629000
on,run_02.json,1586,0.632000
on,run_02.json,1587,1.441000
on,run_02.json,1588,9.913000
on,run_02.json,1589,0.753000
on,run_02.json,1590,0.915000
on,run_02.json,1591,0.713000
on,run_02.json,1592,1.478000
on,run_02.json,1593,0.695000
on,run_02.json,1594,0.683000
on,run_02.json,1595,0.624000
on,run_02.json,1596,0.765000
on,run_02.json,1597,1.428000
on,run_02.json,1598,9.293000
on,run_02.json,1599,0.003000
on,run_03.json,0,14.519000
on,run_03.json,1,0.771000
on,run_03.json,2,1.172000
on,run_03.json,3,2.475000
on,run_03.json,4,12.556000
on,run_03.json,5,0.791000
on,run_03.json,6,1.018000
on,run_03.json,7,15.535000
on,run_03.json,8,0.668000
on,run_03.json,9,0.996000
on,run_03.json,10,0.668000
on,run_03.json,11,14.784000
on,run_03.json,12,1.063000
on,run_03.json,13,0.986000
on,run_03.json,14,15.113000
on,run_03.json,15,0.973000
on,run_03.json,16,0.695000
on,run_03.json,17,0.607000
on,run_03.json,18,14.352000
on,run_03.json,19,0.622000
on,run_03.json,20,1.001000
on,run_03.json,21,0.757000
on,run_03.json,22,14.869000
on,run_03.json,23,2.293000
on,run_03.json,24,15.043000
on,run_03.json,25,1.161000
on,run_03.json,26,1.160000
on,run_03.json,27,14.286000
on,run_03.json,28,1.024000
on,run_03.json,29,0.864000
on,run_03.json,30,15.009000
on,run_03.json,31,0.943000
on,run_03.json,32,1.054000
on,run_03.json,33,3.096000
on,run_03.json,34,11.798000
on,run_03.json,35,0.735000
on,run_03.json,36,0.977000
on,run_03.json,37,0.790000
on,run_03.json,38,14.324000
on,run_03.json,39,0.708000
on,run_03.json,40,1.094000
on,run_03.json,41,15.287000
on,run_03.json,42,0.899000
on,run_03.json,43,1.141000
on,run_03.json,44,1.634000
on,run_03.json,45,13.416000
on,run_03.json,46,1.542000
on,run_03.json,47,1.913000
on,run_03.json,48,1.739000
on,run_03.json,49,11.622000
on,run_03.json,50,1.278000
on,run_03.json,51,1.110000
on,run_03.json,52,1.150000
on,run_03.json,53,1.629000
on,run_03.json,54,11.779000
on,run_03.json,55,1.481000
on,run_03.json,56,0.778000
on,run_03.json,57,2.213000
on,run_03.json,58,11.948000
on,run_03.json,59,0.852000
on,run_03.json,60,0.863000
on,run_03.json,61,1.761000
on,run_03.json,62,1.493000
on,run_03.json,63,11.797000
on,run_03.json,64,0.736000
on,run_03.json,65,0.985000
on,run_03.json,66,1.089000
on,run_03.json,67,1.108000
on,run_03.json,68,12.397000
on,run_03.json,69,0.798000
on,run_03.json,70,1.068000
on,run_03.json,71,1.705000
on,run_03.json,72,1.405000
on,run_03.json,73,10.495000
on,run_03.json,74,0.761000
on,run_03.json,75,1.136000
on,run_03.json,76,1.876000
on,run_03.json,77,1.299000
on,run_03.json,78,11.485000
on,run_03.json,79,0.719000
on,run_03.json,80,0.974000
on,run_03.json,81,0.744000
on,run_03.json,82,1.386000
on,run_03.json,83,12.523000
on,run_03.json,84,0.719000
on,run_03.json,85,0.910000
on,run_03.json,86,0.719000
on,run_03.json,87,1.556000
on,run_03.json,88,12.162000
on,run_03.json,89,0.669000
on,run_03.json,90,1.156000
on,run_03.json,91,1.717000
on,run_03.json,92,1.563000
on,run_03.json,93,11.249000
on,run_03.json,94,0.772000
on,run_03.json,95,1.038000
on,run_03.json,96,1.842000
on,run_03.json,97,1.413000
on,run_03.json,98,10.876000
on,run_03.json,99,0.871000
on,run_03.json,100,0.824000
on,run_03.json,101,0.718000
on,run_03.json,102,1.446000
on,run_03.json,103,11.841000
on,run_03.json,104,0.934000
on,run_03.json,105,0.821000
on,run_03.json,106,0.830000
on,run_03.json,107,2.136000
on,run_03.json,108,11.794000
on,run_03.json,109,0.869000
on,run_03.json,110,0.704000
on,run_03.json,111,1.736000
on,run_03.json,112,1.438000
on,run_03.json,113,11.930000
on,run_03.json,114,0.777000
on,run_03.json,115,0.945000
on,run_03.json,116,1.671000
on,run_03.json,117,1.338000
on,run_03.json,118,12.085000
on,run_03.json,119,1.064000
on,run_03.json,120,1.058000
on,run_03.json,121,1.082000
on,run_03.json,122,1.507000
on,run_03.json,123,11.979000
on,run_03.json,124,1.447000
on,run_03.json,125,0.716000
on,run_03.json,126,1.516000
on,run_03.json,127,12.974000
on,run_03.json,128,1.325000
on,run_03.json,129,0.855000
on,run_03.json,130,1.500000
on,run_03.json,131,12.973000
on,run_03.json,132,1.289000
on,run_03.json,133,0.647000
on,run_03.json,134,1.515000
on,run_03.json,135,1.431000
on,run_03.json,136,11.767000
on,run_03.json,137,0.875000
on,run_03.json,138,0.908000
on,run_03.json,139,1.473000
on,run_03.json,140,1.434000
on,run_03.json,141,12.107000
on,run_03.json,142,0.763000
on,run_03.json,143,1.015000
on,run_03.json,144,1.875000
on,run_03.json,145,12.999000
on,run_03.json,146,0.799000
on,run_03.json,147,0.911000
on,run_03.json,148,0.705000
on,run_03.json,149,2.236000
on,run_03.json,150,11.874000
on,run_03.json,151,0.986000
on,run_03.json,152,0.877000
on,run_03.json,153,1.634000
on,run_03.json,154,1.555000
on,run_03.json,155,11.776000
on,run_03.json,156,1.041000
on,run_03.json,157,0.771000
on,run_03.json,158,1.351000
on,run_03.json,159,1.437000
on,run_03.json,160,11.962000
on,run_03.json,161,0.765000
on,run_03.json,162,1.054000
on,run_03.json,163,1.535000
on,run_03.json,164,1.314000
on,run_03.json,165,12.093000
on,run_03.json,166,0.841000
on,run_03.json,167,0.996000
on,run_03.json,168,1.372000
on,run_03.json,169,1.479000
on,run_03.json,170,11.959000
on,run_03.json,171,0.760000
on,run_03.json,172,0.783000
on,run_03.json,173,0.628000
on,run_03.json,174,1.477000
on,run_03.json,175,12.797000
on,run_03.json,176,0.708000
on,run_03.json,177,0.909000
on,run_03.json,178,0.625000
on,run_03.json,179,1.443000
on,run_03.json,180,1.274000
on,run_03.json,181,11.798000
on,run_03.json,182,0.843000
on,run_03.json,183,0.697000
on,run_03.json,184,0.664000
on,run_03.json,185,1.450000
on,run_03.json,186,12.862000
on,run_03.json,187,0.634000
on,run_03.json,188,0.970000
on,run_03.json,189,0.614000
on,run_03.json,190,1.455000
on,run_03.json,191,1.401000
on,run_03.json,192,11.538000
on,run_03.json,193,0.612000
on,run_03.json,194,0.901000
on,run_03.json,195,0.661000
on,run_03.json,196,1.449000
on,run_03.json,197,1.228000
on,run_03.json,198,11.728000
on,run_03.json,199,0.646000
on,run_03.json,200,0.972000
on,run_03.json,201,0.641000
on,run_03.json,202,1.410000
on,run_03.json,203,1.335000
on,run_03.json,204,11.721000
on,run_03.json,205,0.777000
on,run_03.json,206,0.895000
on,run_03.json,207,0.809000
on,run_03.json,208,1.465000
on,run_03.json,209,12.877000
on,run_03.json,210,0.818000
on,run_03.json,211,0.891000
on,run_03.json,212,1.638000
on,run_03.json,213,1.379000
on,run_03.json,214,11.895000
on,run_03.json,215,0.837000
on,run_03.json,216,0.973000
on,run_03.json,217,1.508000
on,run_03.json,218,1.409000
on,run_03.json,219,12.081000
on,run_03.json,220,0.815000
on,run_03.json,221,1.035000
on,run_03.json,222,1.560000
on,run_03.json,223,1.228000
on,run_03.json,224,11.761000
on,run_03.json,225,0.660000
on,run_03.json,226,0.943000
on,run_03.json,227,0.637000
on,run_03.json,228,1.516000
on,run_03.json,229,12.914000
on,run_03.json,230,0.690000
on,run_03.json,231,1.062000
on,run_03.json,232,1.623000
on,run_03.json,233,1.351000
on,run_03.json,234,12.194000
on,run_03.json,235,0.808000
on,run_03.json,236,1.032000
on,run_03.json,237,1.652000
on,run_03.json,238,1.495000
on,run_03.json,239,11.702000
on,run_03.json,240,1.277000
on,run_03.json,241,0.695000
on,run_03.json,242,1.667000
on,run_03.json,243,12.819000
on,run_03.json,244,0.713000
on,run_03.json,245,1.069000
on,run_03.json,246,1.808000
on,run_03.json,247,1.569000
on,run_03.json,248,11.856000
on,run_03.json,249,1.073000
on,run_03.json,250,1.087000
on,run_03.json,251,1.221000
on,run_03.json,252,13.202000
on,run_03.json,253,1.474000
on,run_03.json,254,0.815000
on,run_03.json,255,2.270000
on,run_03.json,256,11.804000
on,run_03.json,257,0.776000
on,run_03.json,258,1.006000
on,run_03.json,259,1.745000
on,run_03.json,260,1.623000
on,run_03.json,261,11.627000
on,run_03.json,262,0.806000
on,run_03.json,263,1.015000
on,run_03.json,264,1.568000
on,run_03.json,265,1.432000
on,run_03.json,266,11.793000
on,run_03.json,267,0.898000
on,run_03.json,268,0.984000
on,run_03.json,269,1.636000
on,run_03.json,270,1.440000
on,run_03.json,271,11.650000
on,run_03.json,272,0.742000
on,run_03.json,273,0.945000
on,run_03.json,274,0.757000
on,run_03.json,275,2.158000
on,run_03.json,276,12.055000
on,run_03.json,277,0.670000
on,run_03.json,278,1.119000
on,run_03.json,279,0.749000
on,run_03.json,280,2.057000
on,run_03.json,281,12.233000
on,run_03.json,282,0.772000
on,run_03.json,283,1.105000
on,run_03.json,284,1.628000
on,run_03.json,285,1.354000
on,run_03.json,286,13.068000
on,run_03.json,287,0.767000
on,run_03.json,288,0.922000
on,run_03.json,289,0.803000
on,run_03.json,290,2.256000
on,run_03.json,291,11.974000
on,run_03.json,292,0.748000
on,run_03.json,293,0.944000
on,run_03.json,294,0.672000
on,run_03.json,295,1.531000
on,run_03.json,296,0.666000
on,run_03.json,297,1.450000
on,run_03.json,298,11.106000
on,run_03.json,299,0.806000
on,run_03.json,300,0.929000
on,run_03.json,301,0.835000
on,run_03.json,302,1.424000
on,run_03.json,303,0.747000
on,run_03.json,304,1.384000
on,run_03.json,305,8.800000
on,run_03.json,306,0.818000
on,run_03.json,307,1.079000
on,run_03.json,308,1.561000
on,run_03.json,309,0.720000
on,run_03.json,310,0.719000
on,run_03.json,311,11.488000
on,run_03.json,312,0.706000
on,run_03.json,313,1.209000
on,run_03.json,314,1.861000
on,run_03.json,315,0.710000
on,run_03.json,316,1.394000
on,run_03.json,317,10.984000
on,run_03.json,318,0.682000
on,run_03.json,319,1.044000
on,run_03.json,320,0.698000
on,run_03.json,321,1.488000
on,run_03.json,322,0.673000
on,run_03.json,323,1.323000
on,run_03.json,324,10.593000
on,run_03.json,325,0.796000
on,run_03.json,326,0.840000
on,run_03.json,327,0.691000
on,run_03.json,328,1.416000
on,run_03.json,329,0.614000
on,run_03.json,330,1.345000
on,run_03.json,331,14.962000
on,run_03.json,332,0.659000
on,run_03.json,333,1.115000
on,run_03.json,334,0.682000
on,run_03.json,335,1.486000
on,run_03.json,336,0.689000
on,run_03.json,337,1.411000
on,run_03.json,338,10.730000
on,run_03.json,339,0.630000
on,run_03.json,340,0.990000
on,run_03.json,341,0.646000
on,run_03.json,342,1.780000
on,run_03.json,343,0.702000
on,run_03.json,344,11.947000
on,run_03.json,345,0.763000
on,run_03.json,346,1.008000
on,run_03.json,347,0.777000
on,run_03.json,348,1.524000
on,run_03.json,349,0.704000
on,run_03.json,350,1.326000
on,run_03.json,351,10.539000
on,run_03.json,352,0.627000
on,run_03.json,353,1.235000
on,run_03.json,354,1.709000
on,run_03.json,355,0.907000
on,run_03.json,356,1.381000
on,run_03.json,357,10.640000
on,run_03.json,358,0.833000
on,run_03.json,359,1.052000
on,run_03.json,360,1.742000
on,run_03.json,361,0.759000
on,run_03.json,362,1.404000
on,run_03.json,363,10.705000
on,run_03.json,364,1.995000
on,run_03.json,365,1.321000
on,run_03.json,366,0.688000
on,run_03.json,367,0.699000
on,run_03.json,368,1.376000
on,run_03.json,369,10.518000
on,run_03.json,370,0.801000
on,run_03.json,371,1.048000
on,run_03.json,372,1.508000
on,run_03.json,373,0.881000
on,run_03.json,374,3.039000
on,run_03.json,375,9.216000
on,run_03.json,376,0.724000
on,run_03.json,377,1.032000
on,run_03.json,378,1.725000
on,run_03.json,379,0.779000
on,run_03.json,380,1.311000
on,run_03.json,381,10.740000
on,run_03.json,382,0.640000
on,run_03.json,383,0.976000
on,run_03.json,384,0.629000
on,run_03.json,385,1.454000
on,run_03.json,386,0.673000
on,run_03.json,387,1.417000
on,run_03.json,388,9.769000
on,run_03.json,389,0.679000
on,run_03.json,390,0.917000
on,run_03.json,391,0.642000
on,run_03.json,392,1.515000
on,run_03.json,393,0.933000
on,run_03.json,394,1.398000
on,run_03.json,395,9.264000
on,run_03.json,396,1.418000
on,run_03.json,397,0.963000
on,run_03.json,398,1.246000
on,run_03.json,399,0.889000
on,run_03.json,400,1.501000
on,run_03.json,401,10.116000
on,run_03.json,402,0.914000
on,run_03.json,403,0.973000
on,run_03.json,404,1.399000
on,run_03.json,405,0.685000
on,run_03.json,406,0.689000
on,run_03.json,407,13.167000
on,run_03.json,408,0.727000
on,run_03.json,409,0.960000
on,run_03.json,410,0.798000
on,run_03.json,411,1.417000
on,run_03.json,412,0.623000
on,run_03.json,413,1.436000
on,run_03.json,414,11.376000
on,run_03.json,415,0.760000
on,run_03.json,416,0.932000
on,run_03.json,417,0.768000
on,run_03.json,418,1.394000
on,run_03.json,419,0.654000
on,run_03.json,420,1.363000
on,run_03.json,421,10.634000
on,run_03.json,422,0.755000
on,run_03.json,423,1.007000
on,run_03.json,424,0.800000
on,run_03.json,425,1.482000
on,run_03.json,426,0.640000
on,run_03.json,427,1.410000
on,run_03.json,428,10.262000
on,run_03.json,429,0.909000
on,run_03.json,430,0.971000
on,run_03.json,431,1.538000
on,run_03.json,432,0.722000
on,run_03.json,433,0.701000
on,run_03.json,434,12.002000
on,run_03.json,435,0.732000
on,run_03.json,436,0.995000
on,run_03.json,437,0.688000
on,run_03.json,438,1.626000
on,run_03.json,439,0.682000
on,run_03.json,440,11.996000
on,run_03.json,441,0.763000
on,run_03.json,442,0.949000
on,run_03.json,443,0.721000
on,run_03.json,444,1.523000
on,run_03.json,445,0.731000
on,run_03.json,446,1.372000
on,run_03.json,447,10.845000
on,run_03.json,448,0.674000
on,run_03.json,449,1.319000
on,run_03.json,450,1.597000
on,run_03.json,451,0.715000
on,run_03.json,452,1.382000
on,run_03.json,453,11.006000
on,run_03.json,454,0.801000
on,run_03.json,455,1.050000
on,run_03.json,456,1.827000
on,run_03.json,457,0.683000
on,run_03.json,458,1.448000
on,run_03.json,459,11.330000
on,run_03.json,460,0.784000
on,run_03.json,461,1.082000
on,run_03.json,462,0.835000
on,run_03.json,463,1.509000
on,run_03.json,464,1.763000
on,run_03.json,465,11.293000
on,run_03.json,466,0.912000
on,run_03.json,467,0.967000
on,run_03.json,468,1.824000
on,run_03.json,469,0.745000
on,run_03.json,470,1.425000
on,run_03.json,471,10.879000
on,run_03.json,472,0.691000
on,run_03.json,473,1.195000
on,run_03.json,474,1.838000
on,run_03.json,475,0.824000
on,run_03.json,476,1.361000
on,run_03.json,477,11.242000
on,run_03.json,478,0.644000
on,run_03.json,479,1.156000
on,run_03.json,480,1.759000
on,run_03.json,481,0.665000
on,run_03.json,482,0.596000
on,run_03.json,483,9.962000
on,run_03.json,484,0.750000
on,run_03.json,485,0.956000
on,run_03.json,486,0.644000
on,run_03.json,487,1.573000
on,run_03.json,488,0.644000
on,run_03.json,489,1.411000
on,run_03.json,490,9.071000
on,run_03.json,491,0.828000
on,run_03.json,492,1.136000
on,run_03.json,493,1.749000
on,run_03.json,494,0.863000
on,run_03.json,495,1.429000
on,run_03.json,496,10.406000
on,run_03.json,497,0.771000
on,run_03.json,498,0.960000
on,run_03.json,499,0.783000
on,run_03.json,500,1.568000
on,run_03.json,501,0.661000
on,run_03.json,502,1.347000
on,run_03.json,503,10.731000
on,run_03.json,504,0.696000
on,run_03.json,505,1.113000
on,run_03.json,506,1.633000
on,run_03.json,507,0.719000
on,run_03.json,508,0.653000
on,run_03.json,509,11.752000
on,run_03.json,510,0.754000
on,run_03.json,511,1.105000
on,run_03.json,512,1.816000
on,run_03.json,513,0.741000
on,run_03.json,514,1.419000
on,run_03.json,515,10.776000
on,run_03.json,516,0.680000
on,run_03.json,517,1.018000
on,run_03.json,518,0.795000
on,run_03.json,519,1.526000
on,run_03.json,520,0.610000
on,run_03.json,521,1.363000
on,run_03.json,522,10.904000
on,run_03.json,523,0.678000
on,run_03.json,524,1.096000
on,run_03.json,525,0.703000
on,run_03.json,526,1.644000
on,run_03.json,527,0.611000
on,run_03.json,528,1.401000
on,run_03.json,529,10.439000
on,run_03.json,530,0.730000
on,run_03.json,531,0.978000
on,run_03.json,532,0.677000
on,run_03.json,533,1.618000
on,run_03.json,534,0.699000
on,run_03.json,535,1.497000
on,run_03.json,536,11.746000
on,run_03.json,537,0.810000
on,run_03.json,538,1.150000
on,run_03.json,539,1.540000
on,run_03.json,540,0.748000
on,run_03.json,541,1.483000
on,run_03.json,542,11.680000
on,run_03.json,543,0.709000
on,run_03.json,544,1.132000
on,run_03.json,545,1.695000
on,run_03.json,546,0.669000
on,run_03.json,547,1.319000
on,run_03.json,548,11.297000
on,run_03.json,549,0.880000
on,run_03.json,550,1.088000
on,run_03.json,551,1.510000
on,run_03.json,552,0.912000
on,run_03.json,553,1.402000
on,run_03.json,554,11.644000
on,run_03.json,555,0.741000
on,run_03.json,556,0.986000
on,run_03.json,557,1.825000
on,run_03.json,558,0.758000
on,run_03.json,559,1.542000
on,run_03.json,560,11.005000
on,run_03.json,561,0.794000
on,run_03.json,562,1.003000
on,run_03.json,563,1.823000
on,run_03.json,564,0.841000
on,run_03.json,565,1.465000
on,run_03.json,566,11.288000
on,run_03.json,567,0.939000
on,run_03.json,568,0.852000
on,run_03.json,569,0.739000
on,run_03.json,570,1.629000
on,run_03.json,571,1.510000
on,run_03.json,572,11.523000
on,run_03.json,573,0.776000
on,run_03.json,574,1.123000
on,run_03.json,575,1.587000
on,run_03.json,576,0.815000
on,run_03.json,577,1.483000
on,run_03.json,578,11.148000
on,run_03.json,579,0.827000
on,run_03.json,580,1.049000
on,run_03.json,581,1.504000
on,run_03.json,582,0.775000
on,run_03.json,583,1.428000
on,run_03.json,584,11.278000
on,run_03.json,585,0.955000
on,run_03.json,586,1.087000
on,run_03.json,587,1.496000
on,run_03.json,588,0.924000
on,run_03.json,589,1.482000
on,run_03.json,590,10.643000
on,run_03.json,591,0.707000
on,run_03.json,592,1.084000
on,run_03.json,593,1.902000
on,run_03.json,594,0.758000
on,run_03.json,595,1.462000
on,run_03.json,596,10.268000
on,run_03.json,597,0.757000
on,run_03.json,598,0.967000
on,run_03.json,599,1.803000
on,run_03.json,600,0.810000
on,run_03.json,601,1.433000
on,run_03.json,602,9.768000
on,run_03.json,603,0.766000
on,run_03.json,604,1.049000
on,run_03.json,605,1.818000
on,run_03.json,606,0.697000
on,run_03.json,607,1.369000
on,run_03.json,608,10.684000
on,run_03.json,609,0.756000
on,run_03.json,610,0.992000
on,run_03.json,611,1.837000
on,run_03.json,612,0.651000
on,run_03.json,613,0.612000
on,run_03.json,614,11.082000
on,run_03.json,615,0.705000
on,run_03.json,616,1.109000
on,run_03.json,617,0.713000
on,run_03.json,618,1.479000
on,run_03.json,619,0.760000
on,run_03.json,620,11.498000
on,run_03.json,621,0.803000
on,run_03.json,622,0.883000
on,run_03.json,623,0.674000
on,run_03.json,624,1.661000
on,run_03.json,625,0.643000
on,run_03.json,626,10.525000
on,run_03.json,627,0.720000
on,run_03.json,628,1.151000
on,run_03.json,629,0.849000
on,run_03.json,630,1.537000
on,run_03.json,631,1.485000
on,run_03.json,632,10.903000
on,run_03.json,633,0.656000
on,run_03.json,634,1.257000
on,run_03.json,635,1.793000
on,run_03.json,636,0.678000
on,run_03.json,637,1.446000
on,run_03.json,638,10.651000
on,run_03.json,639,0.820000
on,run_03.json,640,1.067000
on,run_03.json,641,1.677000
on,run_03.json,642,0.704000
on,run_03.json,643,1.450000
on,run_03.json,644,11.061000
on,run_03.json,645,0.707000
on,run_03.json,646,1.043000
on,run_03.json,647,1.787000
on,run_03.json,648,0.863000
on,run_03.json,649,1.594000
on,run_03.json,650,10.723000
on,run_03.json,651,0.691000
on,run_03.json,652,1.192000
on,run_03.json,653,1.631000
on,run_03.json,654,0.805000
on,run_03.json,655,1.404000
on,run_03.json,656,10.944000
on,run_03.json,657,0.724000
on,run_03.json,658,1.166000
on,run_03.json,659,1.818000
on,run_03.json,660,0.727000
on,run_03.json,661,1.313000
on,run_03.json,662,10.753000
on,run_03.json,663,0.698000
on,run_03.json,664,0.911000
on,run_03.json,665,0.596000
on,run_03.json,666,1.674000
on,run_03.json,667,0.701000
on,run_03.json,668,0.670000
on,run_03.json,669,1.450000
on,run_03.json,670,10.131000
on,run_03.json,671,0.701000
on,run_03.json,672,1.033000
on,run_03.json,673,1.911000
on,run_03.json,674,0.675000
on,run_03.json,675,1.458000
on,run_03.json,676,10.808000
on,run_03.json,677,0.809000
on,run_03.json,678,0.942000
on,run_03.json,679,1.640000
on,run_03.json,680,0.671000
on,run_03.json,681,0.691000
on,run_03.json,682,11.976000
on,run_03.json,683,0.767000
on,run_03.json,684,1.032000
on,run_03.json,685,1.706000
on,run_03.json,686,0.767000
on,run_03.json,687,1.457000
on,run_03.json,688,10.964000
on,run_03.json,689,0.673000
on,run_03.json,690,1.054000
on,run_03.json,691,1.810000
on,run_03.json,692,0.716000
on,run_03.json,693,1.362000
on,run_03.json,694,11.045000
on,run_03.json,695,0.787000
on,run_03.json,696,0.977000
on,run_03.json,697,0.711000
on,run_03.json,698,1.602000
on,run_03.json,699,0.695000
on,run_03.json,700,11.794000
on,run_03.json,701,0.678000
on,run_03.json,702,0.913000
on,run_03.json,703,0.612000
on,run_03.json,704,1.616000
on,run_03.json,705,1.841000
on,run_03.json,706,10.932000
on,run_03.json,707,0.931000
on,run_03.json,708,0.844000
on,run_03.json,709,1.690000
on,run_03.json,710,0.749000
on,run_03.json,711,0.716000
on,run_03.json,712,0.697000
on,run_03.json,713,1.349000
on,run_03.json,714,9.667000
on,run_03.json,715,0.687000
on,run_03.json,716,2.495000
on,run_03.json,717,0.627000
on,run_03.json,718,0.688000
on,run_03.json,719,0.702000
on,run_03.json,720,0.664000
on,run_03.json,721,10.878000
on,run_03.json,722,0.693000
on,run_03.json,723,1.226000
on,run_03.json,724,1.587000
on,run_03.json,725,0.923000
on,run_03.json,726,0.816000
on,run_03.json,727,1.636000
on,run_03.json,728,9.875000
on,run_03.json,729,0.833000
on,run_03.json,730,1.088000
on,run_03.json,731,1.611000
on,run_03.json,732,0.759000
on,run_03.json,733,0.942000
on,run_03.json,734,1.533000
on,run_03.json,735,9.996000
on,run_03.json,736,1.378000
on,run_03.json,737,0.806000
on,run_03.json,738,1.707000
on,run_03.json,739,0.850000
on,run_03.json,740,0.888000
on,run_03.json,741,10.800000
on,run_03.json,742,0.788000
on,run_03.json,743,1.069000
on,run_03.json,744,1.677000
on,run_03.json,745,0.850000
on,run_03.json,746,0.841000
on,run_03.json,747,1.445000
on,run_03.json,748,9.999000
on,run_03.json,749,0.818000
on,run_03.json,750,1.033000
on,run_03.json,751,1.792000
on,run_03.json,752,0.807000
on,run_03.json,753,0.782000
on,run_03.json,754,1.374000
on,run_03.json,755,10.032000
on,run_03.json,756,0.789000
on,run_03.json,757,1.007000
on,run_03.json,758,1.794000
on,run_03.json,759,0.729000
on,run_03.json,760,0.780000
on,run_03.json,761,0.777000
on,run_03.json,762,10.918000
on,run_03.json,763,1.006000
on,run_03.json,764,0.866000
on,run_03.json,765,1.634000
on,run_03.json,766,0.810000
on,run_03.json,767,0.753000
on,run_03.json,768,0.827000
on,run_03.json,769,10.776000
on,run_03.json,770,0.988000
on,run_03.json,771,0.982000
on,run_03.json,772,1.619000
on,run_03.json,773,0.820000
on,run_03.json,774,0.848000
on,run_03.json,775,1.434000
on,run_03.json,776,10.004000
on,run_03.json,777,0.738000
on,run_03.json,778,1.305000
on,run_03.json,779,1.572000
on,run_03.json,780,0.840000
on,run_03.json,781,0.755000
on,run_03.json,782,1.545000
on,run_03.json,783,9.891000
on,run_03.json,784,0.958000
on,run_03.json,785,1.191000
on,run_03.json,786,1.588000
on,run_03.json,787,0.907000
on,run_03.json,788,0.930000
on,run_03.json,789,1.525000
on,run_03.json,790,9.634000
on,run_03.json,791,1.021000
on,run_03.json,792,1.088000
on,run_03.json,793,1.611000
on,run_03.json,794,0.774000
on,run_03.json,795,0.822000
on,run_03.json,796,1.501000
on,run_03.json,797,9.627000
on,run_03.json,798,0.959000
on,run_03.json,799,1.044000
on,run_03.json,800,1.594000
on,run_03.json,801,0.719000
on,run_03.json,802,0.817000
on,run_03.json,803,1.536000
on,run_03.json,804,10.022000
on,run_03.json,805,0.718000
on,run_03.json,806,1.137000
on,run_03.json,807,1.719000
on,run_03.json,808,0.793000
on,run_03.json,809,0.789000
on,run_03.json,810,1.493000
on,run_03.json,811,11.372000
on,run_03.json,812,0.956000
on,run_03.json,813,1.145000
on,run_03.json,814,1.860000
on,run_03.json,815,0.773000
on,run_03.json,816,0.899000
on,run_03.json,817,1.521000
on,run_03.json,818,9.859000
on,run_03.json,819,0.769000
on,run_03.json,820,1.186000
on,run_03.json,821,1.618000
on,run_03.json,822,0.858000
on,run_03.json,823,0.869000
on,run_03.json,824,1.479000
on,run_03.json,825,9.747000
on,run_03.json,826,0.914000
on,run_03.json,827,1.072000
on,run_03.json,828,1.632000
on,run_03.json,829,0.758000
on,run_03.json,830,0.740000
on,run_03.json,831,1.516000
on,run_03.json,832,8.491000
on,run_03.json,833,0.853000
on,run_03.json,834,1.209000
on,run_03.json,835,1.617000
on,run_03.json,836,1.115000
on,run_03.json,837,0.903000
on,run_03.json,838,1.556000
on,run_03.json,839,9.516000
on,run_03.json,840,1.049000
on,run_03.json,841,0.870000
on,run_03.json,842,1.671000
on,run_03.json,843,0.777000
on,run_03.json,844,0.792000
on,run_03.json,845,1.507000
on,run_03.json,846,9.916000
on,run_03.json,847,0.722000
on,run_03.json,848,1.052000
on,run_03.json,849,0.783000
on,run_03.json,850,1.630000
on,run_03.json,851,0.885000
on,run_03.json,852,1.359000
on,run_03.json,853,14.034000
on,run_03.json,854,0.950000
on,run_03.json,855,0.918000
on,run_03.json,856,1.832000
on,run_03.json,857,0.805000
on,run_03.json,858,0.707000
on,run_03.json,859,1.493000
on,run_03.json,860,10.378000
on,run_03.json,861,0.970000
on,run_03.json,862,0.976000
on,run_03.json,863,1.616000
on,run_03.json,864,0.879000
on,run_03.json,865,0.736000
on,run_03.json,866,1.525000
on,run_03.json,867,9.733000
on,run_03.json,868,0.770000
on,run_03.json,869,1.093000
on,run_03.json,870,1.675000
on,run_03.json,871,0.778000
on,run_03.json,872,0.772000
on,run_03.json,873,0.787000
on,run_03.json,874,10.747000
on,run_03.json,875,0.717000
on,run_03.json,876,1.302000
on,run_03.json,877,1.696000
on,run_03.json,878,0.853000
on,run_03.json,879,0.753000
on,run_03.json,880,1.443000
on,run_03.json,881,9.902000
on,run_03.json,882,0.926000
on,run_03.json,883,0.906000
on,run_03.json,884,1.663000
on,run_03.json,885,0.710000
on,run_03.json,886,0.733000
on,run_03.json,887,0.769000
on,run_03.json,888,1.440000
on,run_03.json,889,9.381000
on,run_03.json,890,0.823000
on,run_03.json,891,1.056000
on,run_03.json,892,1.647000
on,run_03.json,893,0.736000
on,run_03.json,894,0.747000
on,run_03.json,895,0.657000
on,run_03.json,896,1.457000
on,run_03.json,897,9.096000
on,run_03.json,898,0.763000
on,run_03.json,899,1.038000
on,run_03.json,900,1.738000
on,run_03.json,901,0.697000
on,run_03.json,902,0.785000
on,run_03.json,903,0.629000
on,run_03.json,904,1.403000
on,run_03.json,905,9.199000
on,run_03.json,906,0.716000
on,run_03.json,907,1.087000
on,run_03.json,908,0.655000
on,run_03.json,909,1.647000
on,run_03.json,910,0.728000
on,run_03.json,911,0.670000
on,run_03.json,912,1.370000
on,run_03.json,913,8.775000
on,run_03.json,914,0.701000
on,run_03.json,915,1.114000
on,run_03.json,916,1.787000
on,run_03.json,917,0.699000
on,run_03.json,918,0.701000
on,run_03.json,919,0.686000
on,run_03.json,920,1.451000
on,run_03.json,921,7.785000
on,run_03.json,922,0.940000
on,run_03.json,923,0.867000
on,run_03.json,924,1.784000
on,run_03.json,925,0.756000
on,run_03.json,926,0.767000
on,run_03.json,927,0.682000
on,run_03.json,928,10.866000
on,run_03.json,929,0.856000
on,run_03.json,930,1.030000
on,run_03.json,931,1.631000
on,run_03.json,932,0.720000
on,run_03.json,933,0.720000
on,run_03.json,934,0.772000
on,run_03.json,935,1.480000
on,run_03.json,936,11.303000
on,run_03.json,937,0.971000
on,run_03.json,938,1.070000
on,run_03.json,939,1.560000
on,run_03.json,940,0.874000
on,run_03.json,941,0.777000
on,run_03.json,942,1.558000
on,run_03.json,943,9.626000
on,run_03.json,944,1.137000
on,run_03.json,945,0.873000
on,run_03.json,946,1.585000
on,run_03.json,947,0.713000
on,run_03.json,948,0.717000
on,run_03.json,949,0.783000
on,run_03.json,950,10.583000
on,run_03.json,951,0.948000
on,run_03.json,952,1.050000
on,run_03.json,953,1.687000
on,run_03.json,954,0.849000
on,run_03.json,955,0.834000
on,run_03.json,956,1.464000
on,run_03.json,957,9.907000
on,run_03.json,958,0.752000
on,run_03.json,959,1.053000
on,run_03.json,960,1.769000
on,run_03.json,961,0.758000
on,run_03.json,962,0.702000
on,run_03.json,963,0.817000
on,run_03.json,964,11.213000
on,run_03.json,965,1.117000
on,run_03.json,966,0.927000
on,run_03.json,967,1.688000
on,run_03.json,968,0.871000
on,run_03.json,969,0.759000
on,run_03.json,970,1.491000
on,run_03.json,971,9.773000
on,run_03.json,972,0.955000
on,run_03.json,973,0.929000
on,run_03.json,974,1.761000
on,run_03.json,975,0.744000
on,run_03.json,976,0.793000
on,run_03.json,977,1.570000
on,run_03.json,978,10.079000
on,run_03.json,979,0.960000
on,run_03.json,980,1.058000
on,run_03.json,981,1.577000
on,run_03.json,982,0.803000
on,run_03.json,983,0.945000
on,run_03.json,984,1.537000
on,run_03.json,985,10.378000
on,run_03.json,986,0.977000
on,run_03.json,987,0.814000
on,run_03.json,988,1.910000
on,run_03.json,989,0.807000
on,run_03.json,990,0.835000
on,run_03.json,991,1.502000
on,run_03.json,992,10.231000
on,run_03.json,993,0.895000
on,run_03.json,994,1.052000
on,run_03.json,995,1.660000
on,run_03.json,996,0.933000
on,run_03.json,997,0.759000
on,run_03.json,998,1.424000
on,run_03.json,999,10.265000
on,run_03.json,1000,0.782000
on,run_03.json,1001,1.020000
on,run_03.json,1002,1.872000
on,run_03.json,1003,0.726000
on,run_03.json,1004,0.682000
on,run_03.json,1005,0.669000
on,run_03.json,1006,10.633000
on,run_03.json,1007,0.783000
on,run_03.json,1008,0.968000
on,run_03.json,1009,0.678000
on,run_03.json,1010,1.634000
on,run_03.json,1011,0.636000
on,run_03.json,1012,0.677000
on,run_03.json,1013,1.526000
on,run_03.json,1014,8.075000
on,run_03.json,1015,0.831000
on,run_03.json,1016,1.002000
on,run_03.json,1017,1.663000
on,run_03.json,1018,0.764000
on,run_03.json,1019,0.778000
on,run_03.json,1020,0.687000
on,run_03.json,1021,9.412000
on,run_03.json,1022,0.885000
on,run_03.json,1023,0.983000
on,run_03.json,1024,1.764000
on,run_03.json,1025,0.859000
on,run_03.json,1026,0.827000
on,run_03.json,1027,1.526000
on,run_03.json,1028,11.392000
on,run_03.json,1029,0.946000
on,run_03.json,1030,1.009000
on,run_03.json,1031,1.896000
on,run_03.json,1032,0.673000
on,run_03.json,1033,1.443000
on,run_03.json,1034,9.209000
on,run_03.json,1035,0.917000
on,run_03.json,1036,1.186000
on,run_03.json,1037,1.464000
on,run_03.json,1038,0.724000
on,run_03.json,1039,0.825000
on,run_03.json,1040,0.742000
on,run_03.json,1041,10.810000
on,run_03.json,1042,0.736000
on,run_03.json,1043,1.049000
on,run_03.json,1044,1.747000
on,run_03.json,1045,0.808000
on,run_03.json,1046,2.031000
on,run_03.json,1047,10.291000
on,run_03.json,1048,0.764000
on,run_03.json,1049,1.079000
on,run_03.json,1050,1.806000
on,run_03.json,1051,0.728000
on,run_03.json,1052,0.721000
on,run_03.json,1053,0.671000
on,run_03.json,1054,10.963000
on,run_03.json,1055,0.739000
on,run_03.json,1056,0.842000
on,run_03.json,1057,2.241000
on,run_03.json,1058,0.568000
on,run_03.json,1059,0.688000
on,run_03.json,1060,0.722000
on,run_03.json,1061,12.028000
on,run_03.json,1062,0.694000
on,run_03.json,1063,1.030000
on,run_03.json,1064,0.634000
on,run_03.json,1065,1.730000
on,run_03.json,1066,0.696000
on,run_03.json,1067,0.673000
on,run_03.json,1068,1.350000
on,run_03.json,1069,10.476000
on,run_03.json,1070,0.828000
on,run_03.json,1071,0.936000
on,run_03.json,1072,1.787000
on,run_03.json,1073,0.765000
on,run_03.json,1074,0.719000
on,run_03.json,1075,0.734000
on,run_03.json,1076,11.787000
on,run_03.json,1077,0.917000
on,run_03.json,1078,1.075000
on,run_03.json,1079,1.488000
on,run_03.json,1080,0.766000
on,run_03.json,1081,0.778000
on,run_03.json,1082,0.768000
on,run_03.json,1083,11.354000
on,run_03.json,1084,0.891000
on,run_03.json,1085,1.037000
on,run_03.json,1086,1.811000
on,run_03.json,1087,0.916000
on,run_03.json,1088,0.740000
on,run_03.json,1089,1.538000
on,run_03.json,1090,10.149000
on,run_03.json,1091,1.215000
on,run_03.json,1092,0.820000
on,run_03.json,1093,1.681000
on,run_03.json,1094,0.785000
on,run_03.json,1095,0.708000
on,run_03.json,1096,1.501000
on,run_03.json,1097,10.363000
on,run_03.json,1098,0.781000
on,run_03.json,1099,1.049000
on,run_03.json,1100,1.684000
on,run_03.json,1101,0.697000
on,run_03.json,1102,0.782000
on,run_03.json,1103,0.811000
on,run_03.json,1104,11.353000
on,run_03.json,1105,0.907000
on,run_03.json,1106,1.048000
on,run_03.json,1107,1.944000
on,run_03.json,1108,0.808000
on,run_03.json,1109,0.731000
on,run_03.json,1110,1.479000
on,run_03.json,1111,9.829000
on,run_03.json,1112,0.853000
on,run_03.json,1113,0.969000
on,run_03.json,1114,2.105000
on,run_03.json,1115,0.735000
on,run_03.json,1116,0.677000
on,run_03.json,1117,1.535000
on,run_03.json,1118,9.311000
on,run_03.json,1119,0.798000
on,run_03.json,1120,1.056000
on,run_03.json,1121,1.817000
on,run_03.json,1122,0.674000
on,run_03.json,1123,0.632000
on,run_03.json,1124,0.697000
on,run_03.json,1125,1.427000
on,run_03.json,1126,8.436000
on,run_03.json,1127,0.686000
on,run_03.json,1128,1.096000
on,run_03.json,1129,1.633000
on,run_03.json,1130,0.699000
on,run_03.json,1131,0.701000
on,run_03.json,1132,0.624000
on,run_03.json,1133,1.309000
on,run_03.json,1134,9.478000
on,run_03.json,1135,0.728000
on,run_03.json,1136,1.408000
on,run_03.json,1137,1.310000
on,run_03.json,1138,0.703000
on,run_03.json,1139,0.663000
on,run_03.json,1140,0.710000
on,run_03.json,1141,1.293000
on,run_03.json,1142,9.203000
on,run_03.json,1143,0.759000
on,run_03.json,1144,0.991000
on,run_03.json,1145,0.774000
on,run_03.json,1146,1.546000
on,run_03.json,1147,0.689000
on,run_03.json,1148,0.646000
on,run_03.json,1149,1.514000
on,run_03.json,1150,8.309000
on,run_03.json,1151,0.734000
on,run_03.json,1152,0.987000
on,run_03.json,1153,0.697000
on,run_03.json,1154,1.534000
on,run_03.json,1155,0.690000
on,run_03.json,1156,0.698000
on,run_03.json,1157,1.335000
on,run_03.json,1158,9.480000
on,run_03.json,1159,0.774000
on,run_03.json,1160,1.058000
on,run_03.json,1161,1.859000
on,run_03.json,1162,0.756000
on,run_03.json,1163,0.744000
on,run_03.json,1164,0.646000
on,run_03.json,1165,10.916000
on,run_03.json,1166,0.847000
on,run_03.json,1167,0.900000
on,run_03.json,1168,1.972000
on,run_03.json,1169,0.872000
on,run_03.json,1170,0.810000
on,run_03.json,1171,0.682000
on,run_03.json,1172,1.484000
on,run_03.json,1173,9.020000
on,run_03.json,1174,0.771000
on,run_03.json,1175,1.022000
on,run_03.json,1176,1.730000
on,run_03.json,1177,0.726000
on,run_03.json,1178,0.715000
on,run_03.json,1179,0.670000
on,run_03.json,1180,1.566000
on,run_03.json,1181,9.502000
on,run_03.json,1182,0.745000
on,run_03.json,1183,1.081000
on,run_03.json,1184,1.806000
on,run_03.json,1185,0.699000
on,run_03.json,1186,0.714000
on,run_03.json,1187,0.757000
on,run_03.json,1188,10.852000
on,run_03.json,1189,0.845000
on,run_03.json,1190,1.077000
on,run_03.json,1191,1.688000
on,run_03.json,1192,0.798000
on,run_03.json,1193,0.780000
on,run_03.json,1194,0.668000
on,run_03.json,1195,10.661000
on,run_03.json,1196,0.677000
on,run_03.json,1197,0.990000
on,run_03.json,1198,0.626000
on,run_03.json,1199,1.671000
on,run_03.json,1200,0.614000
on,run_03.json,1201,0.651000
on,run_03.json,1202,0.665000
on,run_03.json,1203,0.669000
on,run_03.json,1204,1.329000
on,run_03.json,1205,8.936000
on,run_03.json,1206,0.680000
on,run_03.json,1207,1.138000
on,run_03.json,1208,1.735000
on,run_03.json,1209,0.750000
on,run_03.json,1210,0.797000
on,run_03.json,1211,0.683000
on,run_03.json,1212,10.860000
on,run_03.json,1213,0.900000
on,run_03.json,1214,0.895000
on,run_03.json,1215,1.617000
on,run_03.json,1216,0.668000
on,run_03.json,1217,0.648000
on,run_03.json,1218,0.608000
on,run_03.json,1219,1.502000
on,run_03.json,1220,9.645000
on,run_03.json,1221,0.645000
on,run_03.json,1222,0.981000
on,run_03.json,1223,0.598000
on,run_03.json,1224,1.581000
on,run_03.json,1225,0.613000
on,run_03.json,1226,0.646000
on,run_03.json,1227,0.590000
on,run_03.json,1228,0.638000
on,run_03.json,1229,1.334000
on,run_03.json,1230,9.223000
on,run_03.json,1231,0.898000
on,run_03.json,1232,1.033000
on,run_03.json,1233,1.536000
on,run_03.json,1234,0.739000
on,run_03.json,1235,0.626000
on,run_03.json,1236,0.619000
on,run_03.json,1237,1.350000
on,run_03.json,1238,9.866000
on,run_03.json,1239,0.689000
on,run_03.json,1240,0.962000
on,run_03.json,1241,0.624000
on,run_03.json,1242,1.651000
on,run_03.json,1243,0.628000
on,run_03.json,1244,0.621000
on,run_03.json,1245,1.388000
on,run_03.json,1246,9.993000
on,run_03.json,1247,0.691000
on,run_03.json,1248,0.987000
on,run_03.json,1249,0.770000
on,run_03.json,1250,0.769000
on,run_03.json,1251,1.630000
on,run_03.json,1252,0.678000
on,run_03.json,1253,1.413000
on,run_03.json,1254,9.814000
on,run_03.json,1255,0.747000
on,run_03.json,1256,1.267000
on,run_03.json,1257,1.638000
on,run_03.json,1258,0.872000
on,run_03.json,1259,0.789000
on,run_03.json,1260,1.521000
on,run_03.json,1261,9.727000
on,run_03.json,1262,0.915000
on,run_03.json,1263,1.014000
on,run_03.json,1264,1.861000
on,run_03.json,1265,0.819000
on,run_03.json,1266,0.760000
on,run_03.json,1267,0.728000
on,run_03.json,1268,0.761000
on,run_03.json,1269,9.867000
on,run_03.json,1270,0.749000
on,run_03.json,1271,1.081000
on,run_03.json,1272,1.696000
on,run_03.json,1273,0.771000
on,run_03.json,1274,0.767000
on,run_03.json,1275,0.763000
on,run_03.json,1276,0.740000
on,run_03.json,1277,1.471000
on,run_03.json,1278,8.616000
on,run_03.json,1279,0.797000
on,run_03.json,1280,1.037000
on,run_03.json,1281,1.781000
on,run_03.json,1282,0.808000
on,run_03.json,1283,0.788000
on,run_03.json,1284,0.702000
on,run_03.json,1285,0.813000
on,run_03.json,1286,9.990000
on,run_03.json,1287,0.838000
on,run_03.json,1288,1.157000
on,run_03.json,1289,0.904000
on,run_03.json,1290,1.498000
on,run_03.json,1291,0.718000
on,run_03.json,1292,0.776000
on,run_03.json,1293,0.818000
on,run_03.json,1294,1.470000
on,run_03.json,1295,8.413000
on,run_03.json,1296,0.743000
on,run_03.json,1297,1.138000
on,run_03.json,1298,1.772000
on,run_03.json,1299,0.729000
on,run_03.json,1300,0.784000
on,run_03.json,1301,0.749000
on,run_03.json,1302,0.792000
on,run_03.json,1303,9.930000
on,run_03.json,1304,0.788000
on,run_03.json,1305,1.062000
on,run_03.json,1306,0.810000
on,run_03.json,1307,1.660000
on,run_03.json,1308,0.726000
on,run_03.json,1309,0.783000
on,run_03.json,1310,0.799000
on,run_03.json,1311,1.448000
on,run_03.json,1312,8.619000
on,run_03.json,1313,0.837000
on,run_03.json,1314,1.109000
on,run_03.json,1315,1.657000
on,run_03.json,1316,0.738000
on,run_03.json,1317,0.824000
on,run_03.json,1318,0.751000
on,run_03.json,1319,0.815000
on,run_03.json,1320,1.498000
on,run_03.json,1321,8.396000
on,run_03.json,1322,0.750000
on,run_03.json,1323,1.126000
on,run_03.json,1324,1.747000
on,run_03.json,1325,0.767000
on,run_03.json,1326,0.762000
on,run_03.json,1327,0.735000
on,run_03.json,1328,0.726000
on,run_03.json,1329,1.500000
on,run_03.json,1330,8.528000
on,run_03.json,1331,0.814000
on,run_03.json,1332,1.082000
on,run_03.json,1333,1.681000
on,run_03.json,1334,0.778000
on,run_03.json,1335,0.726000
on,run_03.json,1336,0.790000
on,run_03.json,1337,0.773000
on,run_03.json,1338,1.402000
on,run_03.json,1339,10.136000
on,run_03.json,1340,0.913000
on,run_03.json,1341,1.001000
on,run_03.json,1342,1.671000
on,run_03.json,1343,0.755000
on,run_03.json,1344,0.818000
on,run_03.json,1345,0.744000
on,run_03.json,1346,0.791000
on,run_03.json,1347,10.454000
on,run_03.json,1348,0.912000
on,run_03.json,1349,1.237000
on,run_03.json,1350,1.620000
on,run_03.json,1351,1.017000
on,run_03.json,1352,0.998000
on,run_03.json,1353,0.827000
on,run_03.json,1354,1.491000
on,run_03.json,1355,7.024000
on,run_03.json,1356,1.520000
on,run_03.json,1357,2.090000
on,run_03.json,1358,0.963000
on,run_03.json,1359,0.889000
on,run_03.json,1360,0.937000
on,run_03.json,1361,1.565000
on,run_03.json,1362,8.441000
on,run_03.json,1363,0.925000
on,run_03.json,1364,1.160000
on,run_03.json,1365,1.630000
on,run_03.json,1366,0.789000
on,run_03.json,1367,0.701000
on,run_03.json,1368,0.780000
on,run_03.json,1369,0.771000
on,run_03.json,1370,9.849000
on,run_03.json,1371,0.908000
on,run_03.json,1372,1.029000
on,run_03.json,1373,1.555000
on,run_03.json,1374,0.782000
on,run_03.json,1375,0.767000
on,run_03.json,1376,0.764000
on,run_03.json,1377,0.698000
on,run_03.json,1378,1.490000
on,run_03.json,1379,12.365000
on,run_03.json,1380,0.766000
on,run_03.json,1381,1.247000
on,run_03.json,1382,1.704000
on,run_03.json,1383,0.800000
on,run_03.json,1384,0.708000
on,run_03.json,1385,0.804000
on,run_03.json,1386,0.737000
on,run_03.json,1387,2.763000
on,run_03.json,1388,7.313000
on,run_03.json,1389,0.802000
on,run_03.json,1390,1.051000
on,run_03.json,1391,1.771000
on,run_03.json,1392,0.767000
on,run_03.json,1393,0.795000
on,run_03.json,1394,0.756000
on,run_03.json,1395,0.770000
on,run_03.json,1396,1.398000
on,run_03.json,1397,8.668000
on,run_03.json,1398,2.321000
on,run_03.json,1399,1.065000
on,run_03.json,1400,1.026000
on,run_03.json,1401,0.808000
on,run_03.json,1402,0.792000
on,run_03.json,1403,0.687000
on,run_03.json,1404,1.467000
on,run_03.json,1405,8.301000
on,run_03.json,1406,0.755000
on,run_03.json,1407,1.072000
on,run_03.json,1408,0.745000
on,run_03.json,1409,1.583000
on,run_03.json,1410,0.769000
on,run_03.json,1411,0.772000
on,run_03.json,1412,0.769000
on,run_03.json,1413,1.375000
on,run_03.json,1414,8.560000
on,run_03.json,1415,0.715000
on,run_03.json,1416,1.030000
on,run_03.json,1417,1.702000
on,run_03.json,1418,0.739000
on,run_03.json,1419,0.785000
on,run_03.json,1420,0.693000
on,run_03.json,1421,0.768000
on,run_03.json,1422,1.412000
on,run_03.json,1423,8.628000
on,run_03.json,1424,0.710000
on,run_03.json,1425,1.045000
on,run_03.json,1426,1.636000
on,run_03.json,1427,0.712000
on,run_03.json,1428,0.747000
on,run_03.json,1429,0.671000
on,run_03.json,1430,0.691000
on,run_03.json,1431,1.386000
on,run_03.json,1432,8.595000
on,run_03.json,1433,0.697000
on,run_03.json,1434,0.983000
on,run_03.json,1435,0.684000
on,run_03.json,1436,1.574000
on,run_03.json,1437,0.708000
on,run_03.json,1438,0.713000
on,run_03.json,1439,0.685000
on,run_03.json,1440,0.690000
on,run_03.json,1441,1.296000
on,run_03.json,1442,7.065000
on,run_03.json,1443,0.669000
on,run_03.json,1444,0.963000
on,run_03.json,1445,0.701000
on,run_03.json,1446,1.546000
on,run_03.json,1447,0.711000
on,run_03.json,1448,0.716000
on,run_03.json,1449,0.635000
on,run_03.json,1450,0.727000
on,run_03.json,1451,1.358000
on,run_03.json,1452,7.196000
on,run_03.json,1453,0.783000
on,run_03.json,1454,0.961000
on,run_03.json,1455,0.713000
on,run_03.json,1456,1.652000
on,run_03.json,1457,0.651000
on,run_03.json,1458,0.734000
on,run_03.json,1459,0.730000
on,run_03.json,1460,1.393000
on,run_03.json,1461,11.180000
on,run_03.json,1462,0.862000
on,run_03.json,1463,1.094000
on,run_03.json,1464,1.592000
on,run_03.json,1465,0.733000
on,run_03.json,1466,0.659000
on,run_03.json,1467,0.709000
on,run_03.json,1468,0.738000
on,run_03.json,1469,1.443000
on,run_03.json,1470,8.409000
on,run_03.json,1471,0.704000
on,run_03.json,1472,1.040000
on,run_03.json,1473,0.768000
on,run_03.json,1474,1.619000
on,run_03.json,1475,0.764000
on,run_03.json,1476,0.696000
on,run_03.json,1477,0.717000
on,run_03.json,1478,1.389000
on,run_03.json,1479,8.622000
on,run_03.json,1480,0.731000
on,run_03.json,1481,1.037000
on,run_03.json,1482,1.793000
on,run_03.json,1483,0.662000
on,run_03.json,1484,0.648000
on,run_03.json,1485,0.698000
on,run_03.json,1486,0.663000
on,run_03.json,1487,1.346000
on,run_03.json,1488,9.514000
on,run_03.json,1489,0.734000
on,run_03.json,1490,1.013000
on,run_03.json,1491,1.728000
on,run_03.json,1492,0.656000
on,run_03.json,1493,0.691000
on,run_03.json,1494,0.739000
on,run_03.json,1495,0.651000
on,run_03.json,1496,1.360000
on,run_03.json,1497,9.147000
on,run_03.json,1498,0.768000
on,run_03.json,1499,0.949000
on,run_03.json,1500,0.698000
on,run_03.json,1501,1.618000
on,run_03.json,1502,0.713000
on,run_03.json,1503,0.664000
on,run_03.json,1504,0.686000
on,run_03.json,1505,0.724000
on,run_03.json,1506,1.316000
on,run_03.json,1507,9.071000
on,run_03.json,1508,0.812000
on,run_03.json,1509,1.130000
on,run_03.json,1510,1.498000
on,run_03.json,1511,0.768000
on,run_03.json,1512,0.676000
on,run_03.json,1513,0.742000
on,run_03.json,1514,0.672000
on,run_03.json,1515,1.360000
on,run_03.json,1516,9.651000
on,run_03.json,1517,0.812000
on,run_03.json,1518,0.992000
on,run_03.json,1519,1.756000
on,run_03.json,1520,0.807000
on,run_03.json,1521,0.677000
on,run_03.json,1522,0.779000
on,run_03.json,1523,0.757000
on,run_03.json,1524,1.366000
on,run_03.json,1525,9.162000
on,run_03.json,1526,0.672000
on,run_03.json,1527,1.049000
on,run_03.json,1528,0.728000
on,run_03.json,1529,1.477000
on,run_03.json,1530,0.690000
on,run_03.json,1531,0.676000
on,run_03.json,1532,0.663000
on,run_03.json,1533,0.645000
on,run_03.json,1534,8.495000
on,run_03.json,1535,0.704000
on,run_03.json,1536,1.004000
on,run_03.json,1537,0.689000
on,run_03.json,1538,1.598000
on,run_03.json,1539,0.747000
on,run_03.json,1540,0.717000
on,run_03.json,1541,0.727000
on,run_03.json,1542,1.265000
on,run_03.json,1543,7.600000
on,run_03.json,1544,0.700000
on,run_03.json,1545,1.044000
on,run_03.json,1546,1.710000
on,run_03.json,1547,0.732000
on,run_03.json,1548,0.685000
on,run_03.json,1549,0.712000
on,run_03.json,1550,0.726000
on,run_03.json,1551,1.358000
on,run_03.json,1552,8.748000
on,run_03.json,1553,0.879000
on,run_03.json,1554,0.906000
on,run_03.json,1555,1.728000
on,run_03.json,1556,0.718000
on,run_03.json,1557,0.741000
on,run_03.json,1558,0.743000
on,run_03.json,1559,0.660000
on,run_03.json,1560,1.458000
on,run_03.json,1561,8.897000
on,run_03.json,1562,0.692000
on,run_03.json,1563,0.967000
on,run_03.json,1564,0.713000
on,run_03.json,1565,1.605000
on,run_03.json,1566,0.659000
on,run_03.json,1567,0.705000
on,run_03.json,1568,0.630000
on,run_03.json,1569,0.655000
on,run_03.json,1570,1.401000
on,run_03.json,1571,8.592000
on,run_03.json,1572,0.799000
on,run_03.json,1573,0.990000
on,run_03.json,1574,1.637000
on,run_03.json,1575,0.712000
on,run_03.json,1576,0.765000
on,run_03.json,1577,0.720000
on,run_03.json,1578,0.727000
on,run_03.json,1579,1.318000
on,run_03.json,1580,9.130000
on,run_03.json,1581,0.761000
on,run_03.json,1582,1.022000
on,run_03.json,1583,1.617000
on,run_03.json,1584,0.713000
on,run_03.json,1585,0.719000
on,run_03.json,1586,0.765000
on,run_03.json,1587,0.747000
on,run_03.json,1588,1.403000
on,run_03.json,1589,10.397000
on,run_03.json,1590,0.929000
on,run_03.json,1591,0.939000
on,run_03.json,1592,1.855000
on,run_03.json,1593,0.787000
on,run_03.json,1594,0.671000
on,run_03.json,1595,0.720000
on,run_03.json,1596,0.693000
on,run_03.json,1597,1.472000
on,run_03.json,1598,9.306000
on,run_03.json,1599,0.004000
on,run_04.json,0,0.656000
on,run_04.json,1,14.497000
on,run_04.json,2,1.060000
on,run_04.json,3,0.686000
on,run_04.json,4,0.706000
on,run_04.json,5,14.295000
on,run_04.json,6,0.653000
on,run_04.json,7,0.958000
on,run_04.json,8,0.593000
on,run_04.json,9,15.835000
on,run_04.json,10,1.048000
on,run_04.json,11,0.662000
on,run_04.json,12,0.976000
on,run_04.json,13,13.940000
on,run_04.json,14,1.276000
on,run_04.json,15,0.764000
on,run_04.json,16,15.153000
on,run_04.json,17,0.866000
on,run_04.json,18,0.790000
on,run_04.json,19,0.726000
on,run_04.json,20,14.162000
on,run_04.json,21,0.726000
on,run_04.json,22,2.294000
on,run_04.json,23,14.511000
on,run_04.json,24,0.727000
on,run_04.json,25,1.221000
on,run_04.json,26,15.028000
on,run_04.json,27,1.011000
on,run_04.json,28,0.828000
on,run_04.json,29,0.714000
on,run_04.json,30,14.302000
on,run_04.json,31,1.289000
on,run_04.json,32,2.479000
on,run_04.json,33,1.002000
on,run_04.json,34,11.938000
on,run_04.json,35,0.966000
on,run_04.json,36,1.019000
on,run_04.json,37,1.679000
on,run_04.json,38,13.757000
on,run_04.json,39,1.240000
on,run_04.json,40,0.780000
on,run_04.json,41,14.580000
on,run_04.json,42,1.460000
on,run_04.json,43,0.881000
on,run_04.json,44,2.172000
on,run_04.json,45,12.420000
on,run_04.json,46,0.985000
on,run_04.json,47,0.731000
on,run_04.json,48,1.547000
on,run_04.json,49,1.338000
on,run_04.json,50,12.264000
on,run_04.json,51,0.667000
on,run_04.json,52,0.960000
on,run_04.json,53,0.716000
on,run_04.json,54,1.460000
on,run_04.json,55,13.194000
on,run_04.json,56,0.782000
on,run_04.json,57,0.815000
on,run_04.json,58,1.696000
on,run_04.json,59,1.360000
on,run_04.json,60,12.003000
on,run_04.json,61,0.758000
on,run_04.json,62,1.062000
on,run_04.json,63,1.606000
on,run_04.json,64,1.341000
on,run_04.json,65,11.673000
on,run_04.json,66,0.818000
on,run_04.json,67,1.085000
on,run_04.json,68,0.620000
on,run_04.json,69,2.287000
on,run_04.json,70,11.521000
on,run_04.json,71,0.774000
on,run_04.json,72,0.965000
on,run_04.json,73,0.648000
on,run_04.json,74,2.178000
on,run_04.json,75,11.256000
on,run_04.json,76,0.760000
on,run_04.json,77,0.866000
on,run_04.json,78,0.631000
on,run_04.json,79,1.492000
on,run_04.json,80,1.238000
on,run_04.json,81,11.361000
on,run_04.json,82,0.796000
on,run_04.json,83,0.823000
on,run_04.json,84,0.635000
on,run_04.json,85,1.531000
on,run_04.json,86,1.370000
on,run_04.json,87,10.696000
on,run_04.json,88,0.654000
on,run_04.json,89,0.954000
on,run_04.json,90,0.653000
on,run_04.json,91,1.453000
on,run_04.json,92,1.251000
on,run_04.json,93,11.436000
on,run_04.json,94,0.659000
on,run_04.json,95,0.897000
on,run_04.json,96,0.658000
on,run_04.json,97,1.408000
on,run_04.json,98,1.263000
on,run_04.json,99,10.930000
on,run_04.json,100,0.683000
on,run_04.json,101,1.088000
on,run_04.json,102,0.762000
on,run_04.json,103,1.423000
on,run_04.json,104,11.537000
on,run_04.json,105,0.649000
on,run_04.json,106,0.939000
on,run_04.json,107,0.586000
on,run_04.json,108,1.552000
on,run_04.json,109,1.431000
on,run_04.json,110,11.743000
on,run_04.json,111,1.247000
on,run_04.json,112,0.783000
on,run_04.json,113,1.415000
on,run_04.json,114,1.490000
on,run_04.json,115,11.646000
on,run_04.json,116,0.839000
on,run_04.json,117,0.965000
on,run_04.json,118,1.583000
on,run_04.json,119,1.430000
on,run_04.json,120,11.923000
on,run_04.json,121,0.870000
on,run_04.json,122,0.940000
on,run_04.json,123,1.441000
on,run_04.json,124,1.499000
on,run_04.json,125,11.876000
on,run_04.json,126,0.755000
on,run_04.json,127,0.774000
on,run_04.json,128,0.606000
on,run_04.json,129,1.430000
on,run_04.json,130,13.108000
on,run_04.json,131,0.688000
on,run_04.json,132,0.919000
on,run_04.json,133,0.700000
on,run_04.json,134,1.425000
on,run_04.json,135,12.879000
on,run_04.json,136,0.740000
on,run_04.json,137,0.895000
on,run_04.json,138,1.618000
on,run_04.json,139,1.390000
on,run_04.json,140,11.990000
on,run_04.json,141,0.755000
on,run_04.json,142,0.888000
on,run_04.json,143,0.704000
on,run_04.json,144,1.414000
on,run_04.json,145,12.955000
on,run_04.json,146,0.586000
on,run_04.json,147,0.971000
on,run_04.json,148,0.593000
on,run_04.json,149,1.474000
on,run_04.json,150,12.956000
on,run_04.json,151,0.678000
on,run_04.json,152,0.914000
on,run_04.json,153,0.606000
on,run_04.json,154,1.452000
on,run_04.json,155,1.307000
on,run_04.json,156,11.734000
on,run_04.json,157,0.577000
on,run_04.json,158,0.996000
on,run_04.json,159,0.648000
on,run_04.json,160,1.398000
on,run_04.json,161,1.431000
on,run_04.json,162,11.523000
on,run_04.json,163,0.750000
on,run_04.json,164,1.036000
on,run_04.json,165,1.642000
on,run_04.json,166,1.391000
on,run_04.json,167,11.916000
on,run_04.json,168,0.743000
on,run_04.json,169,0.952000
on,run_04.json,170,0.623000
on,run_04.json,171,1.373000
on,run_04.json,172,1.333000
on,run_04.json,173,11.574000
on,run_04.json,174,0.657000
on,run_04.json,175,1.029000
on,run_04.json,176,1.832000
on,run_04.json,177,1.383000
on,run_04.json,178,11.895000
on,run_04.json,179,0.850000
on,run_04.json,180,0.910000
on,run_04.json,181,1.644000
on,run_04.json,182,1.249000
on,run_04.json,183,11.916000
on,run_04.json,184,0.622000
on,run_04.json,185,0.927000
on,run_04.json,186,0.718000
on,run_04.json,187,1.452000
on,run_04.json,188,12.906000
on,run_04.json,189,0.629000
on,run_04.json,190,0.880000
on,run_04.json,191,0.566000
on,run_04.json,192,1.469000
on,run_04.json,193,1.418000
on,run_04.json,194,11.968000
on,run_04.json,195,1.131000
on,run_04.json,196,0.662000
on,run_04.json,197,1.446000
on,run_04.json,198,1.279000
on,run_04.json,199,12.125000
on,run_04.json,200,0.699000
on,run_04.json,201,1.065000
on,run_04.json,202,1.582000
on,run_04.json,203,1.473000
on,run_04.json,204,11.795000
on,run_04.json,205,0.896000
on,run_04.json,206,0.897000
on,run_04.json,207,1.567000
on,run_04.json,208,1.579000
on,run_04.json,209,11.738000
on,run_04.json,210,0.784000
on,run_04.json,211,1.072000
on,run_04.json,212,1.653000
on,run_04.json,213,13.111000
on,run_04.json,214,0.757000
on,run_04.json,215,1.024000
on,run_04.json,216,1.699000
on,run_04.json,217,1.300000
on,run_04.json,218,11.701000
on,run_04.json,219,0.740000
on,run_04.json,220,0.871000
on,run_04.json,221,0.690000
on,run_04.json,222,1.489000
on,run_04.json,223,13.023000
on,run_04.json,224,0.731000
on,run_04.json,225,1.188000
on,run_04.json,226,1.623000
on,run_04.json,227,1.401000
on,run_04.json,228,11.917000
on,run_04.json,229,0.983000
on,run_04.json,230,0.725000
on,run_04.json,231,0.697000
on,run_04.json,232,2.338000
on,run_04.json,233,11.588000
on,run_04.json,234,0.669000
on,run_04.json,235,0.963000
on,run_04.json,236,0.655000
on,run_04.json,237,1.469000
on,run_04.json,238,1.409000
on,run_04.json,239,11.501000
on,run_04.json,240,0.807000
on,run_04.json,241,0.934000
on,run_04.json,242,0.739000
on,run_04.json,243,2.204000
on,run_04.json,244,12.136000
on,run_04.json,245,0.810000
on,run_04.json,246,1.027000
on,run_04.json,247,1.582000
on,run_04.json,248,1.517000
on,run_04.json,249,11.590000
on,run_04.json,250,0.661000
on,run_04.json,251,0.961000
on,run_04.json,252,0.678000
on,run_04.json,253,1.467000
on,run_04.json,254,13.027000
on,run_04.json,255,0.817000
on,run_04.json,256,1.214000
on,run_04.json,257,1.605000
on,run_04.json,258,1.504000
on,run_04.json,259,11.605000
on,run_04.json,260,0.862000
on,run_04.json,261,1.051000
on,run_04.json,262,1.462000
on,run_04.json,263,1.499000
on,run_04.json,264,11.747000
on,run_04.json,265,1.485000
on,run_04.json,266,1.010000
on,run_04.json,267,1.329000
on,run_04.json,268,0.654000
on,run_04.json,269,1.504000
on,run_04.json,270,10.619000
on,run_04.json,271,0.718000
on,run_04.json,272,1.111000
on,run_04.json,273,1.560000
on,run_04.json,274,1.417000
on,run_04.json,275,11.989000
on,run_04.json,276,0.994000
on,run_04.json,277,0.999000
on,run_04.json,278,1.365000
on,run_04.json,279,1.506000
on,run_04.json,280,11.816000
on,run_04.json,281,0.911000
on,run_04.json,282,0.903000
on,run_04.json,283,1.558000
on,run_04.json,284,0.687000
on,run_04.json,285,1.441000
on,run_04.json,286,12.117000
on,run_04.json,287,0.686000
on,run_04.json,288,0.971000
on,run_04.json,289,0.692000
on,run_04.json,290,1.459000
on,run_04.json,291,0.706000
on,run_04.json,292,1.466000
on,run_04.json,293,10.989000
on,run_04.json,294,0.660000
on,run_04.json,295,1.044000
on,run_04.json,296,0.722000
on,run_04.json,297,1.480000
on,run_04.json,298,0.714000
on,run_04.json,299,1.500000
on,run_04.json,300,10.911000
on,run_04.json,301,0.666000
on,run_04.json,302,1.012000
on,run_04.json,303,0.644000
on,run_04.json,304,1.584000
on,run_04.json,305,0.759000
on,run_04.json,306,1.427000
on,run_04.json,307,8.855000
on,run_04.json,308,0.737000
on,run_04.json,309,0.985000
on,run_04.json,310,0.731000
on,run_04.json,311,1.513000
on,run_04.json,312,0.697000
on,run_04.json,313,1.428000
on,run_04.json,314,10.314000
on,run_04.json,315,0.861000
on,run_04.json,316,0.848000
on,run_04.json,317,1.638000
on,run_04.json,318,0.676000
on,run_04.json,319,0.691000
on,run_04.json,320,1.311000
on,run_04.json,321,10.795000
on,run_04.json,322,0.791000
on,run_04.json,323,0.876000
on,run_04.json,324,0.721000
on,run_04.json,325,1.472000
on,run_04.json,326,0.622000
on,run_04.json,327,1.394000
on,run_04.json,328,14.761000
on,run_04.json,329,1.109000
on,run_04.json,330,0.837000
on,run_04.json,331,1.478000
on,run_04.json,332,0.713000
on,run_04.json,333,1.439000
on,run_04.json,334,11.024000
on,run_04.json,335,0.848000
on,run_04.json,336,0.863000
on,run_04.json,337,1.615000
on,run_04.json,338,0.655000
on,run_04.json,339,0.653000
on,run_04.json,340,1.362000
on,run_04.json,341,10.606000
on,run_04.json,342,0.658000
on,run_04.json,343,1.002000
on,run_04.json,344,1.706000
on,run_04.json,345,0.689000
on,run_04.json,346,0.617000
on,run_04.json,347,1.311000
on,run_04.json,348,11.178000
on,run_04.json,349,0.753000
on,run_04.json,350,0.993000
on,run_04.json,351,1.517000
on,run_04.json,352,0.694000
on,run_04.json,353,1.317000
on,run_04.json,354,10.922000
on,run_04.json,355,0.700000
on,run_04.json,356,0.966000
on,run_04.json,357,0.638000
on,run_04.json,358,1.542000
on,run_04.json,359,0.656000
on,run_04.json,360,1.374000
on,run_04.json,361,10.556000
on,run_04.json,362,0.713000
on,run_04.json,363,2.332000
on,run_04.json,364,0.554000
on,run_04.json,365,0.701000
on,run_04.json,366,1.307000
on,run_04.json,367,11.236000
on,run_04.json,368,0.908000
on,run_04.json,369,0.880000
on,run_04.json,370,1.465000
on,run_04.json,371,0.816000
on,run_04.json,372,0.794000
on,run_04.json,373,12.786000
on,run_04.json,374,0.153000
on,run_04.json,375,1.731000
on,run_04.json,376,0.609000
on,run_04.json,377,0.794000
on,run_04.json,378,11.806000
on,run_04.json,379,0.945000
on,run_04.json,380,1.005000
on,run_04.json,381,1.365000
on,run_04.json,382,0.745000
on,run_04.json,383,0.678000
on,run_04.json,384,11.568000
on,run_04.json,385,0.626000
on,run_04.json,386,1.076000
on,run_04.json,387,0.730000
on,run_04.json,388,1.464000
on,run_04.json,389,0.667000
on,run_04.json,390,1.429000
on,run_04.json,391,9.179000
on,run_04.json,392,0.634000
on,run_04.json,393,0.966000
on,run_04.json,394,0.589000
on,run_04.json,395,1.483000
on,run_04.json,396,0.598000
on,run_04.json,397,1.282000
on,run_04.json,398,9.561000
on,run_04.json,399,0.659000
on,run_04.json,400,0.967000
on,run_04.json,401,0.633000
on,run_04.json,402,1.478000
on,run_04.json,403,0.678000
on,run_04.json,404,1.283000
on,run_04.json,405,11.776000
on,run_04.json,406,0.793000
on,run_04.json,407,1.063000
on,run_04.json,408,1.430000
on,run_04.json,409,0.632000
on,run_04.json,410,0.712000
on,run_04.json,411,1.310000
on,run_04.json,412,12.004000
on,run_04.json,413,0.805000
on,run_04.json,414,0.824000
on,run_04.json,415,0.674000
on,run_04.json,416,1.482000
on,run_04.json,417,0.665000
on,run_04.json,418,1.421000
on,run_04.json,419,10.572000
on,run_04.json,420,0.686000
on,run_04.json,421,1.150000
on,run_04.json,422,1.770000
on,run_04.json,423,0.852000
on,run_04.json,424,1.353000
on,run_04.json,425,10.607000
on,run_04.json,426,0.879000
on,run_04.json,427,0.851000
on,run_04.json,428,1.468000
on,run_04.json,429,0.673000
on,run_04.json,430,0.615000
on,run_04.json,431,1.352000
on,run_04.json,432,10.779000
on,run_04.json,433,0.841000
on,run_04.json,434,0.995000
on,run_04.json,435,1.641000
on,run_04.json,436,0.682000
on,run_04.json,437,0.620000
on,run_04.json,438,1.361000
on,run_04.json,439,10.841000
on,run_04.json,440,0.665000
on,run_04.json,441,1.000000
on,run_04.json,442,1.657000
on,run_04.json,443,0.654000
on,run_04.json,444,0.884000
on,run_04.json,445,12.293000
on,run_04.json,446,0.735000
on,run_04.json,447,0.969000
on,run_04.json,448,0.623000
on,run_04.json,449,1.548000
on,run_04.json,450,0.697000
on,run_04.json,451,1.437000
on,run_04.json,452,10.434000
on,run_04.json,453,0.766000
on,run_04.json,454,0.878000
on,run_04.json,455,0.647000
on,run_04.json,456,1.588000
on,run_04.json,457,0.698000
on,run_04.json,458,1.454000
on,run_04.json,459,11.080000
on,run_04.json,460,0.898000
on,run_04.json,461,1.020000
on,run_04.json,462,1.798000
on,run_04.json,463,0.707000
on,run_04.json,464,1.324000
on,run_04.json,465,11.410000
on,run_04.json,466,0.791000
on,run_04.json,467,0.920000
on,run_04.json,468,0.661000
on,run_04.json,469,1.547000
on,run_04.json,470,0.642000
on,run_04.json,471,1.434000
on,run_04.json,472,10.819000
on,run_04.json,473,0.633000
on,run_04.json,474,1.030000
on,run_04.json,475,0.602000
on,run_04.json,476,1.561000
on,run_04.json,477,0.613000
on,run_04.json,478,1.352000
on,run_04.json,479,11.539000
on,run_04.json,480,0.596000
on,run_04.json,481,0.984000
on,run_04.json,482,0.610000
on,run_04.json,483,1.549000
on,run_04.json,484,0.643000
on,run_04.json,485,10.552000
on,run_04.json,486,0.662000
on,run_04.json,487,0.908000
on,run_04.json,488,0.631000
on,run_04.json,489,1.530000
on,run_04.json,490,0.666000
on,run_04.json,491,1.444000
on,run_04.json,492,9.239000
on,run_04.json,493,0.654000
on,run_04.json,494,1.033000
on,run_04.json,495,0.645000
on,run_04.json,496,1.473000
on,run_04.json,497,0.657000
on,run_04.json,498,1.367000
on,run_04.json,499,10.362000
on,run_04.json,500,0.689000
on,run_04.json,501,0.964000
on,run_04.json,502,0.604000
on,run_04.json,503,1.490000
on,run_04.json,504,0.685000
on,run_04.json,505,1.397000
on,run_04.json,506,10.843000
on,run_04.json,507,0.636000
on,run_04.json,508,1.232000
on,run_04.json,509,1.602000
on,run_04.json,510,0.677000
on,run_04.json,511,0.707000
on,run_04.json,512,12.036000
on,run_04.json,513,0.791000
on,run_04.json,514,0.779000
on,run_04.json,515,0.601000
on,run_04.json,516,1.667000
on,run_04.json,517,0.747000
on,run_04.json,518,1.491000
on,run_04.json,519,10.386000
on,run_04.json,520,0.635000
on,run_04.json,521,0.909000
on,run_04.json,522,0.632000
on,run_04.json,523,1.449000
on,run_04.json,524,0.689000
on,run_04.json,525,1.408000
on,run_04.json,526,11.006000
on,run_04.json,527,0.667000
on,run_04.json,528,1.091000
on,run_04.json,529,0.763000
on,run_04.json,530,1.332000
on,run_04.json,531,0.809000
on,run_04.json,532,1.366000
on,run_04.json,533,11.145000
on,run_04.json,534,0.641000
on,run_04.json,535,0.946000
on,run_04.json,536,0.647000
on,run_04.json,537,1.450000
on,run_04.json,538,0.696000
on,run_04.json,539,1.461000
on,run_04.json,540,11.814000
on,run_04.json,541,0.798000
on,run_04.json,542,1.097000
on,run_04.json,543,1.354000
on,run_04.json,544,0.802000
on,run_04.json,545,0.723000
on,run_04.json,546,12.261000
on,run_04.json,547,0.700000
on,run_04.json,548,1.004000
on,run_04.json,549,1.768000
on,run_04.json,550,0.622000
on,run_04.json,551,0.630000
on,run_04.json,552,1.381000
on,run_04.json,553,11.420000
on,run_04.json,554,0.699000
on,run_04.json,555,0.958000
on,run_04.json,556,0.659000
on,run_04.json,557,1.522000
on,run_04.json,558,0.611000
on,run_04.json,559,1.582000
on,run_04.json,560,11.035000
on,run_04.json,561,0.707000
on,run_04.json,562,0.994000
on,run_04.json,563,1.679000
on,run_04.json,564,0.727000
on,run_04.json,565,0.737000
on,run_04.json,566,12.473000
on,run_04.json,567,0.722000
on,run_04.json,568,1.174000
on,run_04.json,569,1.787000
on,run_04.json,570,0.770000
on,run_04.json,571,12.677000
on,run_04.json,572,0.690000
on,run_04.json,573,1.071000
on,run_04.json,574,1.636000
on,run_04.json,575,0.669000
on,run_04.json,576,0.706000
on,run_04.json,577,11.970000
on,run_04.json,578,0.702000
on,run_04.json,579,1.016000
on,run_04.json,580,1.652000
on,run_04.json,581,0.672000
on,run_04.json,582,0.691000
on,run_04.json,583,1.447000
on,run_04.json,584,10.758000
on,run_04.json,585,0.693000
on,run_04.json,586,0.991000
on,run_04.json,587,0.627000
on,run_04.json,588,1.542000
on,run_04.json,589,0.665000
on,run_04.json,590,1.354000
on,run_04.json,591,10.568000
on,run_04.json,592,0.655000
on,run_04.json,593,1.020000
on,run_04.json,594,0.660000
on,run_04.json,595,1.441000
on,run_04.json,596,0.648000
on,run_04.json,597,1.287000
on,run_04.json,598,9.793000
on,run_04.json,599,0.621000
on,run_04.json,600,0.992000
on,run_04.json,601,0.632000
on,run_04.json,602,1.522000
on,run_04.json,603,0.602000
on,run_04.json,604,1.328000
on,run_04.json,605,10.648000
on,run_04.json,606,0.653000
on,run_04.json,607,0.951000
on,run_04.json,608,0.620000
on,run_04.json,609,1.526000
on,run_04.json,610,0.630000
on,run_04.json,611,1.288000
on,run_04.json,612,10.333000
on,run_04.json,613,0.644000
on,run_04.json,614,1.003000
on,run_04.json,615,0.724000
on,run_04.json,616,1.465000
on,run_04.json,617,0.729000
on,run_04.json,618,1.455000
on,run_04.json,619,10.261000
on,run_04.json,620,0.801000
on,run_04.json,621,0.955000
on,run_04.json,622,1.610000
on,run_04.json,623,0.647000
on,run_04.json,624,0.614000
on,run_04.json,625,1.317000
on,run_04.json,626,9.347000
on,run_04.json,627,0.614000
on,run_04.json,628,0.908000
on,run_04.json,629,0.657000
on,run_04.json,630,1.469000
on,run_04.json,631,0.635000
on,run_04.json,632,1.317000
on,run_04.json,633,10.584000
on,run_04.json,634,0.865000
on,run_04.json,635,0.832000
on,run_04.json,636,1.605000
on,run_04.json,637,0.652000
on,run_04.json,638,0.649000
on,run_04.json,639,11.967000
on,run_04.json,640,0.634000
on,run_04.json,641,0.946000
on,run_04.json,642,0.623000
on,run_04.json,643,1.524000
on,run_04.json,644,0.648000
on,run_04.json,645,1.364000
on,run_04.json,646,10.887000
on,run_04.json,647,0.676000
on,run_04.json,648,1.040000
on,run_04.json,649,1.704000
on,run_04.json,650,0.709000
on,run_04.json,651,0.921000
on,run_04.json,652,11.728000
on,run_04.json,653,0.685000
on,run_04.json,654,0.970000
on,run_04.json,655,0.642000
on,run_04.json,656,1.604000
on,run_04.json,657,0.684000
on,run_04.json,658,1.306000
on,run_04.json,659,10.634000
on,run_04.json,660,0.618000
on,run_04.json,661,1.016000
on,run_04.json,662,0.666000
on,run_04.json,663,1.514000
on,run_04.json,664,0.666000
on,run_04.json,665,1.472000
on,run_04.json,666,10.892000
on,run_04.json,667,0.641000
on,run_04.json,668,0.991000
on,run_04.json,669,0.612000
on,run_04.json,670,1.524000
on,run_04.json,671,0.662000
on,run_04.json,672,1.359000
on,run_04.json,673,10.737000
on,run_04.json,674,0.661000
on,run_04.json,675,0.954000
on,run_04.json,676,0.598000
on,run_04.json,677,1.583000
on,run_04.json,678,0.613000
on,run_04.json,679,1.419000
on,run_04.json,680,10.895000
on,run_04.json,681,0.694000
on,run_04.json,682,0.861000
on,run_04.json,683,0.615000
on,run_04.json,684,1.505000
on,run_04.json,685,0.621000
on,run_04.json,686,0.630000
on,run_04.json,687,0.609000
on,run_04.json,688,1.493000
on,run_04.json,689,9.697000
on,run_04.json,690,0.652000
on,run_04.json,691,0.942000
on,run_04.json,692,0.623000
on,run_04.json,693,1.596000
on,run_04.json,694,0.626000
on,run_04.json,695,12.374000
on,run_04.json,696,0.779000
on,run_04.json,697,0.928000
on,run_04.json,698,1.663000
on,run_04.json,699,0.655000
on,run_04.json,700,0.616000
on,run_04.json,701,1.296000
on,run_04.json,702,10.505000
on,run_04.json,703,0.661000
on,run_04.json,704,2.442000
on,run_04.json,705,0.520000
on,run_04.json,706,0.623000
on,run_04.json,707,0.666000
on,run_04.json,708,0.622000
on,run_04.json,709,1.326000
on,run_04.json,710,9.831000
on,run_04.json,711,0.641000
on,run_04.json,712,0.921000
on,run_04.json,713,0.604000
on,run_04.json,714,1.549000
on,run_04.json,715,2.103000
on,run_04.json,716,10.845000
on,run_04.json,717,0.628000
on,run_04.json,718,1.179000
on,run_04.json,719,1.799000
on,run_04.json,720,0.656000
on,run_04.json,721,0.665000
on,run_04.json,722,0.679000
on,run_04.json,723,1.562000
on,run_04.json,724,9.435000
on,run_04.json,725,0.685000
on,run_04.json,726,0.963000
on,run_04.json,727,0.678000
on,run_04.json,728,1.690000
on,run_04.json,729,0.682000
on,run_04.json,730,0.752000
on,run_04.json,731,1.380000
on,run_04.json,732,9.958000
on,run_04.json,733,0.754000
on,run_04.json,734,1.239000
on,run_04.json,735,1.565000
on,run_04.json,736,0.693000
on,run_04.json,737,0.691000
on,run_04.json,738,0.748000
on,run_04.json,739,1.604000
on,run_04.json,740,9.398000
on,run_04.json,741,0.869000
on,run_04.json,742,0.990000
on,run_04.json,743,1.787000
on,run_04.json,744,0.722000
on,run_04.json,745,0.727000
on,run_04.json,746,1.630000
on,run_04.json,747,9.757000
on,run_04.json,748,0.795000
on,run_04.json,749,0.961000
on,run_04.json,750,0.811000
on,run_04.json,751,1.546000
on,run_04.json,752,0.693000
on,run_04.json,753,0.802000
on,run_04.json,754,1.494000
on,run_04.json,755,9.748000
on,run_04.json,756,0.964000
on,run_04.json,757,1.061000
on,run_04.json,758,1.827000
on,run_04.json,759,0.723000
on,run_04.json,760,0.702000
on,run_04.json,761,1.419000
on,run_04.json,762,9.873000
on,run_04.json,763,0.794000
on,run_04.json,764,0.968000
on,run_04.json,765,0.700000
on,run_04.json,766,1.654000
on,run_04.json,767,0.728000
on,run_04.json,768,0.744000
on,run_04.json,769,1.366000
on,run_04.json,770,9.585000
on,run_04.json,771,0.696000
on,run_04.json,772,1.016000
on,run_04.json,773,0.733000
on,run_04.json,774,1.630000
on,run_04.json,775,0.651000
on,run_04.json,776,0.728000
on,run_04.json,777,1.382000
on,run_04.json,778,10.036000
on,run_04.json,779,0.899000
on,run_04.json,780,0.923000
on,run_04.json,781,0.751000
on,run_04.json,782,1.555000
on,run_04.json,783,0.675000
on,run_04.json,784,0.741000
on,run_04.json,785,1.432000
on,run_04.json,786,9.643000
on,run_04.json,787,0.780000
on,run_04.json,788,1.069000
on,run_04.json,789,1.793000
on,run_04.json,790,0.713000
on,run_04.json,791,0.815000
on,run_04.json,792,1.463000
on,run_04.json,793,9.911000
on,run_04.json,794,0.720000
on,run_04.json,795,1.035000
on,run_04.json,796,0.803000
on,run_04.json,797,1.563000
on,run_04.json,798,0.748000
on,run_04.json,799,0.748000
on,run_04.json,800,11.202000
on,run_04.json,801,0.729000
on,run_04.json,802,1.084000
on,run_04.json,803,1.665000
on,run_04.json,804,0.708000
on,run_04.json,805,0.741000
on,run_04.json,806,0.757000
on,run_04.json,807,1.433000
on,run_04.json,808,9.854000
on,run_04.json,809,0.784000
on,run_04.json,810,1.005000
on,run_04.json,811,1.763000
on,run_04.json,812,0.753000
on,run_04.json,813,0.652000
on,run_04.json,814,0.748000
on,run_04.json,815,1.385000
on,run_04.json,816,10.596000
on,run_04.json,817,0.732000
on,run_04.json,818,0.720000
on,run_04.json,819,0.711000
on,run_04.json,820,1.985000
on,run_04.json,821,0.779000
on,run_04.json,822,0.783000
on,run_04.json,823,11.429000
on,run_04.json,824,0.963000
on,run_04.json,825,1.141000
on,run_04.json,826,1.805000
on,run_04.json,827,0.841000
on,run_04.json,828,0.874000
on,run_04.json,829,1.433000
on,run_04.json,830,7.946000
on,run_04.json,831,0.849000
on,run_04.json,832,1.097000
on,run_04.json,833,1.629000
on,run_04.json,834,0.830000
on,run_04.json,835,0.701000
on,run_04.json,836,0.739000
on,run_04.json,837,10.583000
on,run_04.json,838,0.797000
on,run_04.json,839,1.109000
on,run_04.json,840,1.682000
on,run_04.json,841,0.848000
on,run_04.json,842,0.740000
on,run_04.json,843,1.352000
on,run_04.json,844,10.215000
on,run_04.json,845,0.834000
on,run_04.json,846,1.039000
on,run_04.json,847,1.587000
on,run_04.json,848,0.813000
on,run_04.json,849,0.778000
on,run_04.json,850,0.734000
on,run_04.json,851,14.626000
on,run_04.json,852,0.770000
on,run_04.json,853,1.096000
on,run_04.json,854,1.630000
on,run_04.json,855,0.682000
on,run_04.json,856,0.740000
on,run_04.json,857,0.642000
on,run_04.json,858,1.395000
on,run_04.json,859,9.754000
on,run_04.json,860,0.740000
on,run_04.json,861,0.970000
on,run_04.json,862,0.737000
on,run_04.json,863,1.630000
on,run_04.json,864,0.696000
on,run_04.json,865,0.746000
on,run_04.json,866,1.348000
on,run_04.json,867,9.916000
on,run_04.json,868,0.850000
on,run_04.json,869,1.014000
on,run_04.json,870,1.654000
on,run_04.json,871,0.733000
on,run_04.json,872,0.689000
on,run_04.json,873,0.692000
on,run_04.json,874,1.652000
on,run_04.json,875,9.339000
on,run_04.json,876,0.685000
on,run_04.json,877,1.045000
on,run_04.json,878,0.735000
on,run_04.json,879,1.592000
on,run_04.json,880,0.696000
on,run_04.json,881,0.650000
on,run_04.json,882,1.566000
on,run_04.json,883,9.589000
on,run_04.json,884,0.779000
on,run_04.json,885,1.046000
on,run_04.json,886,1.623000
on,run_04.json,887,0.723000
on,run_04.json,888,0.647000
on,run_04.json,889,0.760000
on,run_04.json,890,1.406000
on,run_04.json,891,9.484000
on,run_04.json,892,0.740000
on,run_04.json,893,1.026000
on,run_04.json,894,1.602000
on,run_04.json,895,0.818000
on,run_04.json,896,0.757000
on,run_04.json,897,0.778000
on,run_04.json,898,1.343000
on,run_04.json,899,9.294000
on,run_04.json,900,0.765000
on,run_04.json,901,1.069000
on,run_04.json,902,1.857000
on,run_04.json,903,0.671000
on,run_04.json,904,0.676000
on,run_04.json,905,0.693000
on,run_04.json,906,10.673000
on,run_04.json,907,0.660000
on,run_04.json,908,1.030000
on,run_04.json,909,0.766000
on,run_04.json,910,1.560000
on,run_04.json,911,0.641000
on,run_04.json,912,0.766000
on,run_04.json,913,1.457000
on,run_04.json,914,8.570000
on,run_04.json,915,0.799000
on,run_04.json,916,0.940000
on,run_04.json,917,1.660000
on,run_04.json,918,0.698000
on,run_04.json,919,0.745000
on,run_04.json,920,0.755000
on,run_04.json,921,1.501000
on,run_04.json,922,7.997000
on,run_04.json,923,0.747000
on,run_04.json,924,1.050000
on,run_04.json,925,1.632000
on,run_04.json,926,0.670000
on,run_04.json,927,0.776000
on,run_04.json,928,0.714000
on,run_04.json,929,1.448000
on,run_04.json,930,10.033000
on,run_04.json,931,0.772000
on,run_04.json,932,1.062000
on,run_04.json,933,1.624000
on,run_04.json,934,0.740000
on,run_04.json,935,0.735000
on,run_04.json,936,0.775000
on,run_04.json,937,12.326000
on,run_04.json,938,0.936000
on,run_04.json,939,0.908000
on,run_04.json,940,1.634000
on,run_04.json,941,0.874000
on,run_04.json,942,0.710000
on,run_04.json,943,1.437000
on,run_04.json,944,9.647000
on,run_04.json,945,0.758000
on,run_04.json,946,0.981000
on,run_04.json,947,0.736000
on,run_04.json,948,1.642000
on,run_04.json,949,0.720000
on,run_04.json,950,0.738000
on,run_04.json,951,1.514000
on,run_04.json,952,9.473000
on,run_04.json,953,0.793000
on,run_04.json,954,1.007000
on,run_04.json,955,0.864000
on,run_04.json,956,1.594000
on,run_04.json,957,0.759000
on,run_04.json,958,0.755000
on,run_04.json,959,11.192000
on,run_04.json,960,0.810000
on,run_04.json,961,0.995000
on,run_04.json,962,0.774000
on,run_04.json,963,1.518000
on,run_04.json,964,0.681000
on,run_04.json,965,0.727000
on,run_04.json,966,1.405000
on,run_04.json,967,9.823000
on,run_04.json,968,0.707000
on,run_04.json,969,1.052000
on,run_04.json,970,0.677000
on,run_04.json,971,1.609000
on,run_04.json,972,0.737000
on,run_04.json,973,0.696000
on,run_04.json,974,1.506000
on,run_04.json,975,9.796000
on,run_04.json,976,0.723000
on,run_04.json,977,1.012000
on,run_04.json,978,1.783000
on,run_04.json,979,0.762000
on,run_04.json,980,0.750000
on,run_04.json,981,0.698000
on,run_04.json,982,1.478000
on,run_04.json,983,9.803000
on,run_04.json,984,0.790000
on,run_04.json,985,1.062000
on,run_04.json,986,1.740000
on,run_04.json,987,0.762000
on,run_04.json,988,0.761000
on,run_04.json,989,0.685000
on,run_04.json,990,11.574000
on,run_04.json,991,0.940000
on,run_04.json,992,0.877000
on,run_04.json,993,1.826000
on,run_04.json,994,0.699000
on,run_04.json,995,0.762000
on,run_04.json,996,0.716000
on,run_04.json,997,11.268000
on,run_04.json,998,0.777000
on,run_04.json,999,1.057000
on,run_04.json,1000,1.593000
on,run_04.json,1001,0.688000
on,run_04.json,1002,0.703000
on,run_04.json,1003,0.697000
on,run_04.json,1004,1.367000
on,run_04.json,1005,9.896000
on,run_04.json,1006,0.651000
on,run_04.json,1007,1.130000
on,run_04.json,1008,1.618000
on,run_04.json,1009,0.629000
on,run_04.json,1010,0.711000
on,run_04.json,1011,0.632000
on,run_04.json,1012,1.398000
on,run_04.json,1013,8.202000
on,run_04.json,1014,0.701000
on,run_04.json,1015,1.034000
on,run_04.json,1016,0.656000
on,run_04.json,1017,1.641000
on,run_04.json,1018,0.724000
on,run_04.json,1019,0.660000
on,run_04.json,1020,1.412000
on,run_04.json,1021,8.208000
on,run_04.json,1022,0.745000
on,run_04.json,1023,1.005000
on,run_04.json,1024,1.649000
on,run_04.json,1025,0.715000
on,run_04.json,1026,0.740000
on,run_04.json,1027,0.700000
on,run_04.json,1028,1.367000
on,run_04.json,1029,9.523000
on,run_04.json,1030,0.746000
on,run_04.json,1031,1.008000
on,run_04.json,1032,1.647000
on,run_04.json,1033,0.705000
on,run_04.json,1034,0.698000
on,run_04.json,1035,0.715000
on,run_04.json,1036,11.469000
on,run_04.json,1037,1.245000
on,run_04.json,1038,0.904000
on,run_04.json,1039,1.518000
on,run_04.json,1040,0.862000
on,run_04.json,1041,0.730000
on,run_04.json,1042,1.356000
on,run_04.json,1043,9.818000
on,run_04.json,1044,0.805000
on,run_04.json,1045,2.285000
on,run_04.json,1046,0.573000
on,run_04.json,1047,0.659000
on,run_04.json,1048,0.729000
on,run_04.json,1049,0.734000
on,run_04.json,1050,10.828000
on,run_04.json,1051,0.828000
on,run_04.json,1052,1.041000
on,run_04.json,1053,1.502000
on,run_04.json,1054,0.688000
on,run_04.json,1055,0.693000
on,run_04.json,1056,2.103000
on,run_04.json,1057,10.551000
on,run_04.json,1058,0.778000
on,run_04.json,1059,1.044000
on,run_04.json,1060,1.630000
on,run_04.json,1061,0.747000
on,run_04.json,1062,0.747000
on,run_04.json,1063,0.686000
on,run_04.json,1064,1.447000
on,run_04.json,1065,10.323000
on,run_04.json,1066,0.756000
on,run_04.json,1067,0.945000
on,run_04.json,1068,1.751000
on,run_04.json,1069,0.630000
on,run_04.json,1070,0.711000
on,run_04.json,1071,0.671000
on,run_04.json,1072,1.424000
on,run_04.json,1073,10.287000
on,run_04.json,1074,0.765000
on,run_04.json,1075,1.009000
on,run_04.json,1076,1.700000
on,run_04.json,1077,0.669000
on,run_04.json,1078,0.712000
on,run_04.json,1079,0.745000
on,run_04.json,1080,1.380000
on,run_04.json,1081,10.629000
on,run_04.json,1082,0.679000
on,run_04.json,1083,1.027000
on,run_04.json,1084,1.763000
on,run_04.json,1085,0.717000
on,run_04.json,1086,0.756000
on,run_04.json,1087,0.775000
on,run_04.json,1088,1.393000
on,run_04.json,1089,10.026000
on,run_04.json,1090,0.782000
on,run_04.json,1091,1.039000
on,run_04.json,1092,1.669000
on,run_04.json,1093,0.746000
on,run_04.json,1094,0.765000
on,run_04.json,1095,0.758000
on,run_04.json,1096,1.343000
on,run_04.json,1097,10.186000
on,run_04.json,1098,0.702000
on,run_04.json,1099,1.067000
on,run_04.json,1100,0.733000
on,run_04.json,1101,1.540000
on,run_04.json,1102,0.736000
on,run_04.json,1103,0.689000
on,run_04.json,1104,1.358000
on,run_04.json,1105,10.263000
on,run_04.json,1106,0.772000
on,run_04.json,1107,1.021000
on,run_04.json,1108,1.707000
on,run_04.json,1109,0.756000
on,run_04.json,1110,0.678000
on,run_04.json,1111,0.742000
on,run_04.json,1112,1.362000
on,run_04.json,1113,9.870000
on,run_04.json,1114,0.758000
on,run_04.json,1115,1.159000
on,run_04.json,1116,1.550000
on,run_04.json,1117,0.747000
on,run_04.json,1118,0.676000
on,run_04.json,1119,0.695000
on,run_04.json,1120,1.321000
on,run_04.json,1121,9.160000
on,run_04.json,1122,0.704000
on,run_04.json,1123,1.042000
on,run_04.json,1124,0.669000
on,run_04.json,1125,1.604000
on,run_04.json,1126,0.696000
on,run_04.json,1127,0.619000
on,run_04.json,1128,1.330000
on,run_04.json,1129,8.787000
on,run_04.json,1130,0.717000
on,run_04.json,1131,1.009000
on,run_04.json,1132,0.652000
on,run_04.json,1133,1.627000
on,run_04.json,1134,0.692000
on,run_04.json,1135,0.669000
on,run_04.json,1136,1.382000
on,run_04.json,1137,9.332000
on,run_04.json,1138,0.769000
on,run_04.json,1139,0.971000
on,run_04.json,1140,0.812000
on,run_04.json,1141,1.470000
on,run_04.json,1142,0.745000
on,run_04.json,1143,0.656000
on,run_04.json,1144,10.484000
on,run_04.json,1145,0.899000
on,run_04.json,1146,0.850000
on,run_04.json,1147,1.656000
on,run_04.json,1148,0.669000
on,run_04.json,1149,0.713000
on,run_04.json,1150,0.612000
on,run_04.json,1151,9.807000
on,run_04.json,1152,0.812000
on,run_04.json,1153,0.869000
on,run_04.json,1154,0.700000
on,run_04.json,1155,1.596000
on,run_04.json,1156,0.728000
on,run_04.json,1157,0.640000
on,run_04.json,1158,1.374000
on,run_04.json,1159,9.836000
on,run_04.json,1160,0.662000
on,run_04.json,1161,0.975000
on,run_04.json,1162,1.687000
on,run_04.json,1163,0.732000
on,run_04.json,1164,0.637000
on,run_04.json,1165,0.714000
on,run_04.json,1166,1.350000
on,run_04.json,1167,9.881000
on,run_04.json,1168,0.740000
on,run_04.json,1169,0.983000
on,run_04.json,1170,1.686000
on,run_04.json,1171,0.691000
on,run_04.json,1172,0.692000
on,run_04.json,1173,0.713000
on,run_04.json,1174,1.275000
on,run_04.json,1175,9.895000
on,run_04.json,1176,0.705000
on,run_04.json,1177,0.977000
on,run_04.json,1178,1.656000
on,run_04.json,1179,0.686000
on,run_04.json,1180,0.714000
on,run_04.json,1181,0.709000
on,run_04.json,1182,1.498000
on,run_04.json,1183,9.952000
on,run_04.json,1184,0.887000
on,run_04.json,1185,1.046000
on,run_04.json,1186,1.472000
on,run_04.json,1187,0.706000
on,run_04.json,1188,0.718000
on,run_04.json,1189,0.631000
on,run_04.json,1190,1.428000
on,run_04.json,1191,9.718000
on,run_04.json,1192,0.704000
on,run_04.json,1193,1.135000
on,run_04.json,1194,1.606000
on,run_04.json,1195,0.880000
on,run_04.json,1196,0.672000
on,run_04.json,1197,0.713000
on,run_04.json,1198,1.383000
on,run_04.json,1199,9.561000
on,run_04.json,1200,0.935000
on,run_04.json,1201,0.859000
on,run_04.json,1202,1.744000
on,run_04.json,1203,0.761000
on,run_04.json,1204,0.693000
on,run_04.json,1205,0.703000
on,run_04.json,1206,1.419000
on,run_04.json,1207,9.417000
on,run_04.json,1208,0.689000
on,run_04.json,1209,0.945000
on,run_04.json,1210,0.702000
on,run_04.json,1211,1.495000
on,run_04.json,1212,0.693000
on,run_04.json,1213,0.694000
on,run_04.json,1214,1.356000
on,run_04.json,1215,10.000000
on,run_04.json,1216,0.630000
on,run_04.json,1217,1.022000
on,run_04.json,1218,0.700000
on,run_04.json,1219,1.471000
on,run_04.json,1220,0.672000
on,run_04.json,1221,0.653000
on,run_04.json,1222,0.687000
on,run_04.json,1223,11.011000
on,run_04.json,1224,0.882000
on,run_04.json,1225,0.776000
on,run_04.json,1226,0.620000
on,run_04.json,1227,1.636000
on,run_04.json,1228,0.684000
on,run_04.json,1229,0.643000
on,run_04.json,1230,1.428000
on,run_04.json,1231,9.824000
on,run_04.json,1232,0.658000
on,run_04.json,1233,1.031000
on,run_04.json,1234,0.626000
on,run_04.json,1235,1.568000
on,run_04.json,1236,0.652000
on,run_04.json,1237,0.655000
on,run_04.json,1238,0.619000
on,run_04.json,1239,10.918000
on,run_04.json,1240,0.652000
on,run_04.json,1241,1.010000
on,run_04.json,1242,0.568000
on,run_04.json,1243,1.608000
on,run_04.json,1244,0.614000
on,run_04.json,1245,0.650000
on,run_04.json,1246,0.682000
on,run_04.json,1247,10.979000
on,run_04.json,1248,0.670000
on,run_04.json,1249,0.974000
on,run_04.json,1250,0.674000
on,run_04.json,1251,1.688000
on,run_04.json,1252,0.712000
on,run_04.json,1253,0.726000
on,run_04.json,1254,2.977000
on,run_04.json,1255,8.177000
on,run_04.json,1256,0.845000
on,run_04.json,1257,0.951000
on,run_04.json,1258,1.679000
on,run_04.json,1259,0.725000
on,run_04.json,1260,0.746000
on,run_04.json,1261,0.693000
on,run_04.json,1262,1.409000
on,run_04.json,1263,9.545000
on,run_04.json,1264,0.855000
on,run_04.json,1265,1.030000
on,run_04.json,1266,1.690000
on,run_04.json,1267,0.745000
on,run_04.json,1268,0.767000
on,run_04.json,1269,0.792000
on,run_04.json,1270,10.955000
on,run_04.json,1271,0.801000
on,run_04.json,1272,1.005000
on,run_04.json,1273,1.813000
on,run_04.json,1274,0.697000
on,run_04.json,1275,0.762000
on,run_04.json,1276,0.772000
on,run_04.json,1277,0.701000
on,run_04.json,1278,1.588000
on,run_04.json,1279,8.314000
on,run_04.json,1280,0.713000
on,run_04.json,1281,1.015000
on,run_04.json,1282,1.822000
on,run_04.json,1283,0.724000
on,run_04.json,1284,0.725000
on,run_04.json,1285,0.733000
on,run_04.json,1286,0.758000
on,run_04.json,1287,1.431000
on,run_04.json,1288,8.981000
on,run_04.json,1289,0.884000
on,run_04.json,1290,0.901000
on,run_04.json,1291,1.636000
on,run_04.json,1292,0.696000
on,run_04.json,1293,0.709000
on,run_04.json,1294,0.794000
on,run_04.json,1295,0.960000
on,run_04.json,1296,1.357000
on,run_04.json,1297,8.535000
on,run_04.json,1298,0.739000
on,run_04.json,1299,1.045000
on,run_04.json,1300,1.775000
on,run_04.json,1301,0.732000
on,run_04.json,1302,0.745000
on,run_04.json,1303,0.829000
on,run_04.json,1304,0.756000
on,run_04.json,1305,1.431000
on,run_04.json,1306,8.554000
on,run_04.json,1307,0.744000
on,run_04.json,1308,1.067000
on,run_04.json,1309,1.627000
on,run_04.json,1310,0.719000
on,run_04.json,1311,0.741000
on,run_04.json,1312,0.739000
on,run_04.json,1313,0.736000
on,run_04.json,1314,1.326000
on,run_04.json,1315,9.036000
on,run_04.json,1316,0.750000
on,run_04.json,1317,1.069000
on,run_04.json,1318,1.656000
on,run_04.json,1319,0.777000
on,run_04.json,1320,0.906000
on,run_04.json,1321,0.833000
on,run_04.json,1322,0.784000
on,run_04.json,1323,1.460000
on,run_04.json,1324,8.437000
on,run_04.json,1325,0.787000
on,run_04.json,1326,1.083000
on,run_04.json,1327,1.558000
on,run_04.json,1328,0.784000
on,run_04.json,1329,0.782000
on,run_04.json,1330,0.740000
on,run_04.json,1331,0.697000
on,run_04.json,1332,1.414000
on,run_04.json,1333,9.478000
on,run_04.json,1334,0.814000
on,run_04.json,1335,1.016000
on,run_04.json,1336,1.630000
on,run_04.json,1337,0.711000
on,run_04.json,1338,0.821000
on,run_04.json,1339,0.780000
on,run_04.json,1340,0.780000
on,run_04.json,1341,1.402000
on,run_04.json,1342,9.562000
on,run_04.json,1343,1.025000
on,run_04.json,1344,0.942000
on,run_04.json,1345,1.848000
on,run_04.json,1346,0.778000
on,run_04.json,1347,0.879000
on,run_04.json,1348,0.815000
on,run_04.json,1349,1.609000
on,run_04.json,1350,8.578000
on,run_04.json,1351,0.828000
on,run_04.json,1352,1.077000
on,run_04.json,1353,1.758000
on,run_04.json,1354,0.814000
on,run_04.json,1355,0.747000
on,run_04.json,1356,0.763000
on,run_04.json,1357,0.788000
on,run_04.json,1358,8.582000
on,run_04.json,1359,0.720000
on,run_04.json,1360,1.075000
on,run_04.json,1361,1.776000
on,run_04.json,1362,0.802000
on,run_04.json,1363,0.705000
on,run_04.json,1364,0.702000
on,run_04.json,1365,0.741000
on,run_04.json,1366,1.420000
on,run_04.json,1367,8.687000
on,run_04.json,1368,0.776000
on,run_04.json,1369,1.185000
on,run_04.json,1370,1.681000
on,run_04.json,1371,0.784000
on,run_04.json,1372,0.689000
on,run_04.json,1373,0.763000
on,run_04.json,1374,0.768000
on,run_04.json,1375,1.448000
on,run_04.json,1376,12.268000
on,run_04.json,1377,0.714000
on,run_04.json,1378,0.975000
on,run_04.json,1379,0.743000
on,run_04.json,1380,1.629000
on,run_04.json,1381,0.719000
on,run_04.json,1382,0.765000
on,run_04.json,1383,0.788000
on,run_04.json,1384,1.508000
on,run_04.json,1385,9.186000
on,run_04.json,1386,1.986000
on,run_04.json,1387,1.603000
on,run_04.json,1388,0.697000
on,run_04.json,1389,0.693000
on,run_04.json,1390,0.684000
on,run_04.json,1391,0.834000
on,run_04.json,1392,1.440000
on,run_04.json,1393,8.649000
on,run_04.json,1394,0.729000
on,run_04.json,1395,1.030000
on,run_04.json,1396,1.798000
on,run_04.json,1397,2.190000
on,run_04.json,1398,0.555000
on,run_04.json,1399,1.313000
on,run_04.json,1400,8.953000
on,run_04.json,1401,0.733000
on,run_04.json,1402,1.008000
on,run_04.json,1403,1.661000
on,run_04.json,1404,0.755000
on,run_04.json,1405,0.727000
on,run_04.json,1406,0.644000
on,run_04.json,1407,0.729000
on,run_04.json,1408,1.452000
on,run_04.json,1409,8.866000
on,run_04.json,1410,0.703000
on,run_04.json,1411,1.193000
on,run_04.json,1412,1.556000
on,run_04.json,1413,0.764000
on,run_04.json,1414,0.679000
on,run_04.json,1415,0.762000
on,run_04.json,1416,0.692000
on,run_04.json,1417,1.330000
on,run_04.json,1418,8.742000
on,run_04.json,1419,0.705000
on,run_04.json,1420,1.081000
on,run_04.json,1421,0.693000
on,run_04.json,1422,1.663000
on,run_04.json,1423,0.713000
on,run_04.json,1424,0.631000
on,run_04.json,1425,0.707000
on,run_04.json,1426,0.655000
on,run_04.json,1427,9.510000
on,run_04.json,1428,0.828000
on,run_04.json,1429,1.022000
on,run_04.json,1430,0.750000
on,run_04.json,1431,1.633000
on,run_04.json,1432,0.753000
on,run_04.json,1433,0.691000
on,run_04.json,1434,0.716000
on,run_04.json,1435,1.353000
on,run_04.json,1436,7.940000
on,run_04.json,1437,0.755000
on,run_04.json,1438,0.914000
on,run_04.json,1439,1.768000
on,run_04.json,1440,0.726000
on,run_04.json,1441,0.746000
on,run_04.json,1442,0.646000
on,run_04.json,1443,0.819000
on,run_04.json,1444,1.411000
on,run_04.json,1445,7.239000
on,run_04.json,1446,0.779000
on,run_04.json,1447,0.985000
on,run_04.json,1448,1.817000
on,run_04.json,1449,0.877000
on,run_04.json,1450,0.916000
on,run_04.json,1451,0.994000
on,run_04.json,1452,1.485000
on,run_04.json,1453,8.896000
on,run_04.json,1454,0.913000
on,run_04.json,1455,0.837000
on,run_04.json,1456,0.890000
on,run_04.json,1457,1.490000
on,run_04.json,1458,0.859000
on,run_04.json,1459,0.708000
on,run_04.json,1460,0.686000
on,run_04.json,1461,1.501000
on,run_04.json,1462,9.991000
on,run_04.json,1463,0.834000
on,run_04.json,1464,0.920000
on,run_04.json,1465,0.786000
on,run_04.json,1466,1.601000
on,run_04.json,1467,0.751000
on,run_04.json,1468,0.823000
on,run_04.json,1469,0.760000
on,run_04.json,1470,1.334000
on,run_04.json,1471,8.888000
on,run_04.json,1472,0.963000
on,run_04.json,1473,0.897000
on,run_04.json,1474,1.695000
on,run_04.json,1475,0.840000
on,run_04.json,1476,0.723000
on,run_04.json,1477,0.768000
on,run_04.json,1478,0.764000
on,run_04.json,1479,1.450000
on,run_04.json,1480,8.050000
on,run_04.json,1481,0.717000
on,run_04.json,1482,1.069000
on,run_04.json,1483,0.681000
on,run_04.json,1484,1.569000
on,run_04.json,1485,0.748000
on,run_04.json,1486,0.742000
on,run_04.json,1487,0.976000
on,run_04.json,1488,1.508000
on,run_04.json,1489,8.982000
on,run_04.json,1490,0.689000
on,run_04.json,1491,1.108000
on,run_04.json,1492,1.729000
on,run_04.json,1493,0.716000
on,run_04.json,1494,0.678000
on,run_04.json,1495,0.743000
on,run_04.json,1496,0.728000
on,run_04.json,1497,1.322000
on,run_04.json,1498,9.113000
on,run_04.json,1499,1.220000
on,run_04.json,1500,0.963000
on,run_04.json,1501,1.546000
on,run_04.json,1502,0.981000
on,run_04.json,1503,0.897000
on,run_04.json,1504,0.898000
on,run_04.json,1505,1.666000
on,run_04.json,1506,9.092000
on,run_04.json,1507,1.012000
on,run_04.json,1508,0.886000
on,run_04.json,1509,1.703000
on,run_04.json,1510,0.816000
on,run_04.json,1511,0.938000
on,run_04.json,1512,0.814000
on,run_04.json,1513,1.329000
on,run_04.json,1514,9.509000
on,run_04.json,1515,0.707000
on,run_04.json,1516,1.045000
on,run_04.json,1517,1.700000
on,run_04.json,1518,0.727000
on,run_04.json,1519,0.649000
on,run_04.json,1520,0.721000
on,run_04.json,1521,0.697000
on,run_04.json,1522,1.260000
on,run_04.json,1523,9.574000
on,run_04.json,1524,0.639000
on,run_04.json,1525,1.012000
on,run_04.json,1526,0.640000
on,run_04.json,1527,1.543000
on,run_04.json,1528,0.676000
on,run_04.json,1529,0.921000
on,run_04.json,1530,0.692000
on,run_04.json,1531,0.695000
on,run_04.json,1532,9.219000
on,run_04.json,1533,0.791000
on,run_04.json,1534,0.981000
on,run_04.json,1535,0.765000
on,run_04.json,1536,1.662000
on,run_04.json,1537,0.765000
on,run_04.json,1538,0.722000
on,run_04.json,1539,0.708000
on,run_04.json,1540,1.425000
on,run_04.json,1541,7.161000
on,run_04.json,1542,0.780000
on,run_04.json,1543,1.037000
on,run_04.json,1544,1.554000
on,run_04.json,1545,0.742000
on,run_04.json,1546,0.696000
on,run_04.json,1547,0.767000
on,run_04.json,1548,0.736000
on,run_04.json,1549,1.321000
on,run_04.json,1550,8.083000
on,run_04.json,1551,0.727000
on,run_04.json,1552,1.023000
on,run_04.json,1553,1.566000
on,run_04.json,1554,0.683000
on,run_04.json,1555,0.707000
on,run_04.json,1556,0.673000
on,run_04.json,1557,0.840000
on,run_04.json,1558,1.307000
on,run_04.json,1559,9.160000
on,run_04.json,1560,0.684000
on,run_04.json,1561,1.022000
on,run_04.json,1562,1.744000
on,run_04.json,1563,0.681000
on,run_04.json,1564,0.702000
on,run_04.json,1565,0.710000
on,run_04.json,1566,0.647000
on,run_04.json,1567,0.626000
on,run_04.json,1568,9.836000
on,run_04.json,1569,0.684000
on,run_04.json,1570,0.942000
on,run_04.json,1571,0.672000
on,run_04.json,1572,1.572000
on,run_04.json,1573,0.638000
on,run_04.json,1574,0.668000
on,run_04.json,1575,0.624000
on,run_04.json,1576,0.674000
on,run_04.json,1577,1.279000
on,run_04.json,1578,8.929000
on,run_04.json,1579,0.641000
on,run_04.json,1580,1.030000
on,run_04.json,1581,0.663000
on,run_04.json,1582,1.568000
on,run_04.json,1583,0.761000
on,run_04.json,1584,0.687000
on,run_04.json,1585,0.627000
on,run_04.json,1586,0.665000
on,run_04.json,1587,1.251000
on,run_04.json,1588,10.048000
on,run_04.json,1589,0.649000
on,run_04.json,1590,1.040000
on,run_04.json,1591,0.644000
on,run_04.json,1592,1.608000
on,run_04.json,1593,0.678000
on,run_04.json,1594,0.673000
on,run_04.json,1595,0.639000
on,run_04.json,1596,0.665000
on,run_04.json,1597,1.323000
on,run_04.json,1598,9.532000
on,run_04.json,1599,0.004000
on,run_05.json,0,1.491000
on,run_05.json,1,10.649000
on,run_05.json,2,0.796000
on,run_05.json,3,0.802000
on,run_05.json,4,0.719000
on,run_05.json,5,1.469000
on,run_05.json,6,0.692000
on,run_05.json,7,1.394000
on,run_05.json,8,10.777000
on,run_05.json,9,0.900000
on,run_05.json,10,0.955000
on,run_05.json,11,1.483000
on,run_05.json,12,0.779000
on,run_05.json,13,0.843000
on,run_05.json,14,13.101000
on,run_05.json,15,0.744000
on,run_05.json,16,0.976000
on,run_05.json,17,0.743000
on,run_05.json,18,1.702000
on,run_05.json,19,1.374000
on,run_05.json,20,11.618000
on,run_05.json,21,0.639000
on,run_05.json,22,0.999000
on,run_05.json,23,2.075000
on,run_05.json,24,0.600000
on,run_05.json,25,1.474000
on,run_05.json,26,11.588000
on,run_05.json,27,0.922000
on,run_05.json,28,0.879000
on,run_05.json,29,1.672000
on,run_05.json,30,0.895000
on,run_05.json,31,1.577000
on,run_05.json,32,11.217000
on,run_05.json,33,2.275000
on,run_05.json,34,0.318000
on,run_05.json,35,0.839000
on,run_05.json,36,0.692000
on,run_05.json,37,0.722000
on,run_05.json,38,12.126000
on,run_05.json,39,0.804000
on,run_05.json,40,1.021000
on,run_05.json,41,1.576000
on,run_05.json,42,0.757000
on,run_05.json,43,1.528000
on,run_05.json,44,11.316000
on,run_05.json,45,0.858000
on,run_05.json,46,0.845000
on,run_05.json,47,0.626000
on,run_05.json,48,1.573000
on,run_05.json,49,0.695000
on,run_05.json,50,1.274000
on,run_05.json,51,11.223000
on,run_05.json,52,0.692000
on,run_05.json,53,0.968000
on,run_05.json,54,0.646000
on,run_05.json,55,1.558000
on,run_05.json,56,0.673000
on,run_05.json,57,1.317000
on,run_05.json,58,11.383000
on,run_05.json,59,0.689000
on,run_05.json,60,0.982000
on,run_05.json,61,0.651000
on,run_05.json,62,1.531000
on,run_05.json,63,0.701000
on,run_05.json,64,1.513000
on,run_05.json,65,10.603000
on,run_05.json,66,0.763000
on,run_05.json,67,0.928000
on,run_05.json,68,0.696000
on,run_05.json,69,1.510000
on,run_05.json,70,0.805000
on,run_05.json,71,11.473000
on,run_05.json,72,0.749000
on,run_05.json,73,1.009000
on,run_05.json,74,0.726000
on,run_05.json,75,1.543000
on,run_05.json,76,0.810000
on,run_05.json,77,10.873000
on,run_05.json,78,0.732000
on,run_05.json,79,1.192000
on,run_05.json,80,1.383000
on,run_05.json,81,0.638000
on,run_05.json,82,0.708000
on,run_05.json,83,1.318000
on,run_05.json,84,10.309000
on,run_05.json,85,0.913000
on,run_05.json,86,0.844000
on,run_05.json,87,1.661000
on,run_05.json,88,0.665000
on,run_05.json,89,0.730000
on,run_05.json,90,10.890000
on,run_05.json,91,0.714000
on,run_05.json,92,1.029000
on,run_05.json,93,0.672000
on,run_05.json,94,1.499000
on,run_05.json,95,0.737000
on,run_05.json,96,1.466000
on,run_05.json,97,9.986000
on,run_05.json,98,0.730000
on,run_05.json,99,0.949000
on,run_05.json,100,0.620000
on,run_05.json,101,1.642000
on,run_05.json,102,0.795000
on,run_05.json,103,1.548000
on,run_05.json,104,9.086000
on,run_05.json,105,0.783000
on,run_05.json,106,0.968000
on,run_05.json,107,1.641000
on,run_05.json,108,0.686000
on,run_05.json,109,0.730000
on,run_05.json,110,11.926000
on,run_05.json,111,0.888000
on,run_05.json,112,0.892000
on,run_05.json,113,1.417000
on,run_05.json,114,0.744000
on,run_05.json,115,0.748000
on,run_05.json,116,11.768000
on,run_05.json,117,0.771000
on,run_05.json,118,0.941000
on,run_05.json,119,1.647000
on,run_05.json,120,0.801000
on,run_05.json,121,0.678000
on,run_05.json,122,11.809000
on,run_05.json,123,0.674000
on,run_05.json,124,0.878000
on,run_05.json,125,0.593000
on,run_05.json,126,1.601000
on,run_05.json,127,0.676000
on,run_05.json,128,1.423000
on,run_05.json,129,10.932000
on,run_05.json,130,0.685000
on,run_05.json,131,0.890000
on,run_05.json,132,0.699000
on,run_05.json,133,1.444000
on,run_05.json,134,0.608000
on,run_05.json,135,1.315000
on,run_05.json,136,10.890000
on,run_05.json,137,0.755000
on,run_05.json,138,0.903000
on,run_05.json,139,1.778000
on,run_05.json,140,0.737000
on,run_05.json,141,0.751000
on,run_05.json,142,11.819000
on,run_05.json,143,0.657000
on,run_05.json,144,0.894000
on,run_05.json,145,0.642000
on,run_05.json,146,1.455000
on,run_05.json,147,0.654000
on,run_05.json,148,12.380000
on,run_05.json,149,0.800000
on,run_05.json,150,0.811000
on,run_05.json,151,0.692000
on,run_05.json,152,1.438000
on,run_05.json,153,0.592000
on,run_05.json,154,1.370000
on,run_05.json,155,10.908000
on,run_05.json,156,0.600000
on,run_05.json,157,0.924000
on,run_05.json,158,0.589000
on,run_05.json,159,1.449000
on,run_05.json,160,0.611000
on,run_05.json,161,0.642000
on,run_05.json,162,11.786000
on,run_05.json,163,0.608000
on,run_05.json,164,0.941000
on,run_05.json,165,0.589000
on,run_05.json,166,1.427000
on,run_05.json,167,0.559000
on,run_05.json,168,0.616000
on,run_05.json,169,1.338000
on,run_05.json,170,10.536000
on,run_05.json,171,0.598000
on,run_05.json,172,0.873000
on,run_05.json,173,0.582000
on,run_05.json,174,1.481000
on,run_05.json,175,0.630000
on,run_05.json,176,0.623000
on,run_05.json,177,1.186000
on,run_05.json,178,10.660000
on,run_05.json,179,0.614000
on,run_05.json,180,0.927000
on,run_05.json,181,0.588000
on,run_05.json,182,1.473000
on,run_05.json,183,0.619000
on,run_05.json,184,0.643000
on,run_05.json,185,12.001000
on,run_05.json,186,0.730000
on,run_05.json,187,0.839000
on,run_05.json,188,0.641000
on,run_05.json,189,1.441000
on,run_05.json,190,0.661000
on,run_05.json,191,0.600000
on,run_05.json,192,11.759000
on,run_05.json,193,0.825000
on,run_05.json,194,0.963000
on,run_05.json,195,1.438000
on,run_05.json,196,0.760000
on,run_05.json,197,0.748000
on,run_05.json,198,12.075000
on,run_05.json,199,0.728000
on,run_05.json,200,0.817000
on,run_05.json,201,1.661000
on,run_05.json,202,0.788000
on,run_05.json,203,1.796000
on,run_05.json,204,10.786000
on,run_05.json,205,0.872000
on,run_05.json,206,0.871000
on,run_05.json,207,1.449000
on,run_05.json,208,0.707000
on,run_05.json,209,0.758000
on,run_05.json,210,11.820000
on,run_05.json,211,0.773000
on,run_05.json,212,0.973000
on,run_05.json,213,1.608000
on,run_05.json,214,0.736000
on,run_05.json,215,0.737000
on,run_05.json,216,11.837000
on,run_05.json,217,0.651000
on,run_05.json,218,1.138000
on,run_05.json,219,0.705000
on,run_05.json,220,1.530000
on,run_05.json,221,0.611000
on,run_05.json,222,1.410000
on,run_05.json,223,10.581000
on,run_05.json,224,0.688000
on,run_05.json,225,0.931000
on,run_05.json,226,0.646000
on,run_05.json,227,1.537000
on,run_05.json,228,0.709000
on,run_05.json,229,12.330000
on,run_05.json,230,0.819000
on,run_05.json,231,0.915000
on,run_05.json,232,1.589000
on,run_05.json,233,0.740000
on,run_05.json,234,0.721000
on,run_05.json,235,11.848000
on,run_05.json,236,0.914000
on,run_05.json,237,0.947000
on,run_05.json,238,1.567000
on,run_05.json,239,0.792000
on,run_05.json,240,1.512000
on,run_05.json,241,11.087000
on,run_05.json,242,0.804000
on,run_05.json,243,1.049000
on,run_05.json,244,1.575000
on,run_05.json,245,0.916000
on,run_05.json,246,1.420000
on,run_05.json,247,10.808000
on,run_05.json,248,0.836000
on,run_05.json,249,0.855000
on,run_05.json,250,0.689000
on,run_05.json,251,1.588000
on,run_05.json,252,0.716000
on,run_05.json,253,1.338000
on,run_05.json,254,10.432000
on,run_05.json,255,0.711000
on,run_05.json,256,0.974000
on,run_05.json,257,0.731000
on,run_05.json,258,1.441000
on,run_05.json,259,0.758000
on,run_05.json,260,1.442000
on,run_05.json,261,10.682000
on,run_05.json,262,0.675000
on,run_05.json,263,1.049000
on,run_05.json,264,0.748000
on,run_05.json,265,1.550000
on,run_05.json,266,0.774000
on,run_05.json,267,11.847000
on,run_05.json,268,0.669000
on,run_05.json,269,1.109000
on,run_05.json,270,1.641000
on,run_05.json,271,0.754000
on,run_05.json,272,0.738000
on,run_05.json,273,11.720000
on,run_05.json,274,0.725000
on,run_05.json,275,1.007000
on,run_05.json,276,1.693000
on,run_05.json,277,0.736000
on,run_05.json,278,0.659000
on,run_05.json,279,11.906000
on,run_05.json,280,0.746000
on,run_05.json,281,1.009000
on,run_05.json,282,1.565000
on,run_05.json,283,0.726000
on,run_05.json,284,0.675000
on,run_05.json,285,1.464000
on,run_05.json,286,11.597000
on,run_05.json,287,0.839000
on,run_05.json,288,0.982000
on,run_05.json,289,1.590000
on,run_05.json,290,0.707000
on,run_05.json,291,0.766000
on,run_05.json,292,0.730000
on,run_05.json,293,1.323000
on,run_05.json,294,9.996000
on,run_05.json,295,0.731000
on,run_05.json,296,1.013000
on,run_05.json,297,0.723000
on,run_05.json,298,1.499000
on,run_05.json,299,0.712000
on,run_05.json,300,0.639000
on,run_05.json,301,1.481000
on,run_05.json,302,10.293000
on,run_05.json,303,0.742000
on,run_05.json,304,1.023000
on,run_05.json,305,1.676000
on,run_05.json,306,0.667000
on,run_05.json,307,0.760000
on,run_05.json,308,0.717000
on,run_05.json,309,1.371000
on,run_05.json,310,8.104000
on,run_05.json,311,0.732000
on,run_05.json,312,1.063000
on,run_05.json,313,1.674000
on,run_05.json,314,0.731000
on,run_05.json,315,0.699000
on,run_05.json,316,0.744000
on,run_05.json,317,1.279000
on,run_05.json,318,9.501000
on,run_05.json,319,0.731000
on,run_05.json,320,0.899000
on,run_05.json,321,0.713000
on,run_05.json,322,1.457000
on,run_05.json,323,0.688000
on,run_05.json,324,0.670000
on,run_05.json,325,0.693000
on,run_05.json,326,13.389000
on,run_05.json,327,0.677000
on,run_05.json,328,0.952000
on,run_05.json,329,1.687000
on,run_05.json,330,0.650000
on,run_05.json,331,0.662000
on,run_05.json,332,0.724000
on,run_05.json,333,1.409000
on,run_05.json,334,11.287000
on,run_05.json,335,0.718000
on,run_05.json,336,0.940000
on,run_05.json,337,1.697000
on,run_05.json,338,0.674000
on,run_05.json,339,0.722000
on,run_05.json,340,0.661000
on,run_05.json,341,1.333000
on,run_05.json,342,9.981000
on,run_05.json,343,0.652000
on,run_05.json,344,0.997000
on,run_05.json,345,1.696000
on,run_05.json,346,0.738000
on,run_05.json,347,0.674000
on,run_05.json,348,0.700000
on,run_05.json,349,1.383000
on,run_05.json,350,9.797000
on,run_05.json,351,1.019000
on,run_05.json,352,0.659000
on,run_05.json,353,0.710000
on,run_05.json,354,1.531000
on,run_05.json,355,0.732000
on,run_05.json,356,0.730000
on,run_05.json,357,1.442000
on,run_05.json,358,9.751000
on,run_05.json,359,0.688000
on,run_05.json,360,0.955000
on,run_05.json,361,0.712000
on,run_05.json,362,1.501000
on,run_05.json,363,0.642000
on,run_05.json,364,1.929000
on,run_05.json,365,10.159000
on,run_05.json,366,0.871000
on,run_05.json,367,1.275000
on,run_05.json,368,1.314000
on,run_05.json,369,0.941000
on,run_05.json,370,1.525000
on,run_05.json,371,10.333000
on,run_05.json,372,0.710000
on,run_05.json,373,0.975000
on,run_05.json,374,3.097000
on,run_05.json,375,0.163000
on,run_05.json,376,0.693000
on,run_05.json,377,1.528000
on,run_05.json,378,9.221000
on,run_05.json,379,0.758000
on,run_05.json,380,0.938000
on,run_05.json,381,1.566000
on,run_05.json,382,0.648000
on,run_05.json,383,0.647000
on,run_05.json,384,0.574000
on,run_05.json,385,0.641000
on,run_05.json,386,1.260000
on,run_05.json,387,9.251000
on,run_05.json,388,0.615000
on,run_05.json,389,0.979000
on,run_05.json,390,1.648000
on,run_05.json,391,0.631000
on,run_05.json,392,0.637000
on,run_05.json,393,0.620000
on,run_05.json,394,0.649000
on,run_05.json,395,1.222000
on,run_05.json,396,8.037000
on,run_05.json,397,0.661000
on,run_05.json,398,0.938000
on,run_05.json,399,0.621000
on,run_05.json,400,1.501000
on,run_05.json,401,0.635000
on,run_05.json,402,0.676000
on,run_05.json,403,0.657000
on,run_05.json,404,1.340000
on,run_05.json,405,8.589000
on,run_05.json,406,0.706000
on,run_05.json,407,0.908000
on,run_05.json,408,0.612000
on,run_05.json,409,0.666000
on,run_05.json,410,1.450000
on,run_05.json,411,0.659000
on,run_05.json,412,0.663000
on,run_05.json,413,1.515000
on,run_05.json,414,11.338000
on,run_05.json,415,0.711000
on,run_05.json,416,0.905000
on,run_05.json,417,0.640000
on,run_05.json,418,1.472000
on,run_05.json,419,0.638000
on,run_05.json,420,0.645000
on,run_05.json,421,0.651000
on,run_05.json,422,1.455000
on,run_05.json,423,9.343000
on,run_05.json,424,0.650000
on,run_05.json,425,1.010000
on,run_05.json,426,0.651000
on,run_05.json,427,1.509000
on,run_05.json,428,0.622000
on,run_05.json,429,0.685000
on,run_05.json,430,0.852000
on,run_05.json,431,10.240000
on,run_05.json,432,0.652000
on,run_05.json,433,1.010000
on,run_05.json,434,0.646000
on,run_05.json,435,1.548000
on,run_05.json,436,0.679000
on,run_05.json,437,0.601000
on,run_05.json,438,0.670000
on,run_05.json,439,1.307000
on,run_05.json,440,9.876000
on,run_05.json,441,0.613000
on,run_05.json,442,1.043000
on,run_05.json,443,0.695000
on,run_05.json,444,1.459000
on,run_05.json,445,0.639000
on,run_05.json,446,0.605000
on,run_05.json,447,0.681000
on,run_05.json,448,1.364000
on,run_05.json,449,9.827000
on,run_05.json,450,0.617000
on,run_05.json,451,1.043000
on,run_05.json,452,0.684000
on,run_05.json,453,1.676000
on,run_05.json,454,0.684000
on,run_05.json,455,0.645000
on,run_05.json,456,1.309000
on,run_05.json,457,10.225000
on,run_05.json,458,0.650000
on,run_05.json,459,0.964000
on,run_05.json,460,0.632000
on,run_05.json,461,1.535000
on,run_05.json,462,0.613000
on,run_05.json,463,0.661000
on,run_05.json,464,0.615000
on,run_05.json,465,1.245000
on,run_05.json,466,10.503000
on,run_05.json,467,0.642000
on,run_05.json,468,0.966000
on,run_05.json,469,0.637000
on,run_05.json,470,1.491000
on,run_05.json,471,0.656000
on,run_05.json,472,0.639000
on,run_05.json,473,0.630000
on,run_05.json,474,1.409000
on,run_05.json,475,9.989000
on,run_05.json,476,0.631000
on,run_05.json,477,0.911000
on,run_05.json,478,0.608000
on,run_05.json,479,1.480000
on,run_05.json,480,0.612000
on,run_05.json,481,0.574000
on,run_05.json,482,0.610000
on,run_05.json,483,1.403000
on,run_05.json,484,9.945000
on,run_05.json,485,0.589000
on,run_05.json,486,0.975000
on,run_05.json,487,0.625000
on,run_05.json,488,1.504000
on,run_05.json,489,0.630000
on,run_05.json,490,0.615000
on,run_05.json,491,0.662000
on,run_05.json,492,1.370000
on,run_05.json,493,8.069000
on,run_05.json,494,0.639000
on,run_05.json,495,1.009000
on,run_05.json,496,0.763000
on,run_05.json,497,1.548000
on,run_05.json,498,0.743000
on,run_05.json,499,0.764000
on,run_05.json,500,1.490000
on,run_05.json,501,8.565000
on,run_05.json,502,0.918000
on,run_05.json,503,0.915000
on,run_05.json,504,0.803000
on,run_05.json,505,1.470000
on,run_05.json,506,0.701000
on,run_05.json,507,0.597000
on,run_05.json,508,1.416000
on,run_05.json,509,9.275000
on,run_05.json,510,0.779000
on,run_05.json,511,1.123000
on,run_05.json,512,1.459000
on,run_05.json,513,0.874000
on,run_05.json,514,0.834000
on,run_05.json,515,0.822000
on,run_05.json,516,12.283000
on,run_05.json,517,0.951000
on,run_05.json,518,1.022000
on,run_05.json,519,1.513000
on,run_05.json,520,1.509000
on,run_05.json,521,10.559000
on,run_05.json,522,1.351000
on,run_05.json,523,0.945000
on,run_05.json,524,1.465000
on,run_05.json,525,0.707000
on,run_05.json,526,0.776000
on,run_05.json,527,1.450000
on,run_05.json,528,9.566000
on,run_05.json,529,0.686000
on,run_05.json,530,0.902000
on,run_05.json,531,0.706000
on,run_05.json,532,1.541000
on,run_05.json,533,0.649000
on,run_05.json,534,0.649000
on,run_05.json,535,0.683000
on,run_05.json,536,11.727000
on,run_05.json,537,0.621000
on,run_05.json,538,1.054000
on,run_05.json,539,0.615000
on,run_05.json,540,1.464000
on,run_05.json,541,0.674000
on,run_05.json,542,0.668000
on,run_05.json,543,0.658000
on,run_05.json,544,1.341000
on,run_05.json,545,10.823000
on,run_05.json,546,0.730000
on,run_05.json,547,1.144000
on,run_05.json,548,1.679000
on,run_05.json,549,0.772000
on,run_05.json,550,0.638000
on,run_05.json,551,0.865000
on,run_05.json,552,11.367000
on,run_05.json,553,0.681000
on,run_05.json,554,0.986000
on,run_05.json,555,0.677000
on,run_05.json,556,1.418000
on,run_05.json,557,0.653000
on,run_05.json,558,0.703000
on,run_05.json,559,0.601000
on,run_05.json,560,1.385000
on,run_05.json,561,10.070000
on,run_05.json,562,0.780000
on,run_05.json,563,0.870000
on,run_05.json,564,0.750000
on,run_05.json,565,1.489000
on,run_05.json,566,0.620000
on,run_05.json,567,0.686000
on,run_05.json,568,1.572000
on,run_05.json,569,10.475000
on,run_05.json,570,0.710000
on,run_05.json,571,0.969000
on,run_05.json,572,0.664000
on,run_05.json,573,1.541000
on,run_05.json,574,0.712000
on,run_05.json,575,0.661000
on,run_05.json,576,1.366000
on,run_05.json,577,10.598000
on,run_05.json,578,0.772000
on,run_05.json,579,0.865000
on,run_05.json,580,0.659000
on,run_05.json,581,1.520000
on,run_05.json,582,0.685000
on,run_05.json,583,0.653000
on,run_05.json,584,0.697000
on,run_05.json,585,11.233000
on,run_05.json,586,0.635000
on,run_05.json,587,1.008000
on,run_05.json,588,0.667000
on,run_05.json,589,1.505000
on,run_05.json,590,0.678000
on,run_05.json,591,0.641000
on,run_05.json,592,0.647000
on,run_05.json,593,10.667000
on,run_05.json,594,0.620000
on,run_05.json,595,0.955000
on,run_05.json,596,0.634000
on,run_05.json,597,1.456000
on,run_05.json,598,0.679000
on,run_05.json,599,0.674000
on,run_05.json,600,0.592000
on,run_05.json,601,1.492000
on,run_05.json,602,8.304000
on,run_05.json,603,0.650000
on,run_05.json,604,0.998000
on,run_05.json,605,0.603000
on,run_05.json,606,1.550000
on,run_05.json,607,0.667000
on,run_05.json,608,0.626000
on,run_05.json,609,0.670000
on,run_05.json,610,1.464000
on,run_05.json,611,8.917000
on,run_05.json,612,0.631000
on,run_05.json,613,0.981000
on,run_05.json,614,0.621000
on,run_05.json,615,1.521000
on,run_05.json,616,0.618000
on,run_05.json,617,0.619000
on,run_05.json,618,0.654000
on,run_05.json,619,1.318000
on,run_05.json,620,8.856000
on,run_05.json,621,0.650000
on,run_05.json,622,0.958000
on,run_05.json,623,0.612000
on,run_05.json,624,1.536000
on,run_05.json,625,0.610000
on,run_05.json,626,0.667000
on,run_05.json,627,0.620000
on,run_05.json,628,1.263000
on,run_05.json,629,8.171000
on,run_05.json,630,0.623000
on,run_05.json,631,1.136000
on,run_05.json,632,0.681000
on,run_05.json,633,1.460000
on,run_05.json,634,0.612000
on,run_05.json,635,0.573000
on,run_05.json,636,0.661000
on,run_05.json,637,1.338000
on,run_05.json,638,9.229000
on,run_05.json,639,0.644000
on,run_05.json,640,0.944000
on,run_05.json,641,0.624000
on,run_05.json,642,1.474000
on,run_05.json,643,0.659000
on,run_05.json,644,0.622000
on,run_05.json,645,0.630000
on,run_05.json,646,1.399000
on,run_05.json,647,9.661000
on,run_05.json,648,0.618000
on,run_05.json,649,0.918000
on,run_05.json,650,0.572000
on,run_05.json,651,1.516000
on,run_05.json,652,0.610000
on,run_05.json,653,0.626000
on,run_05.json,654,0.623000
on,run_05.json,655,1.375000
on,run_05.json,656,9.845000
on,run_05.json,657,0.614000
on,run_05.json,658,0.936000
on,run_05.json,659,0.617000
on,run_05.json,660,1.498000
on,run_05.json,661,0.630000
on,run_05.json,662,0.565000
on,run_05.json,663,0.566000
on,run_05.json,664,11.247000
on,run_05.json,665,0.613000
on,run_05.json,666,0.965000
on,run_05.json,667,0.601000
on,run_05.json,668,1.458000
on,run_05.json,669,0.617000
on,run_05.json,670,0.561000
on,run_05.json,671,0.648000
on,run_05.json,672,1.328000
on,run_05.json,673,9.923000
on,run_05.json,674,0.573000
on,run_05.json,675,0.977000
on,run_05.json,676,0.565000
on,run_05.json,677,1.535000
on,run_05.json,678,0.660000
on,run_05.json,679,0.603000
on,run_05.json,680,0.638000
on,run_05.json,681,11.058000
on,run_05.json,682,0.601000
on,run_05.json,683,0.916000
on,run_05.json,684,0.609000
on,run_05.json,685,1.440000
on,run_05.json,686,0.595000
on,run_05.json,687,0.552000
on,run_05.json,688,0.575000
on,run_05.json,689,0.634000
on,run_05.json,690,10.760000
on,run_05.json,691,0.573000
on,run_05.json,692,0.938000
on,run_05.json,693,0.562000
on,run_05.json,694,1.500000
on,run_05.json,695,0.601000
on,run_05.json,696,0.638000
on,run_05.json,697,0.609000
on,run_05.json,698,11.422000
on,run_05.json,699,0.565000
on,run_05.json,700,0.942000
on,run_05.json,701,0.589000
on,run_05.json,702,1.502000
on,run_05.json,703,0.558000
on,run_05.json,704,0.690000
on,run_05.json,705,1.859000
on,run_05.json,706,9.759000
on,run_05.json,707,0.627000
on,run_05.json,708,0.836000
on,run_05.json,709,0.591000
on,run_05.json,710,1.441000
on,run_05.json,711,0.606000
on,run_05.json,712,0.587000
on,run_05.json,713,0.617000
on,run_05.json,714,1.269000
on,run_05.json,715,10.069000
on,run_05.json,716,1.974000
on,run_05.json,717,1.351000
on,run_05.json,718,0.550000
on,run_05.json,719,0.638000
on,run_05.json,720,0.578000
on,run_05.json,721,0.569000
on,run_05.json,722,1.305000
on,run_05.json,723,9.740000
on,run_05.json,724,0.562000
on,run_05.json,725,0.942000
on,run_05.json,726,0.594000
on,run_05.json,727,1.506000
on,run_05.json,728,0.624000
on,run_05.json,729,0.627000
on,run_05.json,730,0.640000
on,run_05.json,731,1.243000
on,run_05.json,732,9.828000
on,run_05.json,733,0.635000
on,run_05.json,734,0.974000
on,run_05.json,735,0.687000
on,run_05.json,736,1.457000
on,run_05.json,737,0.630000
on,run_05.json,738,0.653000
on,run_05.json,739,0.675000
on,run_05.json,740,1.330000
on,run_05.json,741,9.718000
on,run_05.json,742,0.633000
on,run_05.json,743,0.996000
on,run_05.json,744,0.629000
on,run_05.json,745,1.497000
on,run_05.json,746,0.660000
on,run_05.json,747,0.657000
on,run_05.json,748,0.616000
on,run_05.json,749,1.375000
on,run_05.json,750,9.607000
on,run_05.json,751,0.702000
on,run_05.json,752,0.992000
on,run_05.json,753,0.701000
on,run_05.json,754,1.478000
on,run_05.json,755,0.632000
on,run_05.json,756,0.619000
on,run_05.json,757,0.613000
on,run_05.json,758,1.335000
on,run_05.json,759,9.732000
on,run_05.json,760,0.628000
on,run_05.json,761,1.029000
on,run_05.json,762,0.625000
on,run_05.json,763,1.543000
on,run_05.json,764,0.661000
on,run_05.json,765,0.617000
on,run_05.json,766,1.333000
on,run_05.json,767,10.001000
on,run_05.json,768,0.668000
on,run_05.json,769,0.998000
on,run_05.json,770,0.685000
on,run_05.json,771,1.450000
on,run_05.json,772,0.664000
on,run_05.json,773,0.677000
on,run_05.json,774,0.640000
on,run_05.json,775,1.359000
on,run_05.json,776,9.656000
on,run_05.json,777,0.639000
on,run_05.json,778,1.185000
on,run_05.json,779,0.648000
on,run_05.json,780,1.573000
on,run_05.json,781,0.645000
on,run_05.json,782,0.629000
on,run_05.json,783,1.394000
on,run_05.json,784,9.822000
on,run_05.json,785,0.646000
on,run_05.json,786,1.016000
on,run_05.json,787,0.643000
on,run_05.json,788,1.559000
on,run_05.json,789,0.631000
on,run_05.json,790,0.677000
on,run_05.json,791,0.632000
on,run_05.json,792,1.375000
on,run_05.json,793,9.487000
on,run_05.json,794,0.853000
on,run_05.json,795,0.882000
on,run_05.json,796,0.649000
on,run_05.json,797,1.673000
on,run_05.json,798,0.717000
on,run_05.json,799,0.708000
on,run_05.json,800,1.451000
on,run_05.json,801,10.020000
on,run_05.json,802,0.720000
on,run_05.json,803,0.973000
on,run_05.json,804,0.637000
on,run_05.json,805,1.523000
on,run_05.json,806,0.640000
on,run_05.json,807,0.630000
on,run_05.json,808,0.625000
on,run_05.json,809,11.382000
on,run_05.json,810,0.695000
on,run_05.json,811,0.934000
on,run_05.json,812,0.632000
on,run_05.json,813,1.510000
on,run_05.json,814,0.734000
on,run_05.json,815,0.714000
on,run_05.json,816,0.702000
on,run_05.json,817,11.581000
on,run_05.json,818,0.809000
on,run_05.json,819,1.097000
on,run_05.json,820,0.775000
on,run_05.json,821,1.448000
on,run_05.json,822,0.672000
on,run_05.json,823,0.710000
on,run_05.json,824,1.432000
on,run_05.json,825,10.404000
on,run_05.json,826,0.873000
on,run_05.json,827,0.991000
on,run_05.json,828,0.710000
on,run_05.json,829,1.694000
on,run_05.json,830,0.673000
on,run_05.json,831,0.703000
on,run_05.json,832,9.155000
on,run_05.json,833,0.729000
on,run_05.json,834,1.034000
on,run_05.json,835,0.736000
on,run_05.json,836,1.522000
on,run_05.json,837,0.700000
on,run_05.json,838,0.768000
on,run_05.json,839,1.369000
on,run_05.json,840,9.494000
on,run_05.json,841,0.694000
on,run_05.json,842,1.111000
on,run_05.json,843,0.676000
on,run_05.json,844,1.526000
on,run_05.json,845,0.675000
on,run_05.json,846,0.702000
on,run_05.json,847,1.391000
on,run_05.json,848,9.907000
on,run_05.json,849,0.692000
on,run_05.json,850,1.174000
on,run_05.json,851,0.727000
on,run_05.json,852,1.493000
on,run_05.json,853,0.855000
on,run_05.json,854,0.666000
on,run_05.json,855,1.402000
on,run_05.json,856,13.555000
on,run_05.json,857,0.691000
on,run_05.json,858,0.954000
on,run_05.json,859,0.630000
on,run_05.json,860,1.569000
on,run_05.json,861,0.656000
on,run_05.json,862,0.685000
on,run_05.json,863,0.658000
on,run_05.json,864,11.052000
on,run_05.json,865,0.910000
on,run_05.json,866,0.812000
on,run_05.json,867,0.714000
on,run_05.json,868,1.465000
on,run_05.json,869,0.660000
on,run_05.json,870,0.700000
on,run_05.json,871,1.443000
on,run_05.json,872,9.951000
on,run_05.json,873,0.831000
on,run_05.json,874,0.865000
on,run_05.json,875,0.841000
on,run_05.json,876,1.337000
on,run_05.json,877,0.774000
on,run_05.json,878,0.759000
on,run_05.json,879,1.306000
on,run_05.json,880,9.648000
on,run_05.json,881,0.641000
on,run_05.json,882,0.967000
on,run_05.json,883,0.618000
on,run_05.json,884,1.554000
on,run_05.json,885,0.627000
on,run_05.json,886,0.610000
on,run_05.json,887,0.655000
on,run_05.json,888,1.308000
on,run_05.json,889,9.561000
on,run_05.json,890,0.641000
on,run_05.json,891,1.008000
on,run_05.json,892,0.680000
on,run_05.json,893,1.489000
on,run_05.json,894,0.626000
on,run_05.json,895,0.608000
on,run_05.json,896,0.656000
on,run_05.json,897,1.274000
on,run_05.json,898,9.351000
on,run_05.json,899,0.683000
on,run_05.json,900,0.925000
on,run_05.json,901,0.606000
on,run_05.json,902,1.542000
on,run_05.json,903,0.614000
on,run_05.json,904,0.833000
on,run_05.json,905,0.609000
on,run_05.json,906,1.373000
on,run_05.json,907,9.191000
on,run_05.json,908,0.620000
on,run_05.json,909,0.927000
on,run_05.json,910,0.657000
on,run_05.json,911,1.550000
on,run_05.json,912,0.578000
on,run_05.json,913,0.622000
on,run_05.json,914,0.619000
on,run_05.json,915,1.464000
on,run_05.json,916,8.261000
on,run_05.json,917,0.595000
on,run_05.json,918,0.989000
on,run_05.json,919,0.588000
on,run_05.json,920,1.473000
on,run_05.json,921,0.589000
on,run_05.json,922,0.640000
on,run_05.json,923,0.639000
on,run_05.json,924,1.319000
on,run_05.json,925,8.103000
on,run_05.json,926,0.719000
on,run_05.json,927,0.884000
on,run_05.json,928,0.622000
on,run_05.json,929,1.545000
on,run_05.json,930,0.669000
on,run_05.json,931,0.613000
on,run_05.json,932,0.657000
on,run_05.json,933,0.661000
on,run_05.json,934,1.490000
on,run_05.json,935,10.051000
on,run_05.json,936,0.690000
on,run_05.json,937,0.976000
on,run_05.json,938,0.672000
on,run_05.json,939,1.451000
on,run_05.json,940,0.665000
on,run_05.json,941,0.614000
on,run_05.json,942,0.656000
on,run_05.json,943,0.659000
on,run_05.json,944,1.262000
on,run_05.json,945,9.454000
on,run_05.json,946,0.633000
on,run_05.json,947,0.982000
on,run_05.json,948,0.671000
on,run_05.json,949,1.498000
on,run_05.json,950,0.652000
on,run_05.json,951,0.608000
on,run_05.json,952,0.612000
on,run_05.json,953,0.611000
on,run_05.json,954,1.284000
on,run_05.json,955,8.900000
on,run_05.json,956,0.733000
on,run_05.json,957,0.909000
on,run_05.json,958,0.682000
on,run_05.json,959,1.479000
on,run_05.json,960,0.681000
on,run_05.json,961,0.659000
on,run_05.json,962,0.693000
on,run_05.json,963,11.052000
on,run_05.json,964,0.631000
on,run_05.json,965,0.968000
on,run_05.json,966,0.630000
on,run_05.json,967,1.521000
on,run_05.json,968,0.667000
on,run_05.json,969,0.637000
on,run_05.json,970,0.605000
on,run_05.json,971,0.677000
on,run_05.json,972,1.319000
on,run_05.json,973,9.217000
on,run_05.json,974,0.684000
on,run_05.json,975,0.983000
on,run_05.json,976,0.684000
on,run_05.json,977,1.436000
on,run_05.json,978,0.688000
on,run_05.json,979,0.660000
on,run_05.json,980,0.611000
on,run_05.json,981,0.617000
on,run_05.json,982,1.308000
on,run_05.json,983,9.163000
on,run_05.json,984,0.706000
on,run_05.json,985,0.931000
on,run_05.json,986,0.653000
on,run_05.json,987,1.538000
on,run_05.json,988,0.679000
on,run_05.json,989,0.636000
on,run_05.json,990,0.681000
on,run_05.json,991,0.649000
on,run_05.json,992,1.316000
on,run_05.json,993,9.707000
on,run_05.json,994,0.695000
on,run_05.json,995,1.002000
on,run_05.json,996,0.668000
on,run_05.json,997,1.475000
on,run_05.json,998,0.603000
on,run_05.json,999,0.639000
on,run_05.json,1000,0.629000
on,run_05.json,1001,0.607000
on,run_05.json,1002,1.323000
on,run_05.json,1003,9.729000
on,run_05.json,1004,0.669000
on,run_05.json,1005,1.058000
on,run_05.json,1006,0.641000
on,run_05.json,1007,1.467000
on,run_05.json,1008,0.609000
on,run_05.json,1009,0.571000
on,run_05.json,1010,0.615000
on,run_05.json,1011,0.562000
on,run_05.json,1012,0.645000
on,run_05.json,1013,8.070000
on,run_05.json,1014,0.684000
on,run_05.json,1015,0.973000
on,run_05.json,1016,0.637000
on,run_05.json,1017,1.540000
on,run_05.json,1018,0.667000
on,run_05.json,1019,0.609000
on,run_05.json,1020,0.655000
on,run_05.json,1021,0.655000
on,run_05.json,1022,1.374000
on,run_05.json,1023,7.281000
on,run_05.json,1024,0.619000
on,run_05.json,1025,0.997000
on,run_05.json,1026,0.603000
on,run_05.json,1027,1.524000
on,run_05.json,1028,0.667000
on,run_05.json,1029,0.624000
on,run_05.json,1030,0.633000
on,run_05.json,1031,0.598000
on,run_05.json,1032,0.635000
on,run_05.json,1033,9.480000
on,run_05.json,1034,0.676000
on,run_05.json,1035,1.093000
on,run_05.json,1036,0.626000
on,run_05.json,1037,1.435000
on,run_05.json,1038,0.624000
on,run_05.json,1039,0.847000
on,run_05.json,1040,0.654000
on,run_05.json,1041,0.636000
on,run_05.json,1042,1.325000
on,run_05.json,1043,8.724000
on,run_05.json,1044,0.602000
on,run_05.json,1045,0.989000
on,run_05.json,1046,1.976000
on,run_05.json,1047,0.474000
on,run_05.json,1048,0.600000
on,run_05.json,1049,0.586000
on,run_05.json,1050,0.624000
on,run_05.json,1051,0.584000
on,run_05.json,1052,1.240000
on,run_05.json,1053,8.914000
on,run_05.json,1054,0.608000
on,run_05.json,1055,0.982000
on,run_05.json,1056,0.592000
on,run_05.json,1057,2.982000
on,run_05.json,1058,0.517000
on,run_05.json,1059,0.657000
on,run_05.json,1060,0.638000
on,run_05.json,1061,11.053000
on,run_05.json,1062,0.666000
on,run_05.json,1063,0.901000
on,run_05.json,1064,0.689000
on,run_05.json,1065,1.470000
on,run_05.json,1066,0.707000
on,run_05.json,1067,0.669000
on,run_05.json,1068,0.636000
on,run_05.json,1069,0.687000
on,run_05.json,1070,1.347000
on,run_05.json,1071,9.538000
on,run_05.json,1072,0.668000
on,run_05.json,1073,0.982000
on,run_05.json,1074,0.674000
on,run_05.json,1075,1.495000
on,run_05.json,1076,0.682000
on,run_05.json,1077,0.651000
on,run_05.json,1078,0.917000
on,run_05.json,1079,0.695000
on,run_05.json,1080,1.344000
on,run_05.json,1081,9.676000
on,run_05.json,1082,0.684000
on,run_05.json,1083,0.994000
on,run_05.json,1084,0.668000
on,run_05.json,1085,1.519000
on,run_05.json,1086,0.645000
on,run_05.json,1087,0.697000
on,run_05.json,1088,0.690000
on,run_05.json,1089,0.683000
on,run_05.json,1090,1.302000
on,run_05.json,1091,9.261000
on,run_05.json,1092,0.726000
on,run_05.json,1093,0.957000
on,run_05.json,1094,0.656000
on,run_05.json,1095,1.554000
on,run_05.json,1096,0.697000
on,run_05.json,1097,0.663000
on,run_05.json,1098,0.707000
on,run_05.json,1099,0.702000
on,run_05.json,1100,1.297000
on,run_05.json,1101,9.567000
on,run_05.json,1102,0.699000
on,run_05.json,1103,1.133000
on,run_05.json,1104,0.646000
on,run_05.json,1105,1.520000
on,run_05.json,1106,0.654000
on,run_05.json,1107,0.655000
on,run_05.json,1108,0.655000
on,run_05.json,1109,0.614000
on,run_05.json,1110,1.384000
on,run_05.json,1111,8.938000
on,run_05.json,1112,0.628000
on,run_05.json,1113,1.017000
on,run_05.json,1114,0.626000
on,run_05.json,1115,1.452000
on,run_05.json,1116,0.641000
on,run_05.json,1117,0.617000
on,run_05.json,1118,0.637000
on,run_05.json,1119,0.635000
on,run_05.json,1120,0.586000
on,run_05.json,1121,9.629000
on,run_05.json,1122,0.756000
on,run_05.json,1123,0.932000
on,run_05.json,1124,0.808000
on,run_05.json,1125,1.388000
on,run_05.json,1126,0.625000
on,run_05.json,1127,0.671000
on,run_05.json,1128,0.698000
on,run_05.json,1129,0.710000
on,run_05.json,1130,1.387000
on,run_05.json,1131,7.516000
on,run_05.json,1132,0.682000
on,run_05.json,1133,0.943000
on,run_05.json,1134,0.628000
on,run_05.json,1135,1.482000
on,run_05.json,1136,0.622000
on,run_05.json,1137,0.579000
on,run_05.json,1138,0.662000
on,run_05.json,1139,0.611000
on,run_05.json,1140,0.615000
on,run_05.json,1141,8.667000
on,run_05.json,1142,0.683000
on,run_05.json,1143,0.942000
on,run_05.json,1144,0.641000
on,run_05.json,1145,1.492000
on,run_05.json,1146,0.642000
on,run_05.json,1147,0.657000
on,run_05.json,1148,0.656000
on,run_05.json,1149,0.613000
on,run_05.json,1150,1.302000
on,run_05.json,1151,7.866000
on,run_05.json,1152,0.725000
on,run_05.json,1153,0.748000
on,run_05.json,1154,0.774000
on,run_05.json,1155,1.849000
on,run_05.json,1156,0.667000
on,run_05.json,1157,0.621000
on,run_05.json,1158,0.613000
on,run_05.json,1159,0.685000
on,run_05.json,1160,1.266000
on,run_05.json,1161,7.839000
on,run_05.json,1162,0.687000
on,run_05.json,1163,0.929000
on,run_05.json,1164,0.690000
on,run_05.json,1165,1.471000
on,run_05.json,1166,0.699000
on,run_05.json,1167,0.644000
on,run_05.json,1168,0.685000
on,run_05.json,1169,0.679000
on,run_05.json,1170,1.263000
on,run_05.json,1171,8.975000
on,run_05.json,1172,0.708000
on,run_05.json,1173,0.939000
on,run_05.json,1174,0.657000
on,run_05.json,1175,1.486000
on,run_05.json,1176,0.644000
on,run_05.json,1177,0.678000
on,run_05.json,1178,0.683000
on,run_05.json,1179,0.671000
on,run_05.json,1180,1.393000
on,run_05.json,1181,8.691000
on,run_05.json,1182,0.588000
on,run_05.json,1183,0.998000
on,run_05.json,1184,0.618000
on,run_05.json,1185,1.490000
on,run_05.json,1186,0.632000
on,run_05.json,1187,0.559000
on,run_05.json,1188,0.630000
on,run_05.json,1189,0.629000
on,run_05.json,1190,0.568000
on,run_05.json,1191,1.312000
on,run_05.json,1192,8.645000
on,run_05.json,1193,0.621000
on,run_05.json,1194,0.939000
on,run_05.json,1195,0.629000
on,run_05.json,1196,1.455000
on,run_05.json,1197,0.588000
on,run_05.json,1198,0.588000
on,run_05.json,1199,0.626000
on,run_05.json,1200,0.575000
on,run_05.json,1201,0.621000
on,run_05.json,1202,1.196000
on,run_05.json,1203,8.788000
on,run_05.json,1204,0.599000
on,run_05.json,1205,0.959000
on,run_05.json,1206,0.633000
on,run_05.json,1207,1.366000
on,run_05.json,1208,0.620000
on,run_05.json,1209,0.631000
on,run_05.json,1210,0.596000
on,run_05.json,1211,0.623000
on,run_05.json,1212,0.543000
on,run_05.json,1213,1.262000
on,run_05.json,1214,8.925000
on,run_05.json,1215,0.611000
on,run_05.json,1216,0.927000
on,run_05.json,1217,0.605000
on,run_05.json,1218,1.406000
on,run_05.json,1219,0.619000
on,run_05.json,1220,0.545000
on,run_05.json,1221,0.630000
on,run_05.json,1222,0.591000
on,run_05.json,1223,0.622000
on,run_05.json,1224,1.326000
on,run_05.json,1225,8.792000
on,run_05.json,1226,0.635000
on,run_05.json,1227,0.902000
on,run_05.json,1228,0.555000
on,run_05.json,1229,1.492000
on,run_05.json,1230,0.580000
on,run_05.json,1231,0.613000
on,run_05.json,1232,0.618000
on,run_05.json,1233,0.548000
on,run_05.json,1234,0.611000
on,run_05.json,1235,1.355000
on,run_05.json,1236,8.691000
on,run_05.json,1237,0.552000
on,run_05.json,1238,0.619000
on,run_05.json,1239,0.616000
on,run_05.json,1240,1.588000
on,run_05.json,1241,0.860000
on,run_05.json,1242,0.662000
on,run_05.json,1243,0.626000
on,run_05.json,1244,0.669000
on,run_05.json,1245,0.655000
on,run_05.json,1246,9.935000
on,run_05.json,1247,0.647000
on,run_05.json,1248,0.907000
on,run_05.json,1249,0.644000
on,run_05.json,1250,1.486000
on,run_05.json,1251,0.788000
on,run_05.json,1252,0.729000
on,run_05.json,1253,0.686000
on,run_05.json,1254,0.647000
on,run_05.json,1255,10.059000
on,run_05.json,1256,0.648000
on,run_05.json,1257,1.011000
on,run_05.json,1258,0.642000
on,run_05.json,1259,1.445000
on,run_05.json,1260,0.662000
on,run_05.json,1261,0.658000
on,run_05.json,1262,0.668000
on,run_05.json,1263,0.637000
on,run_05.json,1264,1.404000
on,run_05.json,1265,8.816000
on,run_05.json,1266,0.610000
on,run_05.json,1267,0.992000
on,run_05.json,1268,0.737000
on,run_05.json,1269,1.444000
on,run_05.json,1270,0.645000
on,run_05.json,1271,0.700000
on,run_05.json,1272,0.711000
on,run_05.json,1273,0.636000
on,run_05.json,1274,1.305000
on,run_05.json,1275,8.983000
on,run_05.json,1276,0.728000
on,run_05.json,1277,1.014000
on,run_05.json,1278,1.614000
on,run_05.json,1279,0.712000
on,run_05.json,1280,0.649000
on,run_05.json,1281,0.699000
on,run_05.json,1282,0.604000
on,run_05.json,1283,0.653000
on,run_05.json,1284,1.349000
on,run_05.json,1285,8.657000
on,run_05.json,1286,0.714000
on,run_05.json,1287,0.947000
on,run_05.json,1288,1.611000
on,run_05.json,1289,0.673000
on,run_05.json,1290,0.643000
on,run_05.json,1291,0.720000
on,run_05.json,1292,0.668000
on,run_05.json,1293,0.676000
on,run_05.json,1294,1.283000
on,run_05.json,1295,8.698000
on,run_05.json,1296,0.671000
on,run_05.json,1297,0.992000
on,run_05.json,1298,0.648000
on,run_05.json,1299,1.524000
on,run_05.json,1300,0.643000
on,run_05.json,1301,0.679000
on,run_05.json,1302,0.676000
on,run_05.json,1303,0.607000
on,run_05.json,1304,1.317000
on,run_05.json,1305,8.854000
on,run_05.json,1306,0.692000
on,run_05.json,1307,0.962000
on,run_05.json,1308,0.697000
on,run_05.json,1309,1.404000
on,run_05.json,1310,0.640000
on,run_05.json,1311,0.691000
on,run_05.json,1312,0.611000
on,run_05.json,1313,0.645000
on,run_05.json,1314,1.376000
on,run_05.json,1315,9.041000
on,run_05.json,1316,0.712000
on,run_05.json,1317,0.988000
on,run_05.json,1318,1.455000
on,run_05.json,1319,0.661000
on,run_05.json,1320,0.753000
on,run_05.json,1321,0.702000
on,run_05.json,1322,0.654000
on,run_05.json,1323,0.685000
on,run_05.json,1324,1.322000
on,run_05.json,1325,8.699000
on,run_05.json,1326,0.703000
on,run_05.json,1327,0.952000
on,run_05.json,1328,1.613000
on,run_05.json,1329,0.722000
on,run_05.json,1330,0.727000
on,run_05.json,1331,0.692000
on,run_05.json,1332,0.713000
on,run_05.json,1333,0.716000
on,run_05.json,1334,10.643000
on,run_05.json,1335,0.808000
on,run_05.json,1336,0.986000
on,run_05.json,1337,1.653000
on,run_05.json,1338,0.745000
on,run_05.json,1339,0.658000
on,run_05.json,1340,0.712000
on,run_05.json,1341,0.672000
on,run_05.json,1342,1.313000
on,run_05.json,1343,9.933000
on,run_05.json,1344,0.671000
on,run_05.json,1345,1.061000
on,run_05.json,1346,1.786000
on,run_05.json,1347,0.743000
on,run_05.json,1348,0.733000
on,run_05.json,1349,0.738000
on,run_05.json,1350,0.667000
on,run_05.json,1351,1.363000
on,run_05.json,1352,7.383000
on,run_05.json,1353,0.748000
on,run_05.json,1354,1.001000
on,run_05.json,1355,1.616000
on,run_05.json,1356,0.745000
on,run_05.json,1357,0.748000
on,run_05.json,1358,0.718000
on,run_05.json,1359,0.682000
on,run_05.json,1360,1.411000
on,run_05.json,1361,8.851000
on,run_05.json,1362,0.785000
on,run_05.json,1363,0.940000
on,run_05.json,1364,1.635000
on,run_05.json,1365,0.675000
on,run_05.json,1366,0.649000
on,run_05.json,1367,0.719000
on,run_05.json,1368,0.719000
on,run_05.json,1369,0.663000
on,run_05.json,1370,10.037000
on,run_05.json,1371,0.713000
on,run_05.json,1372,0.911000
on,run_05.json,1373,0.723000
on,run_05.json,1374,1.399000
on,run_05.json,1375,0.763000
on,run_05.json,1376,0.724000
on,run_05.json,1377,0.689000
on,run_05.json,1378,0.711000
on,run_05.json,1379,13.871000
on,run_05.json,1380,0.936000
on,run_05.json,1381,0.879000
on,run_05.json,1382,1.641000
on,run_05.json,1383,0.811000
on,run_05.json,1384,0.718000
on,run_05.json,1385,0.740000
on,run_05.json,1386,0.661000
on,run_05.json,1387,2.887000
on,run_05.json,1388,7.416000
on,run_05.json,1389,0.695000
on,run_05.json,1390,1.013000
on,run_05.json,1391,0.729000
on,run_05.json,1392,1.392000
on,run_05.json,1393,0.718000
on,run_05.json,1394,0.739000
on,run_05.json,1395,0.710000
on,run_05.json,1396,0.642000
on,run_05.json,1397,1.349000
on,run_05.json,1398,10.162000
on,run_05.json,1399,0.637000
on,run_05.json,1400,1.441000
on,run_05.json,1401,0.637000
on,run_05.json,1402,0.745000
on,run_05.json,1403,0.714000
on,run_05.json,1404,0.672000
on,run_05.json,1405,1.413000
on,run_05.json,1406,8.980000
on,run_05.json,1407,0.695000
on,run_05.json,1408,0.935000
on,run_05.json,1409,0.670000
on,run_05.json,1410,1.463000
on,run_05.json,1411,0.630000
on,run_05.json,1412,0.711000
on,run_05.json,1413,0.722000
on,run_05.json,1414,0.640000
on,run_05.json,1415,1.395000
on,run_05.json,1416,8.396000
on,run_05.json,1417,0.700000
on,run_05.json,1418,0.931000
on,run_05.json,1419,0.675000
on,run_05.json,1420,1.516000
on,run_05.json,1421,0.732000
on,run_05.json,1422,0.630000
on,run_05.json,1423,0.694000
on,run_05.json,1424,0.646000
on,run_05.json,1425,1.244000
on,run_05.json,1426,8.462000
on,run_05.json,1427,0.648000
on,run_05.json,1428,0.918000
on,run_05.json,1429,0.660000
on,run_05.json,1430,1.446000
on,run_05.json,1431,0.639000
on,run_05.json,1432,0.567000
on,run_05.json,1433,0.599000
on,run_05.json,1434,0.611000
on,run_05.json,1435,0.600000
on,run_05.json,1436,1.317000
on,run_05.json,1437,8.119000
on,run_05.json,1438,0.833000
on,run_05.json,1439,0.864000
on,run_05.json,1440,1.629000
on,run_05.json,1441,0.710000
on,run_05.json,1442,0.619000
on,run_05.json,1443,0.653000
on,run_05.json,1444,0.650000
on,run_05.json,1445,0.611000
on,run_05.json,1446,1.376000
on,run_05.json,1447,7.051000
on,run_05.json,1448,0.650000
on,run_05.json,1449,0.937000
on,run_05.json,1450,0.677000
on,run_05.json,1451,1.425000
on,run_05.json,1452,0.676000
on,run_05.json,1453,0.658000
on,run_05.json,1454,0.613000
on,run_05.json,1455,0.663000
on,run_05.json,1456,1.295000
on,run_05.json,1457,8.985000
on,run_05.json,1458,0.663000
on,run_05.json,1459,0.974000
on,run_05.json,1460,0.804000
on,run_05.json,1461,1.355000
on,run_05.json,1462,0.640000
on,run_05.json,1463,0.625000
on,run_05.json,1464,0.685000
on,run_05.json,1465,0.642000
on,run_05.json,1466,1.406000
on,run_05.json,1467,9.816000
on,run_05.json,1468,0.653000
on,run_05.json,1469,0.947000
on,run_05.json,1470,1.619000
on,run_05.json,1471,0.666000
on,run_05.json,1472,0.599000
on,run_05.json,1473,0.630000
on,run_05.json,1474,0.684000
on,run_05.json,1475,0.645000
on,run_05.json,1476,1.401000
on,run_05.json,1477,8.512000
on,run_05.json,1478,0.667000
on,run_05.json,1479,0.970000
on,run_05.json,1480,0.602000
on,run_05.json,1481,1.540000
on,run_05.json,1482,0.634000
on,run_05.json,1483,0.665000
on,run_05.json,1484,0.668000
on,run_05.json,1485,0.680000
on,run_05.json,1486,1.271000
on,run_05.json,1487,8.954000
on,run_05.json,1488,0.644000
on,run_05.json,1489,0.946000
on,run_05.json,1490,0.656000
on,run_05.json,1491,1.509000
on,run_05.json,1492,0.664000
on,run_05.json,1493,0.669000
on,run_05.json,1494,0.758000
on,run_05.json,1495,0.638000
on,run_05.json,1496,1.480000
on,run_05.json,1497,9.091000
on,run_05.json,1498,0.683000
on,run_05.json,1499,0.956000
on,run_05.json,1500,0.684000
on,run_05.json,1501,1.460000
on,run_05.json,1502,0.615000
on,run_05.json,1503,0.647000
on,run_05.json,1504,0.700000
on,run_05.json,1505,0.666000
on,run_05.json,1506,1.461000
on,run_05.json,1507,9.072000
on,run_05.json,1508,0.651000
on,run_05.json,1509,0.909000
on,run_05.json,1510,0.670000
on,run_05.json,1511,1.499000
on,run_05.json,1512,0.679000
on,run_05.json,1513,0.676000
on,run_05.json,1514,0.683000
on,run_05.json,1515,0.690000
on,run_05.json,1516,1.306000
on,run_05.json,1517,9.722000
on,run_05.json,1518,0.685000
on,run_05.json,1519,0.918000
on,run_05.json,1520,0.608000
on,run_05.json,1521,1.511000
on,run_05.json,1522,0.842000
on,run_05.json,1523,0.686000
on,run_05.json,1524,0.640000
on,run_05.json,1525,0.639000
on,run_05.json,1526,1.161000
on,run_05.json,1527,9.590000
on,run_05.json,1528,0.636000
on,run_05.json,1529,0.941000
on,run_05.json,1530,0.639000
on,run_05.json,1531,1.447000
on,run_05.json,1532,0.667000
on,run_05.json,1533,0.648000
on,run_05.json,1534,0.605000
on,run_05.json,1535,0.655000
on,run_05.json,1536,1.313000
on,run_05.json,1537,7.635000
on,run_05.json,1538,0.676000
on,run_05.json,1539,0.918000
on,run_05.json,1540,0.690000
on,run_05.json,1541,1.428000
on,run_05.json,1542,0.683000
on,run_05.json,1543,0.671000
on,run_05.json,1544,0.635000
on,run_05.json,1545,0.669000
on,run_05.json,1546,1.313000
on,run_05.json,1547,7.114000
on,run_05.json,1548,0.684000
on,run_05.json,1549,0.929000
on,run_05.json,1550,0.671000
on,run_05.json,1551,1.432000
on,run_05.json,1552,0.747000
on,run_05.json,1553,0.669000
on,run_05.json,1554,0.740000
on,run_05.json,1555,0.673000
on,run_05.json,1556,1.341000
on,run_05.json,1557,8.583000
on,run_05.json,1558,0.784000
on,run_05.json,1559,0.843000
on,run_05.json,1560,0.732000
on,run_05.json,1561,1.402000
on,run_05.json,1562,0.615000
on,run_05.json,1563,0.712000
on,run_05.json,1564,0.700000
on,run_05.json,1565,0.612000
on,run_05.json,1566,1.456000
on,run_05.json,1567,8.729000
on,run_05.json,1568,0.669000
on,run_05.json,1569,0.941000
on,run_05.json,1570,0.618000
on,run_05.json,1571,1.488000
on,run_05.json,1572,0.688000
on,run_05.json,1573,0.703000
on,run_05.json,1574,0.650000
on,run_05.json,1575,0.699000
on,run_05.json,1576,1.334000
on,run_05.json,1577,8.822000
on,run_05.json,1578,0.631000
on,run_05.json,1579,0.964000
on,run_05.json,1580,0.584000
on,run_05.json,1581,1.528000
on,run_05.json,1582,0.654000
on,run_05.json,1583,0.598000
on,run_05.json,1584,0.582000
on,run_05.json,1585,0.583000
on,run_05.json,1586,0.670000
on,run_05.json,1587,1.275000
on,run_05.json,1588,10.030000
on,run_05.json,1589,0.681000
on,run_05.json,1590,0.918000
on,run_05.json,1591,0.697000
on,run_05.json,1592,1.394000
on,run_05.json,1593,0.666000
on,run_05.json,1594,0.618000
on,run_05.json,1595,0.665000
on,run_05.json,1596,0.627000
on,run_05.json,1597,1.326000
on,run_05.json,1598,9.677000
on,run_05.json,1599,0.003000
on,run_06.json,0,0.763000
on,run_06.json,1,1.072000
on,run_06.json,2,1.540000
on,run_06.json,3,1.470000
on,run_06.json,4,11.972000
on,run_06.json,5,0.802000
on,run_06.json,6,0.879000
on,run_06.json,7,1.617000
on,run_06.json,8,1.387000
on,run_06.json,9,12.702000
on,run_06.json,10,0.716000
on,run_06.json,11,1.023000
on,run_06.json,12,1.639000
on,run_06.json,13,1.460000
on,run_06.json,14,12.369000
on,run_06.json,15,0.822000
on,run_06.json,16,0.822000
on,run_06.json,17,1.662000
on,run_06.json,18,1.306000
on,run_06.json,19,12.660000
on,run_06.json,20,0.918000
on,run_06.json,21,0.829000
on,run_06.json,22,1.562000
on,run_06.json,23,2.734000
on,run_06.json,24,10.895000
on,run_06.json,25,0.673000
on,run_06.json,26,1.142000
on,run_06.json,27,1.496000
on,run_06.json,28,1.432000
on,run_06.json,29,12.638000
on,run_06.json,30,0.895000
on,run_06.json,31,0.782000
on,run_06.json,32,1.731000
on,run_06.json,33,3.046000
on,run_06.json,34,10.493000
on,run_06.json,35,0.689000
on,run_06.json,36,1.077000
on,run_06.json,37,1.605000
on,run_06.json,38,1.563000
on,run_06.json,39,11.891000
on,run_06.json,40,0.704000
on,run_06.json,41,0.990000
on,run_06.json,42,0.672000
on,run_06.json,43,2.326000
on,run_06.json,44,12.660000
on,run_06.json,45,0.707000
on,run_06.json,46,1.022000
on,run_06.json,47,0.690000
on,run_06.json,48,2.276000
on,run_06.json,49,12.133000
on,run_06.json,50,0.741000
on,run_06.json,51,0.919000
on,run_06.json,52,1.665000
on,run_06.json,53,1.458000
on,run_06.json,54,12.064000
on,run_06.json,55,0.756000
on,run_06.json,56,1.105000
on,run_06.json,57,1.740000
on,run_06.json,58,1.418000
on,run_06.json,59,11.922000
on,run_06.json,60,0.908000
on,run_06.json,61,1.081000
on,run_06.json,62,1.444000
on,run_06.json,63,1.487000
on,run_06.json,64,11.707000
on,run_06.json,65,0.791000
on,run_06.json,66,0.933000
on,run_06.json,67,1.744000
on,run_06.json,68,1.463000
on,run_06.json,69,11.432000
on,run_06.json,70,0.879000
on,run_06.json,71,0.968000
on,run_06.json,72,1.479000
on,run_06.json,73,1.322000
on,run_06.json,74,10.934000
on,run_06.json,75,1.082000
on,run_06.json,76,0.767000
on,run_06.json,77,1.607000
on,run_06.json,78,1.628000
on,run_06.json,79,11.354000
on,run_06.json,80,1.031000
on,run_06.json,81,0.925000
on,run_06.json,82,1.285000
on,run_06.json,83,1.393000
on,run_06.json,84,11.821000
on,run_06.json,85,0.840000
on,run_06.json,86,0.882000
on,run_06.json,87,2.040000
on,run_06.json,88,12.010000
on,run_06.json,89,0.792000
on,run_06.json,90,1.061000
on,run_06.json,91,1.666000
on,run_06.json,92,1.368000
on,run_06.json,93,11.757000
on,run_06.json,94,0.671000
on,run_06.json,95,1.073000
on,run_06.json,96,1.553000
on,run_06.json,97,1.381000
on,run_06.json,98,11.130000
on,run_06.json,99,0.727000
on,run_06.json,100,0.812000
on,run_06.json,101,0.636000
on,run_06.json,102,1.427000
on,run_06.json,103,1.326000
on,run_06.json,104,10.606000
on,run_06.json,105,0.700000
on,run_06.json,106,1.076000
on,run_06.json,107,0.735000
on,run_06.json,108,1.372000
on,run_06.json,109,12.754000
on,run_06.json,110,0.653000
on,run_06.json,111,0.911000
on,run_06.json,112,0.653000
on,run_06.json,113,1.467000
on,run_06.json,114,1.269000
on,run_06.json,115,11.721000
on,run_06.json,116,0.677000
on,run_06.json,117,0.933000
on,run_06.json,118,0.694000
on,run_06.json,119,1.366000
on,run_06.json,120,1.440000
on,run_06.json,121,11.679000
on,run_06.json,122,0.653000
on,run_06.json,123,0.960000
on,run_06.json,124,0.625000
on,run_06.json,125,1.462000
on,run_06.json,126,12.921000
on,run_06.json,127,0.683000
on,run_06.json,128,1.086000
on,run_06.json,129,1.481000
on,run_06.json,130,0.598000
on,run_06.json,131,12.751000
on,run_06.json,132,0.694000
on,run_06.json,133,0.922000
on,run_06.json,134,0.657000
on,run_06.json,135,1.393000
on,run_06.json,136,1.556000
on,run_06.json,137,11.459000
on,run_06.json,138,0.637000
on,run_06.json,139,0.979000
on,run_06.json,140,0.819000
on,run_06.json,141,1.450000
on,run_06.json,142,12.783000
on,run_06.json,143,0.676000
on,run_06.json,144,0.940000
on,run_06.json,145,1.652000
on,run_06.json,146,1.431000
on,run_06.json,147,11.933000
on,run_06.json,148,0.644000
on,run_06.json,149,0.973000
on,run_06.json,150,0.611000
on,run_06.json,151,1.418000
on,run_06.json,152,1.325000
on,run_06.json,153,11.779000
on,run_06.json,154,0.613000
on,run_06.json,155,1.007000
on,run_06.json,156,0.617000
on,run_06.json,157,1.492000
on,run_06.json,158,12.889000
on,run_06.json,159,0.730000
on,run_06.json,160,0.911000
on,run_06.json,161,0.693000
on,run_06.json,162,1.444000
on,run_06.json,163,1.325000
on,run_06.json,164,11.529000
on,run_06.json,165,0.656000
on,run_06.json,166,1.009000
on,run_06.json,167,0.759000
on,run_06.json,168,1.301000
on,run_06.json,169,1.307000
on,run_06.json,170,11.689000
on,run_06.json,171,0.683000
on,run_06.json,172,0.974000
on,run_06.json,173,1.547000
on,run_06.json,174,0.612000
on,run_06.json,175,12.901000
on,run_06.json,176,0.837000
on,run_06.json,177,0.789000
on,run_06.json,178,1.580000
on,run_06.json,179,0.755000
on,run_06.json,180,0.620000
on,run_06.json,181,1.280000
on,run_06.json,182,10.811000
on,run_06.json,183,0.707000
on,run_06.json,184,0.887000
on,run_06.json,185,1.662000
on,run_06.json,186,1.387000
on,run_06.json,187,12.112000
on,run_06.json,188,0.758000
on,run_06.json,189,1.066000
on,run_06.json,190,1.786000
on,run_06.json,191,13.202000
on,run_06.json,192,0.677000
on,run_06.json,193,1.013000
on,run_06.json,194,1.765000
on,run_06.json,195,1.425000
on,run_06.json,196,11.427000
on,run_06.json,197,0.690000
on,run_06.json,198,0.832000
on,run_06.json,199,0.659000
on,run_06.json,200,1.464000
on,run_06.json,201,0.665000
on,run_06.json,202,1.518000
on,run_06.json,203,10.890000
on,run_06.json,204,0.895000
on,run_06.json,205,0.906000
on,run_06.json,206,1.537000
on,run_06.json,207,1.412000
on,run_06.json,208,12.003000
on,run_06.json,209,0.804000
on,run_06.json,210,1.089000
on,run_06.json,211,1.358000
on,run_06.json,212,1.477000
on,run_06.json,213,11.889000
on,run_06.json,214,0.861000
on,run_06.json,215,0.897000
on,run_06.json,216,1.507000
on,run_06.json,217,0.768000
on,run_06.json,218,0.705000
on,run_06.json,219,11.940000
on,run_06.json,220,0.719000
on,run_06.json,221,1.085000
on,run_06.json,222,1.735000
on,run_06.json,223,0.771000
on,run_06.json,224,1.363000
on,run_06.json,225,10.926000
on,run_06.json,226,0.943000
on,run_06.json,227,0.959000
on,run_06.json,228,1.441000
on,run_06.json,229,0.760000
on,run_06.json,230,0.720000
on,run_06.json,231,11.778000
on,run_06.json,232,0.626000
on,run_06.json,233,0.966000
on,run_06.json,234,0.694000
on,run_06.json,235,1.438000
on,run_06.json,236,0.728000
on,run_06.json,237,1.464000
on,run_06.json,238,10.682000
on,run_06.json,239,0.795000
on,run_06.json,240,1.012000
on,run_06.json,241,1.669000
on,run_06.json,242,0.729000
on,run_06.json,243,0.765000
on,run_06.json,244,11.715000
on,run_06.json,245,0.721000
on,run_06.json,246,0.917000
on,run_06.json,247,1.649000
on,run_06.json,248,0.699000
on,run_06.json,249,0.725000
on,run_06.json,250,1.236000
on,run_06.json,251,10.599000
on,run_06.json,252,0.660000
on,run_06.json,253,1.034000
on,run_06.json,254,1.665000
on,run_06.json,255,0.659000
on,run_06.json,256,0.702000
on,run_06.json,257,1.392000
on,run_06.json,258,10.646000
on,run_06.json,259,0.713000
on,run_06.json,260,0.995000
on,run_06.json,261,1.626000
on,run_06.json,262,0.657000
on,run_06.json,263,0.630000
on,run_06.json,264,12.111000
on,run_06.json,265,0.690000
on,run_06.json,266,1.012000
on,run_06.json,267,1.569000
on,run_06.json,268,0.686000
on,run_06.json,269,0.715000
on,run_06.json,270,1.248000
on,run_06.json,271,10.717000
on,run_06.json,272,0.672000
on,run_06.json,273,0.959000
on,run_06.json,274,1.599000
on,run_06.json,275,0.704000
on,run_06.json,276,0.683000
on,run_06.json,277,1.416000
on,run_06.json,278,10.665000
on,run_06.json,279,0.694000
on,run_06.json,280,0.988000
on,run_06.json,281,0.708000
on,run_06.json,282,1.503000
on,run_06.json,283,0.665000
on,run_06.json,284,12.721000
on,run_06.json,285,0.692000
on,run_06.json,286,0.933000
on,run_06.json,287,0.701000
on,run_06.json,288,1.450000
on,run_06.json,289,0.652000
on,run_06.json,290,1.391000
on,run_06.json,291,11.603000
on,run_06.json,292,0.801000
on,run_06.json,293,1.052000
on,run_06.json,294,1.526000
on,run_06.json,295,0.839000
on,run_06.json,296,1.457000
on,run_06.json,297,11.513000
on,run_06.json,298,0.797000
on,run_06.json,299,1.071000
on,run_06.json,300,1.379000
on,run_06.json,301,0.784000
on,run_06.json,302,0.723000
on,run_06.json,303,1.396000
on,run_06.json,304,8.749000
on,run_06.json,305,0.736000
on,run_06.json,306,1.008000
on,run_06.json,307,1.727000
on,run_06.json,308,0.728000
on,run_06.json,309,0.723000
on,run_06.json,310,11.597000
on,run_06.json,311,0.684000
on,run_06.json,312,0.999000
on,run_06.json,313,0.738000
on,run_06.json,314,1.522000
on,run_06.json,315,0.663000
on,run_06.json,316,1.384000
on,run_06.json,317,10.718000
on,run_06.json,318,0.682000
on,run_06.json,319,1.023000
on,run_06.json,320,1.802000
on,run_06.json,321,0.691000
on,run_06.json,322,0.650000
on,run_06.json,323,11.883000
on,run_06.json,324,0.697000
on,run_06.json,325,1.183000
on,run_06.json,326,1.528000
on,run_06.json,327,0.647000
on,run_06.json,328,0.648000
on,run_06.json,329,1.359000
on,run_06.json,330,14.354000
on,run_06.json,331,0.888000
on,run_06.json,332,0.935000
on,run_06.json,333,0.681000
on,run_06.json,334,1.537000
on,run_06.json,335,0.682000
on,run_06.json,336,1.530000
on,run_06.json,337,10.509000
on,run_06.json,338,0.828000
on,run_06.json,339,1.064000
on,run_06.json,340,1.689000
on,run_06.json,341,0.811000
on,run_06.json,342,1.375000
on,run_06.json,343,10.983000
on,run_06.json,344,0.830000
on,run_06.json,345,0.985000
on,run_06.json,346,1.551000
on,run_06.json,347,0.836000
on,run_06.json,348,0.705000
on,run_06.json,349,11.711000
on,run_06.json,350,0.679000
on,run_06.json,351,1.063000
on,run_06.json,352,1.651000
on,run_06.json,353,0.723000
on,run_06.json,354,0.611000
on,run_06.json,355,1.457000
on,run_06.json,356,10.364000
on,run_06.json,357,0.873000
on,run_06.json,358,1.025000
on,run_06.json,359,1.805000
on,run_06.json,360,0.869000
on,run_06.json,361,1.397000
on,run_06.json,362,10.850000
on,run_06.json,363,1.030000
on,run_06.json,364,2.408000
on,run_06.json,365,0.570000
on,run_06.json,366,0.711000
on,run_06.json,367,11.538000
on,run_06.json,368,0.752000
on,run_06.json,369,0.939000
on,run_06.json,370,0.701000
on,run_06.json,371,1.537000
on,run_06.json,372,0.719000
on,run_06.json,373,1.413000
on,run_06.json,374,11.796000
on,run_06.json,375,0.163000
on,run_06.json,376,0.715000
on,run_06.json,377,1.454000
on,run_06.json,378,0.716000
on,run_06.json,379,1.390000
on,run_06.json,380,10.525000
on,run_06.json,381,0.691000
on,run_06.json,382,0.954000
on,run_06.json,383,0.575000
on,run_06.json,384,1.590000
on,run_06.json,385,0.606000
on,run_06.json,386,1.334000
on,run_06.json,387,10.015000
on,run_06.json,388,0.875000
on,run_06.json,389,0.709000
on,run_06.json,390,0.673000
on,run_06.json,391,1.515000
on,run_06.json,392,0.617000
on,run_06.json,393,1.397000
on,run_06.json,394,9.171000
on,run_06.json,395,0.933000
on,run_06.json,396,0.936000
on,run_06.json,397,1.516000
on,run_06.json,398,0.683000
on,run_06.json,399,0.611000
on,run_06.json,400,1.382000
on,run_06.json,401,10.126000
on,run_06.json,402,0.822000
on,run_06.json,403,0.940000
on,run_06.json,404,1.537000
on,run_06.json,405,0.685000
on,run_06.json,406,0.684000
on,run_06.json,407,1.503000
on,run_06.json,408,11.854000
on,run_06.json,409,0.803000
on,run_06.json,410,0.871000
on,run_06.json,411,0.615000
on,run_06.json,412,1.555000
on,run_06.json,413,0.619000
on,run_06.json,414,1.430000
on,run_06.json,415,11.508000
on,run_06.json,416,1.178000
on,run_06.json,417,0.846000
on,run_06.json,418,1.489000
on,run_06.json,419,0.792000
on,run_06.json,420,1.379000
on,run_06.json,421,10.697000
on,run_06.json,422,0.883000
on,run_06.json,423,0.893000
on,run_06.json,424,1.732000
on,run_06.json,425,0.755000
on,run_06.json,426,1.426000
on,run_06.json,427,10.650000
on,run_06.json,428,0.870000
on,run_06.json,429,0.949000
on,run_06.json,430,1.544000
on,run_06.json,431,0.718000
on,run_06.json,432,0.723000
on,run_06.json,433,12.048000
on,run_06.json,434,0.771000
on,run_06.json,435,1.054000
on,run_06.json,436,1.653000
on,run_06.json,437,0.869000
on,run_06.json,438,1.614000
on,run_06.json,439,10.704000
on,run_06.json,440,0.641000
on,run_06.json,441,0.948000
on,run_06.json,442,0.865000
on,run_06.json,443,1.492000
on,run_06.json,444,0.799000
on,run_06.json,445,1.596000
on,run_06.json,446,10.754000
on,run_06.json,447,1.175000
on,run_06.json,448,0.851000
on,run_06.json,449,1.555000
on,run_06.json,450,0.816000
on,run_06.json,451,1.507000
on,run_06.json,452,10.697000
on,run_06.json,453,0.741000
on,run_06.json,454,1.032000
on,run_06.json,455,0.727000
on,run_06.json,456,1.422000
on,run_06.json,457,0.688000
on,run_06.json,458,1.448000
on,run_06.json,459,10.868000
on,run_06.json,460,0.726000
on,run_06.json,461,0.967000
on,run_06.json,462,0.724000
on,run_06.json,463,1.571000
on,run_06.json,464,0.810000
on,run_06.json,465,1.511000
on,run_06.json,466,10.932000
on,run_06.json,467,0.747000
on,run_06.json,468,1.001000
on,run_06.json,469,1.579000
on,run_06.json,470,0.615000
on,run_06.json,471,0.694000
on,run_06.json,472,1.398000
on,run_06.json,473,10.875000
on,run_06.json,474,0.650000
on,run_06.json,475,1.018000
on,run_06.json,476,0.632000
on,run_06.json,477,1.495000
on,run_06.json,478,0.633000
on,run_06.json,479,1.339000
on,run_06.json,480,11.283000
on,run_06.json,481,0.626000
on,run_06.json,482,0.950000
on,run_06.json,483,0.598000
on,run_06.json,484,1.505000
on,run_06.json,485,0.618000
on,run_06.json,486,1.297000
on,run_06.json,487,9.401000
on,run_06.json,488,0.629000
on,run_06.json,489,1.009000
on,run_06.json,490,0.675000
on,run_06.json,491,1.496000
on,run_06.json,492,0.695000
on,run_06.json,493,1.293000
on,run_06.json,494,9.224000
on,run_06.json,495,0.667000
on,run_06.json,496,1.157000
on,run_06.json,497,1.660000
on,run_06.json,498,0.691000
on,run_06.json,499,0.688000
on,run_06.json,500,11.493000
on,run_06.json,501,0.619000
on,run_06.json,502,0.949000
on,run_06.json,503,0.633000
on,run_06.json,504,1.555000
on,run_06.json,505,0.620000
on,run_06.json,506,1.440000
on,run_06.json,507,10.838000
on,run_06.json,508,0.657000
on,run_06.json,509,0.938000
on,run_06.json,510,0.654000
on,run_06.json,511,1.489000
on,run_06.json,512,0.647000
on,run_06.json,513,1.469000
on,run_06.json,514,10.892000
on,run_06.json,515,0.643000
on,run_06.json,516,0.952000
on,run_06.json,517,0.606000
on,run_06.json,518,1.626000
on,run_06.json,519,0.660000
on,run_06.json,520,1.367000
on,run_06.json,521,10.807000
on,run_06.json,522,0.620000
on,run_06.json,523,0.926000
on,run_06.json,524,0.604000
on,run_06.json,525,1.533000
on,run_06.json,526,0.617000
on,run_06.json,527,1.298000
on,run_06.json,528,11.194000
on,run_06.json,529,0.626000
on,run_06.json,530,0.945000
on,run_06.json,531,0.609000
on,run_06.json,532,1.509000
on,run_06.json,533,0.633000
on,run_06.json,534,1.383000
on,run_06.json,535,11.664000
on,run_06.json,536,0.664000
on,run_06.json,537,0.992000
on,run_06.json,538,0.664000
on,run_06.json,539,1.515000
on,run_06.json,540,0.649000
on,run_06.json,541,13.178000
on,run_06.json,542,0.656000
on,run_06.json,543,0.968000
on,run_06.json,544,0.659000
on,run_06.json,545,1.494000
on,run_06.json,546,0.690000
on,run_06.json,547,1.284000
on,run_06.json,548,11.172000
on,run_06.json,549,0.776000
on,run_06.json,550,0.895000
on,run_06.json,551,0.670000
on,run_06.json,552,1.472000
on,run_06.json,553,0.704000
on,run_06.json,554,1.394000
on,run_06.json,555,11.533000
on,run_06.json,556,0.647000
on,run_06.json,557,0.952000
on,run_06.json,558,0.645000
on,run_06.json,559,1.528000
on,run_06.json,560,0.663000
on,run_06.json,561,1.327000
on,run_06.json,562,11.271000
on,run_06.json,563,0.655000
on,run_06.json,564,0.979000
on,run_06.json,565,0.633000
on,run_06.json,566,1.551000
on,run_06.json,567,0.686000
on,run_06.json,568,0.802000
on,run_06.json,569,1.350000
on,run_06.json,570,10.621000
on,run_06.json,571,0.687000
on,run_06.json,572,0.964000
on,run_06.json,573,0.639000
on,run_06.json,574,1.583000
on,run_06.json,575,0.670000
on,run_06.json,576,1.366000
on,run_06.json,577,11.259000
on,run_06.json,578,0.648000
on,run_06.json,579,0.974000
on,run_06.json,580,0.625000
on,run_06.json,581,1.510000
on,run_06.json,582,0.667000
on,run_06.json,583,1.355000
on,run_06.json,584,11.134000
on,run_06.json,585,0.703000
on,run_06.json,586,0.963000
on,run_06.json,587,0.678000
on,run_06.json,588,1.480000
on,run_06.json,589,0.665000
on,run_06.json,590,0.604000
on,run_06.json,591,0.606000
on,run_06.json,592,1.327000
on,run_06.json,593,9.566000
on,run_06.json,594,0.638000
on,run_06.json,595,0.996000
on,run_06.json,596,0.604000
on,run_06.json,597,1.562000
on,run_06.json,598,0.647000
on,run_06.json,599,0.656000
on,run_06.json,600,0.661000
on,run_06.json,601,1.291000
on,run_06.json,602,8.320000
on,run_06.json,603,0.643000
on,run_06.json,604,0.961000
on,run_06.json,605,0.761000
on,run_06.json,606,1.392000
on,run_06.json,607,0.672000
on,run_06.json,608,0.669000
on,run_06.json,609,0.845000
on,run_06.json,610,10.271000
on,run_06.json,611,0.731000
on,run_06.json,612,0.821000
on,run_06.json,613,0.623000
on,run_06.json,614,1.450000
on,run_06.json,615,0.656000
on,run_06.json,616,0.659000
on,run_06.json,617,0.587000
on,run_06.json,618,1.459000
on,run_06.json,619,8.721000
on,run_06.json,620,0.604000
on,run_06.json,621,1.011000
on,run_06.json,622,0.726000
on,run_06.json,623,1.564000
on,run_06.json,624,0.689000
on,run_06.json,625,0.702000
on,run_06.json,626,0.673000
on,run_06.json,627,9.525000
on,run_06.json,628,0.677000
on,run_06.json,629,0.832000
on,run_06.json,630,0.671000
on,run_06.json,631,1.535000
on,run_06.json,632,0.614000
on,run_06.json,633,0.665000
on,run_06.json,634,0.691000
on,run_06.json,635,1.365000
on,run_06.json,636,9.108000
on,run_06.json,637,0.622000
on,run_06.json,638,0.932000
on,run_06.json,639,1.592000
on,run_06.json,640,0.636000
on,run_06.json,641,0.669000
on,run_06.json,642,0.624000
on,run_06.json,643,1.416000
on,run_06.json,644,9.990000
on,run_06.json,645,0.651000
on,run_06.json,646,0.983000
on,run_06.json,647,0.688000
on,run_06.json,648,1.392000
on,run_06.json,649,0.602000
on,run_06.json,650,0.610000
on,run_06.json,651,0.695000
on,run_06.json,652,1.370000
on,run_06.json,653,9.662000
on,run_06.json,654,0.764000
on,run_06.json,655,0.903000
on,run_06.json,656,0.589000
on,run_06.json,657,1.498000
on,run_06.json,658,0.649000
on,run_06.json,659,0.638000
on,run_06.json,660,0.660000
on,run_06.json,661,1.506000
on,run_06.json,662,9.693000
on,run_06.json,663,0.627000
on,run_06.json,664,0.948000
on,run_06.json,665,0.563000
on,run_06.json,666,1.481000
on,run_06.json,667,0.555000
on,run_06.json,668,0.610000
on,run_06.json,669,0.590000
on,run_06.json,670,1.346000
on,run_06.json,671,9.875000
on,run_06.json,672,0.610000
on,run_06.json,673,0.915000
on,run_06.json,674,0.667000
on,run_06.json,675,1.393000
on,run_06.json,676,0.652000
on,run_06.json,677,0.606000
on,run_06.json,678,0.624000
on,run_06.json,679,1.344000
on,run_06.json,680,9.678000
on,run_06.json,681,0.615000
on,run_06.json,682,0.932000
on,run_06.json,683,0.588000
on,run_06.json,684,1.495000
on,run_06.json,685,0.591000
on,run_06.json,686,0.598000
on,run_06.json,687,0.574000
on,run_06.json,688,1.398000
on,run_06.json,689,9.901000
on,run_06.json,690,0.714000
on,run_06.json,691,0.757000
on,run_06.json,692,0.558000
on,run_06.json,693,1.448000
on,run_06.json,694,0.622000
on,run_06.json,695,0.619000
on,run_06.json,696,0.589000
on,run_06.json,697,1.395000
on,run_06.json,698,9.894000
on,run_06.json,699,0.608000
on,run_06.json,700,0.927000
on,run_06.json,701,0.580000
on,run_06.json,702,1.485000
on,run_06.json,703,0.612000
on,run_06.json,704,0.580000
on,run_06.json,705,1.866000
on,run_06.json,706,10.068000
on,run_06.json,707,0.659000
on,run_06.json,708,0.916000
on,run_06.json,709,0.627000
on,run_06.json,710,1.488000
on,run_06.json,711,0.593000
on,run_06.json,712,0.574000
on,run_06.json,713,0.644000
on,run_06.json,714,1.167000
on,run_06.json,715,10.012000
on,run_06.json,716,2.077000
on,run_06.json,717,1.201000
on,run_06.json,718,0.556000
on,run_06.json,719,0.542000
on,run_06.json,720,0.631000
on,run_06.json,721,0.618000
on,run_06.json,722,1.264000
on,run_06.json,723,9.733000
on,run_06.json,724,0.632000
on,run_06.json,725,0.934000
on,run_06.json,726,0.664000
on,run_06.json,727,1.449000
on,run_06.json,728,0.690000
on,run_06.json,729,0.693000
on,run_06.json,730,0.657000
on,run_06.json,731,1.379000
on,run_06.json,732,9.631000
on,run_06.json,733,0.705000
on,run_06.json,734,0.972000
on,run_06.json,735,0.691000
on,run_06.json,736,1.568000
on,run_06.json,737,0.644000
on,run_06.json,738,0.647000
on,run_06.json,739,0.697000
on,run_06.json,740,10.864000
on,run_06.json,741,0.692000
on,run_06.json,742,0.982000
on,run_06.json,743,0.608000
on,run_06.json,744,1.568000
on,run_06.json,745,0.668000
on,run_06.json,746,0.672000
on,run_06.json,747,1.566000
on,run_06.json,748,9.675000
on,run_06.json,749,0.665000
on,run_06.json,750,1.009000
on,run_06.json,751,0.684000
on,run_06.json,752,1.476000
on,run_06.json,753,0.697000
on,run_06.json,754,0.678000
on,run_06.json,755,0.603000
on,run_06.json,756,1.477000
on,run_06.json,757,9.460000
on,run_06.json,758,0.686000
on,run_06.json,759,0.942000
on,run_06.json,760,0.673000
on,run_06.json,761,1.503000
on,run_06.json,762,0.689000
on,run_06.json,763,0.653000
on,run_06.json,764,0.640000
on,run_06.json,765,1.291000
on,run_06.json,766,9.581000
on,run_06.json,767,0.789000
on,run_06.json,768,0.891000
on,run_06.json,769,0.730000
on,run_06.json,770,1.555000
on,run_06.json,771,0.789000
on,run_06.json,772,0.713000
on,run_06.json,773,1.307000
on,run_06.json,774,9.976000
on,run_06.json,775,0.671000
on,run_06.json,776,0.952000
on,run_06.json,777,0.709000
on,run_06.json,778,1.479000
on,run_06.json,779,0.734000
on,run_06.json,780,0.675000
on,run_06.json,781,1.466000
on,run_06.json,782,9.878000
on,run_06.json,783,0.746000
on,run_06.json,784,0.968000
on,run_06.json,785,1.734000
on,run_06.json,786,0.698000
on,run_06.json,787,0.679000
on,run_06.json,788,0.742000
on,run_06.json,789,1.385000
on,run_06.json,790,9.737000
on,run_06.json,791,0.722000
on,run_06.json,792,0.956000
on,run_06.json,793,0.659000
on,run_06.json,794,1.542000
on,run_06.json,795,0.728000
on,run_06.json,796,0.722000
on,run_06.json,797,1.374000
on,run_06.json,798,9.887000
on,run_06.json,799,0.695000
on,run_06.json,800,1.096000
on,run_06.json,801,1.641000
on,run_06.json,802,0.691000
on,run_06.json,803,0.620000
on,run_06.json,804,0.690000
on,run_06.json,805,1.420000
on,run_06.json,806,9.906000
on,run_06.json,807,0.669000
on,run_06.json,808,1.178000
on,run_06.json,809,0.819000
on,run_06.json,810,1.447000
on,run_06.json,811,0.752000
on,run_06.json,812,0.672000
on,run_06.json,813,1.489000
on,run_06.json,814,10.922000
on,run_06.json,815,0.678000
on,run_06.json,816,0.994000
on,run_06.json,817,0.703000
on,run_06.json,818,1.548000
on,run_06.json,819,0.705000
on,run_06.json,820,0.820000
on,run_06.json,821,1.417000
on,run_06.json,822,10.620000
on,run_06.json,823,0.964000
on,run_06.json,824,0.923000
on,run_06.json,825,1.515000
on,run_06.json,826,0.864000
on,run_06.json,827,0.833000
on,run_06.json,828,1.585000
on,run_06.json,829,8.224000
on,run_06.json,830,0.897000
on,run_06.json,831,0.818000
on,run_06.json,832,1.607000
on,run_06.json,833,1.010000
on,run_06.json,834,0.772000
on,run_06.json,835,1.430000
on,run_06.json,836,9.904000
on,run_06.json,837,0.893000
on,run_06.json,838,0.992000
on,run_06.json,839,1.472000
on,run_06.json,840,0.824000
on,run_06.json,841,0.626000
on,run_06.json,842,0.717000
on,run_06.json,843,1.415000
on,run_06.json,844,9.725000
on,run_06.json,845,0.763000
on,run_06.json,846,0.862000
on,run_06.json,847,0.703000
on,run_06.json,848,1.407000
on,run_06.json,849,0.721000
on,run_06.json,850,0.624000
on,run_06.json,851,0.622000
on,run_06.json,852,1.459000
on,run_06.json,853,13.065000
on,run_06.json,854,0.781000
on,run_06.json,855,0.873000
on,run_06.json,856,0.653000
on,run_06.json,857,1.580000
on,run_06.json,858,0.674000
on,run_06.json,859,0.701000
on,run_06.json,860,0.633000
on,run_06.json,861,11.287000
on,run_06.json,862,0.714000
on,run_06.json,863,0.975000
on,run_06.json,864,0.673000
on,run_06.json,865,1.501000
on,run_06.json,866,0.660000
on,run_06.json,867,0.649000
on,run_06.json,868,1.502000
on,run_06.json,869,9.767000
on,run_06.json,870,0.690000
on,run_06.json,871,0.939000
on,run_06.json,872,0.650000
on,run_06.json,873,1.511000
on,run_06.json,874,0.690000
on,run_06.json,875,0.704000
on,run_06.json,876,0.606000
on,run_06.json,877,1.419000
on,run_06.json,878,9.381000
on,run_06.json,879,0.707000
on,run_06.json,880,1.035000
on,run_06.json,881,1.618000
on,run_06.json,882,0.652000
on,run_06.json,883,0.703000
on,run_06.json,884,0.692000
on,run_06.json,885,1.396000
on,run_06.json,886,9.618000
on,run_06.json,887,0.663000
on,run_06.json,888,0.938000
on,run_06.json,889,0.699000
on,run_06.json,890,1.421000
on,run_06.json,891,0.686000
on,run_06.json,892,0.697000
on,run_06.json,893,0.641000
on,run_06.json,894,1.341000
on,run_06.json,895,9.477000
on,run_06.json,896,0.798000
on,run_06.json,897,0.936000
on,run_06.json,898,1.600000
on,run_06.json,899,0.692000
on,run_06.json,900,0.633000
on,run_06.json,901,0.591000
on,run_06.json,902,0.625000
on,run_06.json,903,10.361000
on,run_06.json,904,0.735000
on,run_06.json,905,0.865000
on,run_06.json,906,0.739000
on,run_06.json,907,1.413000
on,run_06.json,908,0.669000
on,run_06.json,909,0.579000
on,run_06.json,910,0.643000
on,run_06.json,911,1.295000
on,run_06.json,912,8.973000
on,run_06.json,913,0.712000
on,run_06.json,914,0.915000
on,run_06.json,915,0.670000
on,run_06.json,916,1.460000
on,run_06.json,917,0.663000
on,run_06.json,918,0.609000
on,run_06.json,919,0.656000
on,run_06.json,920,1.304000
on,run_06.json,921,8.066000
on,run_06.json,922,0.691000
on,run_06.json,923,0.875000
on,run_06.json,924,1.554000
on,run_06.json,925,0.666000
on,run_06.json,926,0.683000
on,run_06.json,927,0.652000
on,run_06.json,928,1.343000
on,run_06.json,929,9.621000
on,run_06.json,930,0.735000
on,run_06.json,931,1.008000
on,run_06.json,932,0.748000
on,run_06.json,933,1.486000
on,run_06.json,934,0.928000
on,run_06.json,935,0.694000
on,run_06.json,936,1.313000
on,run_06.json,937,11.438000
on,run_06.json,938,0.689000
on,run_06.json,939,0.928000
on,run_06.json,940,0.739000
on,run_06.json,941,1.484000
on,run_06.json,942,0.706000
on,run_06.json,943,0.710000
on,run_06.json,944,1.401000
on,run_06.json,945,9.714000
on,run_06.json,946,0.680000
on,run_06.json,947,0.983000
on,run_06.json,948,0.606000
on,run_06.json,949,1.581000
on,run_06.json,950,0.667000
on,run_06.json,951,0.647000
on,run_06.json,952,0.640000
on,run_06.json,953,1.308000
on,run_06.json,954,9.299000
on,run_06.json,955,0.711000
on,run_06.json,956,0.935000
on,run_06.json,957,0.678000
on,run_06.json,958,1.490000
on,run_06.json,959,0.686000
on,run_06.json,960,0.602000
on,run_06.json,961,0.651000
on,run_06.json,962,1.470000
on,run_06.json,963,9.854000
on,run_06.json,964,0.922000
on,run_06.json,965,0.737000
on,run_06.json,966,1.620000
on,run_06.json,967,0.719000
on,run_06.json,968,0.688000
on,run_06.json,969,0.733000
on,run_06.json,970,1.351000
on,run_06.json,971,10.149000
on,run_06.json,972,0.776000
on,run_06.json,973,1.046000
on,run_06.json,974,1.565000
on,run_06.json,975,0.677000
on,run_06.json,976,0.668000
on,run_06.json,977,0.740000
on,run_06.json,978,1.557000
on,run_06.json,979,9.969000
on,run_06.json,980,1.347000
on,run_06.json,981,0.901000
on,run_06.json,982,1.493000
on,run_06.json,983,0.643000
on,run_06.json,984,0.653000
on,run_06.json,985,1.377000
on,run_06.json,986,10.638000
on,run_06.json,987,0.780000
on,run_06.json,988,0.954000
on,run_06.json,989,0.932000
on,run_06.json,990,1.285000
on,run_06.json,991,0.661000
on,run_06.json,992,0.712000
on,run_06.json,993,1.347000
on,run_06.json,994,10.414000
on,run_06.json,995,0.684000
on,run_06.json,996,0.929000
on,run_06.json,997,0.699000
on,run_06.json,998,1.533000
on,run_06.json,999,0.661000
on,run_06.json,1000,0.593000
on,run_06.json,1001,0.605000
on,run_06.json,1002,1.286000
on,run_06.json,1003,10.182000
on,run_06.json,1004,0.749000
on,run_06.json,1005,0.955000
on,run_06.json,1006,1.637000
on,run_06.json,1007,0.695000
on,run_06.json,1008,0.662000
on,run_06.json,1009,0.630000
on,run_06.json,1010,1.294000
on,run_06.json,1011,8.294000
on,run_06.json,1012,0.693000
on,run_06.json,1013,0.944000
on,run_06.json,1014,0.847000
on,run_06.json,1015,1.436000
on,run_06.json,1016,0.666000
on,run_06.json,1017,0.711000
on,run_06.json,1018,1.379000
on,run_06.json,1019,8.466000
on,run_06.json,1020,0.636000
on,run_06.json,1021,1.053000
on,run_06.json,1022,0.666000
on,run_06.json,1023,1.572000
on,run_06.json,1024,0.690000
on,run_06.json,1025,0.657000
on,run_06.json,1026,1.402000
on,run_06.json,1027,9.664000
on,run_06.json,1028,0.724000
on,run_06.json,1029,0.953000
on,run_06.json,1030,1.734000
on,run_06.json,1031,0.657000
on,run_06.json,1032,0.792000
on,run_06.json,1033,0.687000
on,run_06.json,1034,1.333000
on,run_06.json,1035,9.693000
on,run_06.json,1036,0.678000
on,run_06.json,1037,0.901000
on,run_06.json,1038,0.673000
on,run_06.json,1039,1.482000
on,run_06.json,1040,0.682000
on,run_06.json,1041,0.669000
on,run_06.json,1042,0.667000
on,run_06.json,1043,1.308000
on,run_06.json,1044,9.682000
on,run_06.json,1045,0.612000
on,run_06.json,1046,2.425000
on,run_06.json,1047,0.599000
on,run_06.json,1048,0.669000
on,run_06.json,1049,0.623000
on,run_06.json,1050,0.651000
on,run_06.json,1051,1.319000
on,run_06.json,1052,9.710000
on,run_06.json,1053,0.646000
on,run_06.json,1054,0.987000
on,run_06.json,1055,0.623000
on,run_06.json,1056,1.572000
on,run_06.json,1057,2.014000
on,run_06.json,1058,12.277000
on,run_06.json,1059,0.931000
on,run_06.json,1060,0.771000
on,run_06.json,1061,1.774000
on,run_06.json,1062,0.747000
on,run_06.json,1063,0.824000
on,run_06.json,1064,0.696000
on,run_06.json,1065,11.657000
on,run_06.json,1066,1.387000
on,run_06.json,1067,0.794000
on,run_06.json,1068,1.400000
on,run_06.json,1069,0.722000
on,run_06.json,1070,0.726000
on,run_06.json,1071,0.642000
on,run_06.json,1072,10.968000
on,run_06.json,1073,0.739000
on,run_06.json,1074,0.933000
on,run_06.json,1075,1.776000
on,run_06.json,1076,0.682000
on,run_06.json,1077,0.719000
on,run_06.json,1078,0.717000
on,run_06.json,1079,1.404000
on,run_06.json,1080,10.649000
on,run_06.json,1081,0.813000
on,run_06.json,1082,1.120000
on,run_06.json,1083,1.465000
on,run_06.json,1084,0.682000
on,run_06.json,1085,0.719000
on,run_06.json,1086,0.699000
on,run_06.json,1087,1.467000
on,run_06.json,1088,10.280000
on,run_06.json,1089,0.838000
on,run_06.json,1090,1.080000
on,run_06.json,1091,1.394000
on,run_06.json,1092,0.713000
on,run_06.json,1093,0.767000
on,run_06.json,1094,0.790000
on,run_06.json,1095,1.375000
on,run_06.json,1096,10.284000
on,run_06.json,1097,0.716000
on,run_06.json,1098,1.090000
on,run_06.json,1099,1.614000
on,run_06.json,1100,0.951000
on,run_06.json,1101,0.719000
on,run_06.json,1102,0.709000
on,run_06.json,1103,11.244000
on,run_06.json,1104,0.875000
on,run_06.json,1105,0.860000
on,run_06.json,1106,1.675000
on,run_06.json,1107,0.799000
on,run_06.json,1108,0.713000
on,run_06.json,1109,0.754000
on,run_06.json,1110,1.427000
on,run_06.json,1111,9.904000
on,run_06.json,1112,1.042000
on,run_06.json,1113,0.791000
on,run_06.json,1114,1.725000
on,run_06.json,1115,0.735000
on,run_06.json,1116,0.782000
on,run_06.json,1117,0.660000
on,run_06.json,1118,10.311000
on,run_06.json,1119,0.706000
on,run_06.json,1120,1.177000
on,run_06.json,1121,1.872000
on,run_06.json,1122,0.838000
on,run_06.json,1123,0.853000
on,run_06.json,1124,1.394000
on,run_06.json,1125,8.763000
on,run_06.json,1126,0.702000
on,run_06.json,1127,1.057000
on,run_06.json,1128,1.622000
on,run_06.json,1129,0.657000
on,run_06.json,1130,0.669000
on,run_06.json,1131,0.683000
on,run_06.json,1132,1.377000
on,run_06.json,1133,9.470000
on,run_06.json,1134,0.767000
on,run_06.json,1135,0.979000
on,run_06.json,1136,1.690000
on,run_06.json,1137,0.605000
on,run_06.json,1138,0.677000
on,run_06.json,1139,0.651000
on,run_06.json,1140,1.266000
on,run_06.json,1141,9.214000
on,run_06.json,1142,0.797000
on,run_06.json,1143,0.887000
on,run_06.json,1144,1.673000
on,run_06.json,1145,0.603000
on,run_06.json,1146,0.618000
on,run_06.json,1147,0.614000
on,run_06.json,1148,0.707000
on,run_06.json,1149,9.530000
on,run_06.json,1150,0.621000
on,run_06.json,1151,0.978000
on,run_06.json,1152,0.663000
on,run_06.json,1153,1.459000
on,run_06.json,1154,0.677000
on,run_06.json,1155,0.625000
on,run_06.json,1156,0.594000
on,run_06.json,1157,1.432000
on,run_06.json,1158,8.788000
on,run_06.json,1159,0.636000
on,run_06.json,1160,0.995000
on,run_06.json,1161,0.655000
on,run_06.json,1162,1.515000
on,run_06.json,1163,0.667000
on,run_06.json,1164,0.818000
on,run_06.json,1165,0.745000
on,run_06.json,1166,10.798000
on,run_06.json,1167,0.817000
on,run_06.json,1168,1.004000
on,run_06.json,1169,1.659000
on,run_06.json,1170,0.658000
on,run_06.json,1171,0.597000
on,run_06.json,1172,0.663000
on,run_06.json,1173,1.274000
on,run_06.json,1174,10.100000
on,run_06.json,1175,0.738000
on,run_06.json,1176,0.900000
on,run_06.json,1177,1.514000
on,run_06.json,1178,0.614000
on,run_06.json,1179,0.674000
on,run_06.json,1180,0.628000
on,run_06.json,1181,0.659000
on,run_06.json,1182,10.741000
on,run_06.json,1183,0.671000
on,run_06.json,1184,0.964000
on,run_06.json,1185,1.801000
on,run_06.json,1186,0.701000
on,run_06.json,1187,0.653000
on,run_06.json,1188,0.683000
on,run_06.json,1189,0.690000
on,run_06.json,1190,0.565000
on,run_06.json,1191,1.338000
on,run_06.json,1192,8.675000
on,run_06.json,1193,0.591000
on,run_06.json,1194,1.178000
on,run_06.json,1195,1.581000
on,run_06.json,1196,0.860000
on,run_06.json,1197,0.608000
on,run_06.json,1198,0.690000
on,run_06.json,1199,1.370000
on,run_06.json,1200,9.883000
on,run_06.json,1201,0.616000
on,run_06.json,1202,0.902000
on,run_06.json,1203,0.573000
on,run_06.json,1204,1.556000
on,run_06.json,1205,0.562000
on,run_06.json,1206,0.600000
on,run_06.json,1207,0.641000
on,run_06.json,1208,1.387000
on,run_06.json,1209,9.647000
on,run_06.json,1210,0.666000
on,run_06.json,1211,0.969000
on,run_06.json,1212,0.659000
on,run_06.json,1213,1.498000
on,run_06.json,1214,0.733000
on,run_06.json,1215,0.655000
on,run_06.json,1216,0.696000
on,run_06.json,1217,0.688000
on,run_06.json,1218,1.379000
on,run_06.json,1219,8.663000
on,run_06.json,1220,0.641000
on,run_06.json,1221,0.956000
on,run_06.json,1222,0.569000
on,run_06.json,1223,1.545000
on,run_06.json,1224,0.596000
on,run_06.json,1225,0.652000
on,run_06.json,1226,0.604000
on,run_06.json,1227,0.560000
on,run_06.json,1228,0.630000
on,run_06.json,1229,1.342000
on,run_06.json,1230,8.629000
on,run_06.json,1231,0.601000
on,run_06.json,1232,0.902000
on,run_06.json,1233,0.675000
on,run_06.json,1234,1.552000
on,run_06.json,1235,0.555000
on,run_06.json,1236,0.671000
on,run_06.json,1237,0.593000
on,run_06.json,1238,0.654000
on,run_06.json,1239,0.587000
on,run_06.json,1240,9.800000
on,run_06.json,1241,0.600000
on,run_06.json,1242,0.984000
on,run_06.json,1243,0.598000
on,run_06.json,1244,1.478000
on,run_06.json,1245,0.597000
on,run_06.json,1246,0.548000
on,run_06.json,1247,0.632000
on,run_06.json,1248,0.599000
on,run_06.json,1249,0.609000
on,run_06.json,1250,1.428000
on,run_06.json,1251,8.639000
on,run_06.json,1252,0.808000
on,run_06.json,1253,0.970000
on,run_06.json,1254,1.715000
on,run_06.json,1255,0.729000
on,run_06.json,1256,0.715000
on,run_06.json,1257,0.846000
on,run_06.json,1258,0.813000
on,run_06.json,1259,3.211000
on,run_06.json,1260,6.917000
on,run_06.json,1261,0.902000
on,run_06.json,1262,0.906000
on,run_06.json,1263,1.470000
on,run_06.json,1264,0.824000
on,run_06.json,1265,0.809000
on,run_06.json,1266,0.810000
on,run_06.json,1267,0.702000
on,run_06.json,1268,1.357000
on,run_06.json,1269,8.779000
on,run_06.json,1270,0.672000
on,run_06.json,1271,1.226000
on,run_06.json,1272,1.614000
on,run_06.json,1273,0.740000
on,run_06.json,1274,0.657000
on,run_06.json,1275,0.762000
on,run_06.json,1276,0.767000
on,run_06.json,1277,1.435000
on,run_06.json,1278,8.787000
on,run_06.json,1279,0.713000
on,run_06.json,1280,1.037000
on,run_06.json,1281,1.668000
on,run_06.json,1282,0.693000
on,run_06.json,1283,0.805000
on,run_06.json,1284,0.687000
on,run_06.json,1285,0.638000
on,run_06.json,1286,1.473000
on,run_06.json,1287,8.971000
on,run_06.json,1288,0.785000
on,run_06.json,1289,0.708000
on,run_06.json,1290,0.631000
on,run_06.json,1291,2.076000
on,run_06.json,1292,0.703000
on,run_06.json,1293,0.623000
on,run_06.json,1294,0.717000
on,run_06.json,1295,1.451000
on,run_06.json,1296,8.902000
on,run_06.json,1297,0.783000
on,run_06.json,1298,1.003000
on,run_06.json,1299,1.586000
on,run_06.json,1300,0.721000
on,run_06.json,1301,0.664000
on,run_06.json,1302,0.697000
on,run_06.json,1303,0.832000
on,run_06.json,1304,1.336000
on,run_06.json,1305,9.217000
on,run_06.json,1306,1.082000
on,run_06.json,1307,0.960000
on,run_06.json,1308,1.691000
on,run_06.json,1309,0.880000
on,run_06.json,1310,0.929000
on,run_06.json,1311,0.898000
on,run_06.json,1312,1.580000
on,run_06.json,1313,8.773000
on,run_06.json,1314,0.952000
on,run_06.json,1315,0.952000
on,run_06.json,1316,1.509000
on,run_06.json,1317,0.714000
on,run_06.json,1318,0.840000
on,run_06.json,1319,0.791000
on,run_06.json,1320,0.801000
on,run_06.json,1321,1.375000
on,run_06.json,1322,8.649000
on,run_06.json,1323,0.710000
on,run_06.json,1324,1.021000
on,run_06.json,1325,1.788000
on,run_06.json,1326,0.804000
on,run_06.json,1327,0.882000
on,run_06.json,1328,0.807000
on,run_06.json,1329,0.714000
on,run_06.json,1330,9.877000
on,run_06.json,1331,0.840000
on,run_06.json,1332,0.982000
on,run_06.json,1333,1.683000
on,run_06.json,1334,0.770000
on,run_06.json,1335,0.688000
on,run_06.json,1336,0.744000
on,run_06.json,1337,0.715000
on,run_06.json,1338,1.363000
on,run_06.json,1339,10.187000
on,run_06.json,1340,0.703000
on,run_06.json,1341,1.145000
on,run_06.json,1342,1.683000
on,run_06.json,1343,0.812000
on,run_06.json,1344,0.665000
on,run_06.json,1345,0.718000
on,run_06.json,1346,0.653000
on,run_06.json,1347,1.438000
on,run_06.json,1348,9.332000
on,run_06.json,1349,0.809000
on,run_06.json,1350,1.011000
on,run_06.json,1351,1.701000
on,run_06.json,1352,0.793000
on,run_06.json,1353,0.679000
on,run_06.json,1354,0.758000
on,run_06.json,1355,0.727000
on,run_06.json,1356,1.441000
on,run_06.json,1357,7.089000
on,run_06.json,1358,0.840000
on,run_06.json,1359,0.789000
on,run_06.json,1360,0.750000
on,run_06.json,1361,1.914000
on,run_06.json,1362,0.731000
on,run_06.json,1363,0.700000
on,run_06.json,1364,0.709000
on,run_06.json,1365,1.326000
on,run_06.json,1366,8.738000
on,run_06.json,1367,0.636000
on,run_06.json,1368,1.031000
on,run_06.json,1369,1.642000
on,run_06.json,1370,0.686000
on,run_06.json,1371,0.688000
on,run_06.json,1372,0.658000
on,run_06.json,1373,0.662000
on,run_06.json,1374,0.708000
on,run_06.json,1375,1.442000
on,run_06.json,1376,12.119000
on,run_06.json,1377,0.799000
on,run_06.json,1378,1.090000
on,run_06.json,1379,1.724000
on,run_06.json,1380,0.737000
on,run_06.json,1381,0.727000
on,run_06.json,1382,0.724000
on,run_06.json,1383,0.732000
on,run_06.json,1384,1.404000
on,run_06.json,1385,9.083000
on,run_06.json,1386,0.694000
on,run_06.json,1387,2.410000
on,run_06.json,1388,0.602000
on,run_06.json,1389,0.692000
on,run_06.json,1390,0.657000
on,run_06.json,1391,0.647000
on,run_06.json,1392,0.696000
on,run_06.json,1393,1.349000
on,run_06.json,1394,9.044000
on,run_06.json,1395,0.810000
on,run_06.json,1396,0.980000
on,run_06.json,1397,1.435000
on,run_06.json,1398,2.040000
on,run_06.json,1399,0.570000
on,run_06.json,1400,0.701000
on,run_06.json,1401,1.307000
on,run_06.json,1402,8.786000
on,run_06.json,1403,0.735000
on,run_06.json,1404,1.041000
on,run_06.json,1405,1.587000
on,run_06.json,1406,0.717000
on,run_06.json,1407,0.727000
on,run_06.json,1408,0.753000
on,run_06.json,1409,0.727000
on,run_06.json,1410,1.393000
on,run_06.json,1411,8.665000
on,run_06.json,1412,0.642000
on,run_06.json,1413,1.035000
on,run_06.json,1414,0.658000
on,run_06.json,1415,1.567000
on,run_06.json,1416,0.665000
on,run_06.json,1417,0.632000
on,run_06.json,1418,0.662000
on,run_06.json,1419,0.671000
on,run_06.json,1420,1.422000
on,run_06.json,1421,8.412000
on,run_06.json,1422,0.744000
on,run_06.json,1423,0.932000
on,run_06.json,1424,0.691000
on,run_06.json,1425,1.518000
on,run_06.json,1426,0.678000
on,run_06.json,1427,0.660000
on,run_06.json,1428,0.654000
on,run_06.json,1429,0.670000
on,run_06.json,1430,1.279000
on,run_06.json,1431,8.364000
on,run_06.json,1432,0.676000
on,run_06.json,1433,1.022000
on,run_06.json,1434,1.698000
on,run_06.json,1435,0.709000
on,run_06.json,1436,0.620000
on,run_06.json,1437,0.667000
on,run_06.json,1438,0.665000
on,run_06.json,1439,0.628000
on,run_06.json,1440,1.285000
on,run_06.json,1441,7.088000
on,run_06.json,1442,0.681000
on,run_06.json,1443,0.951000
on,run_06.json,1444,0.703000
on,run_06.json,1445,1.485000
on,run_06.json,1446,0.637000
on,run_06.json,1447,0.654000
on,run_06.json,1448,0.639000
on,run_06.json,1449,0.695000
on,run_06.json,1450,1.380000
on,run_06.json,1451,7.377000
on,run_06.json,1452,0.715000
on,run_06.json,1453,0.983000
on,run_06.json,1454,0.752000
on,run_06.json,1455,1.452000
on,run_06.json,1456,0.653000
on,run_06.json,1457,0.706000
on,run_06.json,1458,0.694000
on,run_06.json,1459,0.668000
on,run_06.json,1460,1.317000
on,run_06.json,1461,10.722000
on,run_06.json,1462,0.725000
on,run_06.json,1463,1.053000
on,run_06.json,1464,1.684000
on,run_06.json,1465,0.676000
on,run_06.json,1466,0.679000
on,run_06.json,1467,0.722000
on,run_06.json,1468,0.703000
on,run_06.json,1469,1.327000
on,run_06.json,1470,8.994000
on,run_06.json,1471,0.878000
on,run_06.json,1472,0.819000
on,run_06.json,1473,1.506000
on,run_06.json,1474,0.706000
on,run_06.json,1475,0.705000
on,run_06.json,1476,0.668000
on,run_06.json,1477,0.701000
on,run_06.json,1478,0.715000
on,run_06.json,1479,9.554000
on,run_06.json,1480,0.667000
on,run_06.json,1481,1.075000
on,run_06.json,1482,1.756000
on,run_06.json,1483,0.742000
on,run_06.json,1484,0.696000
on,run_06.json,1485,0.742000
on,run_06.json,1486,0.714000
on,run_06.json,1487,1.356000
on,run_06.json,1488,9.355000
on,run_06.json,1489,0.753000
on,run_06.json,1490,0.991000
on,run_06.json,1491,1.574000
on,run_06.json,1492,0.667000
on,run_06.json,1493,0.675000
on,run_06.json,1494,0.646000
on,run_06.json,1495,0.666000
on,run_06.json,1496,0.763000
on,run_06.json,1497,1.324000
on,run_06.json,1498,8.672000
on,run_06.json,1499,0.866000
on,run_06.json,1500,0.908000
on,run_06.json,1501,1.626000
on,run_06.json,1502,0.684000
on,run_06.json,1503,0.866000
on,run_06.json,1504,0.775000
on,run_06.json,1505,0.737000
on,run_06.json,1506,1.318000
on,run_06.json,1507,9.251000
on,run_06.json,1508,1.049000
on,run_06.json,1509,0.950000
on,run_06.json,1510,1.592000
on,run_06.json,1511,0.727000
on,run_06.json,1512,0.702000
on,run_06.json,1513,0.725000
on,run_06.json,1514,0.711000
on,run_06.json,1515,1.391000
on,run_06.json,1516,9.510000
on,run_06.json,1517,0.687000
on,run_06.json,1518,1.016000
on,run_06.json,1519,1.721000
on,run_06.json,1520,0.751000
on,run_06.json,1521,0.662000
on,run_06.json,1522,0.829000
on,run_06.json,1523,0.737000
on,run_06.json,1524,1.373000
on,run_06.json,1525,9.588000
on,run_06.json,1526,1.059000
on,run_06.json,1527,0.927000
on,run_06.json,1528,1.415000
on,run_06.json,1529,0.721000
on,run_06.json,1530,0.707000
on,run_06.json,1531,0.609000
on,run_06.json,1532,0.605000
on,run_06.json,1533,0.688000
on,run_06.json,1534,1.295000
on,run_06.json,1535,6.939000
on,run_06.json,1536,0.722000
on,run_06.json,1537,1.029000
on,run_06.json,1538,1.692000
on,run_06.json,1539,0.759000
on,run_06.json,1540,0.799000
on,run_06.json,1541,0.718000
on,run_06.json,1542,0.688000
on,run_06.json,1543,1.451000
on,run_06.json,1544,7.315000
on,run_06.json,1545,0.686000
on,run_06.json,1546,0.961000
on,run_06.json,1547,0.664000
on,run_06.json,1548,1.590000
on,run_06.json,1549,0.651000
on,run_06.json,1550,0.600000
on,run_06.json,1551,0.685000
on,run_06.json,1552,0.848000
on,run_06.json,1553,9.416000
on,run_06.json,1554,0.638000
on,run_06.json,1555,1.015000
on,run_06.json,1556,0.592000
on,run_06.json,1557,1.649000
on,run_06.json,1558,0.709000
on,run_06.json,1559,0.651000
on,run_06.json,1560,0.667000
on,run_06.json,1561,0.663000
on,run_06.json,1562,1.254000
on,run_06.json,1563,8.994000
on,run_06.json,1564,0.685000
on,run_06.json,1565,0.996000
on,run_06.json,1566,0.592000
on,run_06.json,1567,1.507000
on,run_06.json,1568,0.587000
on,run_06.json,1569,0.662000
on,run_06.json,1570,0.641000
on,run_06.json,1571,0.589000
on,run_06.json,1572,1.331000
on,run_06.json,1573,8.965000
on,run_06.json,1574,0.657000
on,run_06.json,1575,0.970000
on,run_06.json,1576,0.652000
on,run_06.json,1577,1.531000
on,run_06.json,1578,0.658000
on,run_06.json,1579,0.674000
on,run_06.json,1580,0.634000
on,run_06.json,1581,0.791000
on,run_06.json,1582,1.248000
on,run_06.json,1583,9.520000
on,run_06.json,1584,0.643000
on,run_06.json,1585,0.949000
on,run_06.json,1586,1.645000
on,run_06.json,1587,0.625000
on,run_06.json,1588,0.601000
on,run_06.json,1589,0.685000
on,run_06.json,1590,0.608000
on,run_06.json,1591,0.636000
on,run_06.json,1592,1.249000
on,run_06.json,1593,10.221000
on,run_06.json,1594,0.610000
on,run_06.json,1595,1.016000
on,run_06.json,1596,0.778000
on,run_06.json,1597,1.455000
on,run_06.json,1598,0.644000
on,run_06.json,1599,0.002000
on,run_07.json,0,1.618000
on,run_07.json,1,0.626000
on,run_07.json,2,0.716000
on,run_07.json,3,1.263000
on,run_07.json,4,10.486000
on,run_07.json,5,0.722000
on,run_07.json,6,0.911000
on,run_07.json,7,0.685000
on,run_07.json,8,1.488000
on,run_07.json,9,0.679000
on,run_07.json,10,1.271000
on,run_07.json,11,11.768000
on,run_07.json,12,0.707000
on,run_07.json,13,0.933000
on,run_07.json,14,0.799000
on,run_07.json,15,1.440000
on,run_07.json,16,0.869000
on,run_07.json,17,1.496000
on,run_07.json,18,11.580000
on,run_07.json,19,1.000000
on,run_07.json,20,0.799000
on,run_07.json,21,1.600000
on,run_07.json,22,0.773000
on,run_07.json,23,2.841000
on,run_07.json,24,10.061000
on,run_07.json,25,0.925000
on,run_07.json,26,1.032000
on,run_07.json,27,1.369000
on,run_07.json,28,0.848000
on,run_07.json,29,1.515000
on,run_07.json,30,11.750000
on,run_07.json,31,0.789000
on,run_07.json,32,0.795000
on,run_07.json,33,3.034000
on,run_07.json,34,0.839000
on,run_07.json,35,11.435000
on,run_07.json,36,0.701000
on,run_07.json,37,0.957000
on,run_07.json,38,0.629000
on,run_07.json,39,1.512000
on,run_07.json,40,0.668000
on,run_07.json,41,1.371000
on,run_07.json,42,11.077000
on,run_07.json,43,0.678000
on,run_07.json,44,0.984000
on,run_07.json,45,0.672000
on,run_07.json,46,1.506000
on,run_07.json,47,0.659000
on,run_07.json,48,1.256000
on,run_07.json,49,11.510000
on,run_07.json,50,0.881000
on,run_07.json,51,0.755000
on,run_07.json,52,0.661000
on,run_07.json,53,1.513000
on,run_07.json,54,0.694000
on,run_07.json,55,1.376000
on,run_07.json,56,11.245000
on,run_07.json,57,0.776000
on,run_07.json,58,0.978000
on,run_07.json,59,1.762000
on,run_07.json,60,0.725000
on,run_07.json,61,1.397000
on,run_07.json,62,11.279000
on,run_07.json,63,0.958000
on,run_07.json,64,0.965000
on,run_07.json,65,1.530000
on,run_07.json,66,0.796000
on,run_07.json,67,1.261000
on,run_07.json,68,11.010000
on,run_07.json,69,0.725000
on,run_07.json,70,1.034000
on,run_07.json,71,1.000000
on,run_07.json,72,0.630000
on,run_07.json,73,1.253000
on,run_07.json,74,1.336000
on,run_07.json,75,9.347000
on,run_07.json,76,0.840000
on,run_07.json,77,0.898000
on,run_07.json,78,0.962000
on,run_07.json,79,0.755000
on,run_07.json,80,1.192000
on,run_07.json,81,1.337000
on,run_07.json,82,10.289000
on,run_07.json,83,0.694000
on,run_07.json,84,0.928000
on,run_07.json,85,0.635000
on,run_07.json,86,1.482000
on,run_07.json,87,0.632000
on,run_07.json,88,1.381000
on,run_07.json,89,9.992000
on,run_07.json,90,0.593000
on,run_07.json,91,1.193000
on,run_07.json,92,0.654000
on,run_07.json,93,1.439000
on,run_07.json,94,0.660000
on,run_07.json,95,1.317000
on,run_07.json,96,10.459000
on,run_07.json,97,0.681000
on,run_07.json,98,0.894000
on,run_07.json,99,0.654000
on,run_07.json,100,1.437000
on,run_07.json,101,0.720000
on,run_07.json,102,1.370000
on,run_07.json,103,9.620000
on,run_07.json,104,0.842000
on,run_07.json,105,0.888000
on,run_07.json,106,1.503000
on,run_07.json,107,0.673000
on,run_07.json,108,0.669000
on,run_07.json,109,1.206000
on,run_07.json,110,10.386000
on,run_07.json,111,0.782000
on,run_07.json,112,1.017000
on,run_07.json,113,0.779000
on,run_07.json,114,1.541000
on,run_07.json,115,0.691000
on,run_07.json,116,1.533000
on,run_07.json,117,10.362000
on,run_07.json,118,0.750000
on,run_07.json,119,0.914000
on,run_07.json,120,1.611000
on,run_07.json,121,0.654000
on,run_07.json,122,0.608000
on,run_07.json,123,1.319000
on,run_07.json,124,10.883000
on,run_07.json,125,0.803000
on,run_07.json,126,0.803000
on,run_07.json,127,0.576000
on,run_07.json,128,1.484000
on,run_07.json,129,0.639000
on,run_07.json,130,1.402000
on,run_07.json,131,10.900000
on,run_07.json,132,0.664000
on,run_07.json,133,0.954000
on,run_07.json,134,0.656000
on,run_07.json,135,1.461000
on,run_07.json,136,0.653000
on,run_07.json,137,1.346000
on,run_07.json,138,11.123000
on,run_07.json,139,0.667000
on,run_07.json,140,0.869000
on,run_07.json,141,0.608000
on,run_07.json,142,1.526000
on,run_07.json,143,0.606000
on,run_07.json,144,1.381000
on,run_07.json,145,10.725000
on,run_07.json,146,0.615000
on,run_07.json,147,0.993000
on,run_07.json,148,0.702000
on,run_07.json,149,1.389000
on,run_07.json,150,0.674000
on,run_07.json,151,1.547000
on,run_07.json,152,10.724000
on,run_07.json,153,0.600000
on,run_07.json,154,1.003000
on,run_07.json,155,0.595000
on,run_07.json,156,1.505000
on,run_07.json,157,0.634000
on,run_07.json,158,0.569000
on,run_07.json,159,11.974000
on,run_07.json,160,0.598000
on,run_07.json,161,0.991000
on,run_07.json,162,0.668000
on,run_07.json,163,1.448000
on,run_07.json,164,0.587000
on,run_07.json,165,1.302000
on,run_07.json,166,11.114000
on,run_07.json,167,0.601000
on,run_07.json,168,0.904000
on,run_07.json,169,0.586000
on,run_07.json,170,1.494000
on,run_07.json,171,0.617000
on,run_07.json,172,1.273000
on,run_07.json,173,11.044000
on,run_07.json,174,0.594000
on,run_07.json,175,0.954000
on,run_07.json,176,0.585000
on,run_07.json,177,1.454000
on,run_07.json,178,0.591000
on,run_07.json,179,0.628000
on,run_07.json,180,1.234000
on,run_07.json,181,10.558000
on,run_07.json,182,0.557000
on,run_07.json,183,0.906000
on,run_07.json,184,0.580000
on,run_07.json,185,1.497000
on,run_07.json,186,0.626000
on,run_07.json,187,0.610000
on,run_07.json,188,1.157000
on,run_07.json,189,10.777000
on,run_07.json,190,0.706000
on,run_07.json,191,0.821000
on,run_07.json,192,0.576000
on,run_07.json,193,1.496000
on,run_07.json,194,0.594000
on,run_07.json,195,0.592000
on,run_07.json,196,1.228000
on,run_07.json,197,10.697000
on,run_07.json,198,0.608000
on,run_07.json,199,0.920000
on,run_07.json,200,0.565000
on,run_07.json,201,1.438000
on,run_07.json,202,0.582000
on,run_07.json,203,0.649000
on,run_07.json,204,1.265000
on,run_07.json,205,10.637000
on,run_07.json,206,0.676000
on,run_07.json,207,0.987000
on,run_07.json,208,0.635000
on,run_07.json,209,1.714000
on,run_07.json,210,0.631000
on,run_07.json,211,1.233000
on,run_07.json,212,10.715000
on,run_07.json,213,0.688000
on,run_07.json,214,0.974000
on,run_07.json,215,0.747000
on,run_07.json,216,1.478000
on,run_07.json,217,0.885000
on,run_07.json,218,1.492000
on,run_07.json,219,10.606000
on,run_07.json,220,0.873000
on,run_07.json,221,0.982000
on,run_07.json,222,1.517000
on,run_07.json,223,0.772000
on,run_07.json,224,1.472000
on,run_07.json,225,10.925000
on,run_07.json,226,0.644000
on,run_07.json,227,1.007000
on,run_07.json,228,0.619000
on,run_07.json,229,1.540000
on,run_07.json,230,0.611000
on,run_07.json,231,1.322000
on,run_07.json,232,10.840000
on,run_07.json,233,0.700000
on,run_07.json,234,0.983000
on,run_07.json,235,1.664000
on,run_07.json,236,0.756000
on,run_07.json,237,0.622000
on,run_07.json,238,1.295000
on,run_07.json,239,10.947000
on,run_07.json,240,0.709000
on,run_07.json,241,1.043000
on,run_07.json,242,0.673000
on,run_07.json,243,1.565000
on,run_07.json,244,0.659000
on,run_07.json,245,11.684000
on,run_07.json,246,0.784000
on,run_07.json,247,1.019000
on,run_07.json,248,0.664000
on,run_07.json,249,1.603000
on,run_07.json,250,0.745000
on,run_07.json,251,12.008000
on,run_07.json,252,0.908000
on,run_07.json,253,1.061000
on,run_07.json,254,1.477000
on,run_07.json,255,0.847000
on,run_07.json,256,1.375000
on,run_07.json,257,11.003000
on,run_07.json,258,0.817000
on,run_07.json,259,0.862000
on,run_07.json,260,1.708000
on,run_07.json,261,0.722000
on,run_07.json,262,0.716000
on,run_07.json,263,11.774000
on,run_07.json,264,0.848000
on,run_07.json,265,0.986000
on,run_07.json,266,1.582000
on,run_07.json,267,0.984000
on,run_07.json,268,1.510000
on,run_07.json,269,10.789000
on,run_07.json,270,0.719000
on,run_07.json,271,1.049000
on,run_07.json,272,1.605000
on,run_07.json,273,0.741000
on,run_07.json,274,1.394000
on,run_07.json,275,11.025000
on,run_07.json,276,0.833000
on,run_07.json,277,1.011000
on,run_07.json,278,1.605000
on,run_07.json,279,0.747000
on,run_07.json,280,0.728000
on,run_07.json,281,0.878000
on,run_07.json,282,10.992000
on,run_07.json,283,0.732000
on,run_07.json,284,0.919000
on,run_07.json,285,0.627000
on,run_07.json,286,1.597000
on,run_07.json,287,0.706000
on,run_07.json,288,0.629000
on,run_07.json,289,1.413000
on,run_07.json,290,11.157000
on,run_07.json,291,0.623000
on,run_07.json,292,0.983000
on,run_07.json,293,0.700000
on,run_07.json,294,1.486000
on,run_07.json,295,0.630000
on,run_07.json,296,0.703000
on,run_07.json,297,0.660000
on,run_07.json,298,1.292000
on,run_07.json,299,10.158000
on,run_07.json,300,0.682000
on,run_07.json,301,1.011000
on,run_07.json,302,0.637000
on,run_07.json,303,1.621000
on,run_07.json,304,0.676000
on,run_07.json,305,0.636000
on,run_07.json,306,1.402000
on,run_07.json,307,8.464000
on,run_07.json,308,0.778000
on,run_07.json,309,0.938000
on,run_07.json,310,1.749000
on,run_07.json,311,0.647000
on,run_07.json,312,0.718000
on,run_07.json,313,0.685000
on,run_07.json,314,1.393000
on,run_07.json,315,9.366000
on,run_07.json,316,0.694000
on,run_07.json,317,1.022000
on,run_07.json,318,1.679000
on,run_07.json,319,0.648000
on,run_07.json,320,0.685000
on,run_07.json,321,0.653000
on,run_07.json,322,1.260000
on,run_07.json,323,10.318000
on,run_07.json,324,0.759000
on,run_07.json,325,0.984000
on,run_07.json,326,1.536000
on,run_07.json,327,0.655000
on,run_07.json,328,0.646000
on,run_07.json,329,1.361000
on,run_07.json,330,14.389000
on,run_07.json,331,0.777000
on,run_07.json,332,0.912000
on,run_07.json,333,0.686000
on,run_07.json,334,1.566000
on,run_07.json,335,0.653000
on,run_07.json,336,0.662000
on,run_07.json,337,0.648000
on,run_07.json,338,11.185000
on,run_07.json,339,1.501000
on,run_07.json,340,0.821000
on,run_07.json,341,1.522000
on,run_07.json,342,0.664000
on,run_07.json,343,0.801000
on,run_07.json,344,1.553000
on,run_07.json,345,9.570000
on,run_07.json,346,0.774000
on,run_07.json,347,1.049000
on,run_07.json,348,1.719000
on,run_07.json,349,0.760000
on,run_07.json,350,0.821000
on,run_07.json,351,0.806000
on,run_07.json,352,10.838000
on,run_07.json,353,0.890000
on,run_07.json,354,0.962000
on,run_07.json,355,1.404000
on,run_07.json,356,0.681000
on,run_07.json,357,0.659000
on,run_07.json,358,0.610000
on,run_07.json,359,1.465000
on,run_07.json,360,9.673000
on,run_07.json,361,0.787000
on,run_07.json,362,0.940000
on,run_07.json,363,0.716000
on,run_07.json,364,2.640000
on,run_07.json,365,0.551000
on,run_07.json,366,1.424000
on,run_07.json,367,9.515000
on,run_07.json,368,0.772000
on,run_07.json,369,0.842000
on,run_07.json,370,0.651000
on,run_07.json,371,1.550000
on,run_07.json,372,0.643000
on,run_07.json,373,0.696000
on,run_07.json,374,2.184000
on,run_07.json,375,9.040000
on,run_07.json,376,0.651000
on,run_07.json,377,1.137000
on,run_07.json,378,1.719000
on,run_07.json,379,0.637000
on,run_07.json,380,0.653000
on,run_07.json,381,0.652000
on,run_07.json,382,1.270000
on,run_07.json,383,9.516000
on,run_07.json,384,0.618000
on,run_07.json,385,0.986000
on,run_07.json,386,0.649000
on,run_07.json,387,1.416000
on,run_07.json,388,0.650000
on,run_07.json,389,0.794000
on,run_07.json,390,0.576000
on,run_07.json,391,1.287000
on,run_07.json,392,8.523000
on,run_07.json,393,0.622000
on,run_07.json,394,0.982000
on,run_07.json,395,0.577000
on,run_07.json,396,1.641000
on,run_07.json,397,0.753000
on,run_07.json,398,0.675000
on,run_07.json,399,0.751000
on,run_07.json,400,9.065000
on,run_07.json,401,0.742000
on,run_07.json,402,0.959000
on,run_07.json,403,0.787000
on,run_07.json,404,1.480000
on,run_07.json,405,0.799000
on,run_07.json,406,0.780000
on,run_07.json,407,1.297000
on,run_07.json,408,10.891000
on,run_07.json,409,1.585000
on,run_07.json,410,2.041000
on,run_07.json,411,0.868000
on,run_07.json,412,0.873000
on,run_07.json,413,1.658000
on,run_07.json,414,10.460000
on,run_07.json,415,1.177000
on,run_07.json,416,0.782000
on,run_07.json,417,1.398000
on,run_07.json,418,0.611000
on,run_07.json,419,0.687000
on,run_07.json,420,0.637000
on,run_07.json,421,1.316000
on,run_07.json,422,9.590000
on,run_07.json,423,0.800000
on,run_07.json,424,0.863000
on,run_07.json,425,0.664000
on,run_07.json,426,1.452000
on,run_07.json,427,0.680000
on,run_07.json,428,0.691000
on,run_07.json,429,0.599000
on,run_07.json,430,1.463000
on,run_07.json,431,9.185000
on,run_07.json,432,0.780000
on,run_07.json,433,0.900000
on,run_07.json,434,0.734000
on,run_07.json,435,1.455000
on,run_07.json,436,0.641000
on,run_07.json,437,0.639000
on,run_07.json,438,0.682000
on,run_07.json,439,11.179000
on,run_07.json,440,0.782000
on,run_07.json,441,1.038000
on,run_07.json,442,1.584000
on,run_07.json,443,0.674000
on,run_07.json,444,0.691000
on,run_07.json,445,0.637000
on,run_07.json,446,1.404000
on,run_07.json,447,10.084000
on,run_07.json,448,0.912000
on,run_07.json,449,0.935000
on,run_07.json,450,1.637000
on,run_07.json,451,0.950000
on,run_07.json,452,0.888000
on,run_07.json,453,1.553000
on,run_07.json,454,10.065000
on,run_07.json,455,0.758000
on,run_07.json,456,0.834000
on,run_07.json,457,0.670000
on,run_07.json,458,1.520000
on,run_07.json,459,0.650000
on,run_07.json,460,0.682000
on,run_07.json,461,1.395000
on,run_07.json,462,10.584000
on,run_07.json,463,0.782000
on,run_07.json,464,0.862000
on,run_07.json,465,0.628000
on,run_07.json,466,1.567000
on,run_07.json,467,0.608000
on,run_07.json,468,0.643000
on,run_07.json,469,0.678000
on,run_07.json,470,1.316000
on,run_07.json,471,9.929000
on,run_07.json,472,0.940000
on,run_07.json,473,0.826000
on,run_07.json,474,0.905000
on,run_07.json,475,1.334000
on,run_07.json,476,0.665000
on,run_07.json,477,0.590000
on,run_07.json,478,0.649000
on,run_07.json,479,11.427000
on,run_07.json,480,0.682000
on,run_07.json,481,1.018000
on,run_07.json,482,0.666000
on,run_07.json,483,1.586000
on,run_07.json,484,0.679000
on,run_07.json,485,0.589000
on,run_07.json,486,0.629000
on,run_07.json,487,9.102000
on,run_07.json,488,0.660000
on,run_07.json,489,1.012000
on,run_07.json,490,0.686000
on,run_07.json,491,1.523000
on,run_07.json,492,0.711000
on,run_07.json,493,0.606000
on,run_07.json,494,0.678000
on,run_07.json,495,9.281000
on,run_07.json,496,0.632000
on,run_07.json,497,1.207000
on,run_07.json,498,1.658000
on,run_07.json,499,0.792000
on,run_07.json,500,0.637000
on,run_07.json,501,0.653000
on,run_07.json,502,1.371000
on,run_07.json,503,9.263000
on,run_07.json,504,0.767000
on,run_07.json,505,0.927000
on,run_07.json,506,0.833000
on,run_07.json,507,1.338000
on,run_07.json,508,0.737000
on,run_07.json,509,0.674000
on,run_07.json,510,0.720000
on,run_07.json,511,10.793000
on,run_07.json,512,0.801000
on,run_07.json,513,0.920000
on,run_07.json,514,0.755000
on,run_07.json,515,1.418000
on,run_07.json,516,0.701000
on,run_07.json,517,0.775000
on,run_07.json,518,1.280000
on,run_07.json,519,9.908000
on,run_07.json,520,0.674000
on,run_07.json,521,0.903000
on,run_07.json,522,0.646000
on,run_07.json,523,1.494000
on,run_07.json,524,0.688000
on,run_07.json,525,0.672000
on,run_07.json,526,0.701000
on,run_07.json,527,1.257000
on,run_07.json,528,9.735000
on,run_07.json,529,0.649000
on,run_07.json,530,0.973000
on,run_07.json,531,0.699000
on,run_07.json,532,1.456000
on,run_07.json,533,0.648000
on,run_07.json,534,0.606000
on,run_07.json,535,0.633000
on,run_07.json,536,1.365000
on,run_07.json,537,10.470000
on,run_07.json,538,0.879000
on,run_07.json,539,1.015000
on,run_07.json,540,1.347000
on,run_07.json,541,0.700000
on,run_07.json,542,0.700000
on,run_07.json,543,0.594000
on,run_07.json,544,1.312000
on,run_07.json,545,11.159000
on,run_07.json,546,0.824000
on,run_07.json,547,0.860000
on,run_07.json,548,0.640000
on,run_07.json,549,1.543000
on,run_07.json,550,0.613000
on,run_07.json,551,0.655000
on,run_07.json,552,0.614000
on,run_07.json,553,1.290000
on,run_07.json,554,10.301000
on,run_07.json,555,0.660000
on,run_07.json,556,0.996000
on,run_07.json,557,0.643000
on,run_07.json,558,1.553000
on,run_07.json,559,0.697000
on,run_07.json,560,0.601000
on,run_07.json,561,0.700000
on,run_07.json,562,11.368000
on,run_07.json,563,0.780000
on,run_07.json,564,0.842000
on,run_07.json,565,0.675000
on,run_07.json,566,1.474000
on,run_07.json,567,0.684000
on,run_07.json,568,0.704000
on,run_07.json,569,0.672000
on,run_07.json,570,11.464000
on,run_07.json,571,0.701000
on,run_07.json,572,0.964000
on,run_07.json,573,0.664000
on,run_07.json,574,1.503000
on,run_07.json,575,0.629000
on,run_07.json,576,0.687000
on,run_07.json,577,0.683000
on,run_07.json,578,11.535000
on,run_07.json,579,0.981000
on,run_07.json,580,0.703000
on,run_07.json,581,0.699000
on,run_07.json,582,1.773000
on,run_07.json,583,0.984000
on,run_07.json,584,0.784000
on,run_07.json,585,11.064000
on,run_07.json,586,0.756000
on,run_07.json,587,0.958000
on,run_07.json,588,1.752000
on,run_07.json,589,0.637000
on,run_07.json,590,0.601000
on,run_07.json,591,0.691000
on,run_07.json,592,1.342000
on,run_07.json,593,9.652000
on,run_07.json,594,0.752000
on,run_07.json,595,0.963000
on,run_07.json,596,1.624000
on,run_07.json,597,0.623000
on,run_07.json,598,0.725000
on,run_07.json,599,0.651000
on,run_07.json,600,1.467000
on,run_07.json,601,8.538000
on,run_07.json,602,0.648000
on,run_07.json,603,0.927000
on,run_07.json,604,0.597000
on,run_07.json,605,1.548000
on,run_07.json,606,0.681000
on,run_07.json,607,0.777000
on,run_07.json,608,0.731000
on,run_07.json,609,10.391000
on,run_07.json,610,0.754000
on,run_07.json,611,1.048000
on,run_07.json,612,1.536000
on,run_07.json,613,0.686000
on,run_07.json,614,0.681000
on,run_07.json,615,0.578000
on,run_07.json,616,1.317000
on,run_07.json,617,9.071000
on,run_07.json,618,0.588000
on,run_07.json,619,0.983000
on,run_07.json,620,0.607000
on,run_07.json,621,1.456000
on,run_07.json,622,0.697000
on,run_07.json,623,0.636000
on,run_07.json,624,0.614000
on,run_07.json,625,1.344000
on,run_07.json,626,8.890000
on,run_07.json,627,0.777000
on,run_07.json,628,0.948000
on,run_07.json,629,0.792000
on,run_07.json,630,1.263000
on,run_07.json,631,0.609000
on,run_07.json,632,0.632000
on,run_07.json,633,0.585000
on,run_07.json,634,1.297000
on,run_07.json,635,8.689000
on,run_07.json,636,0.641000
on,run_07.json,637,0.964000
on,run_07.json,638,0.586000
on,run_07.json,639,1.536000
on,run_07.json,640,0.647000
on,run_07.json,641,0.700000
on,run_07.json,642,0.663000
on,run_07.json,643,1.318000
on,run_07.json,644,9.576000
on,run_07.json,645,0.633000
on,run_07.json,646,0.886000
on,run_07.json,647,0.577000
on,run_07.json,648,1.468000
on,run_07.json,649,0.599000
on,run_07.json,650,0.719000
on,run_07.json,651,0.618000
on,run_07.json,652,1.312000
on,run_07.json,653,9.962000
on,run_07.json,654,0.626000
on,run_07.json,655,1.026000
on,run_07.json,656,0.779000
on,run_07.json,657,1.295000
on,run_07.json,658,0.628000
on,run_07.json,659,0.645000
on,run_07.json,660,0.587000
on,run_07.json,661,1.318000
on,run_07.json,662,9.713000
on,run_07.json,663,0.740000
on,run_07.json,664,0.870000
on,run_07.json,665,0.640000
on,run_07.json,666,1.484000
on,run_07.json,667,0.885000
on,run_07.json,668,0.775000
on,run_07.json,669,1.352000
on,run_07.json,670,10.056000
on,run_07.json,671,0.809000
on,run_07.json,672,0.936000
on,run_07.json,673,1.516000
on,run_07.json,674,0.684000
on,run_07.json,675,0.663000
on,run_07.json,676,0.574000
on,run_07.json,677,0.622000
on,run_07.json,678,10.708000
on,run_07.json,679,0.625000
on,run_07.json,680,0.962000
on,run_07.json,681,0.663000
on,run_07.json,682,1.385000
on,run_07.json,683,0.658000
on,run_07.json,684,0.617000
on,run_07.json,685,0.599000
on,run_07.json,686,1.413000
on,run_07.json,687,9.801000
on,run_07.json,688,0.656000
on,run_07.json,689,0.895000
on,run_07.json,690,0.646000
on,run_07.json,691,1.454000
on,run_07.json,692,0.671000
on,run_07.json,693,0.670000
on,run_07.json,694,0.658000
on,run_07.json,695,1.361000
on,run_07.json,696,9.620000
on,run_07.json,697,0.626000
on,run_07.json,698,0.897000
on,run_07.json,699,0.599000
on,run_07.json,700,1.513000
on,run_07.json,701,0.645000
on,run_07.json,702,0.635000
on,run_07.json,703,0.592000
on,run_07.json,704,1.357000
on,run_07.json,705,11.073000
on,run_07.json,706,0.648000
on,run_07.json,707,1.593000
on,run_07.json,708,0.647000
on,run_07.json,709,0.599000
on,run_07.json,710,0.590000
on,run_07.json,711,1.240000
on,run_07.json,712,10.112000
on,run_07.json,713,0.618000
on,run_07.json,714,0.913000
on,run_07.json,715,0.621000
on,run_07.json,716,2.929000
on,run_07.json,717,0.680000
on,run_07.json,718,10.933000
on,run_07.json,719,0.874000
on,run_07.json,720,0.823000
on,run_07.json,721,0.597000
on,run_07.json,722,1.482000
on,run_07.json,723,0.551000
on,run_07.json,724,0.599000
on,run_07.json,725,0.621000
on,run_07.json,726,1.286000
on,run_07.json,727,9.730000
on,run_07.json,728,0.734000
on,run_07.json,729,0.946000
on,run_07.json,730,1.719000
on,run_07.json,731,0.687000
on,run_07.json,732,0.650000
on,run_07.json,733,0.680000
on,run_07.json,734,1.309000
on,run_07.json,735,9.994000
on,run_07.json,736,0.697000
on,run_07.json,737,0.957000
on,run_07.json,738,0.653000
on,run_07.json,739,1.554000
on,run_07.json,740,0.638000
on,run_07.json,741,0.827000
on,run_07.json,742,1.325000
on,run_07.json,743,9.857000
on,run_07.json,744,0.665000
on,run_07.json,745,1.022000
on,run_07.json,746,0.707000
on,run_07.json,747,1.458000
on,run_07.json,748,0.646000
on,run_07.json,749,0.685000
on,run_07.json,750,0.692000
on,run_07.json,751,10.840000
on,run_07.json,752,0.630000
on,run_07.json,753,1.049000
on,run_07.json,754,0.730000
on,run_07.json,755,1.456000
on,run_07.json,756,0.791000
on,run_07.json,757,0.674000
on,run_07.json,758,1.404000
on,run_07.json,759,9.973000
on,run_07.json,760,0.803000
on,run_07.json,761,1.002000
on,run_07.json,762,1.734000
on,run_07.json,763,0.815000
on,run_07.json,764,0.660000
on,run_07.json,765,0.650000
on,run_07.json,766,1.321000
on,run_07.json,767,9.729000
on,run_07.json,768,0.802000
on,run_07.json,769,0.968000
on,run_07.json,770,1.610000
on,run_07.json,771,0.755000
on,run_07.json,772,0.782000
on,run_07.json,773,0.751000
on,run_07.json,774,1.383000
on,run_07.json,775,9.610000
on,run_07.json,776,0.721000
on,run_07.json,777,0.997000
on,run_07.json,778,1.620000
on,run_07.json,779,0.808000
on,run_07.json,780,0.773000
on,run_07.json,781,0.780000
on,run_07.json,782,11.082000
on,run_07.json,783,0.868000
on,run_07.json,784,1.075000
on,run_07.json,785,1.558000
on,run_07.json,786,0.722000
on,run_07.json,787,0.772000
on,run_07.json,788,0.695000
on,run_07.json,789,10.926000
on,run_07.json,790,0.854000
on,run_07.json,791,0.939000
on,run_07.json,792,1.548000
on,run_07.json,793,0.757000
on,run_07.json,794,0.779000
on,run_07.json,795,0.790000
on,run_07.json,796,11.025000
on,run_07.json,797,1.471000
on,run_07.json,798,0.851000
on,run_07.json,799,1.436000
on,run_07.json,800,0.943000
on,run_07.json,801,0.905000
on,run_07.json,802,11.188000
on,run_07.json,803,0.758000
on,run_07.json,804,1.199000
on,run_07.json,805,1.619000
on,run_07.json,806,0.897000
on,run_07.json,807,0.926000
on,run_07.json,808,1.589000
on,run_07.json,809,10.571000
on,run_07.json,810,0.835000
on,run_07.json,811,0.942000
on,run_07.json,812,1.670000
on,run_07.json,813,0.729000
on,run_07.json,814,0.717000
on,run_07.json,815,0.685000
on,run_07.json,816,1.340000
on,run_07.json,817,9.997000
on,run_07.json,818,0.837000
on,run_07.json,819,1.097000
on,run_07.json,820,1.664000
on,run_07.json,821,0.742000
on,run_07.json,822,0.648000
on,run_07.json,823,0.722000
on,run_07.json,824,11.380000
on,run_07.json,825,0.781000
on,run_07.json,826,0.953000
on,run_07.json,827,0.675000
on,run_07.json,828,1.635000
on,run_07.json,829,0.726000
on,run_07.json,830,0.798000
on,run_07.json,831,1.514000
on,run_07.json,832,8.068000
on,run_07.json,833,0.942000
on,run_07.json,834,0.978000
on,run_07.json,835,1.772000
on,run_07.json,836,0.849000
on,run_07.json,837,0.807000
on,run_07.json,838,0.669000
on,run_07.json,839,0.831000
on,run_07.json,840,9.562000
on,run_07.json,841,0.785000
on,run_07.json,842,1.035000
on,run_07.json,843,1.718000
on,run_07.json,844,0.792000
on,run_07.json,845,0.821000
on,run_07.json,846,0.726000
on,run_07.json,847,0.788000
on,run_07.json,848,10.075000
on,run_07.json,849,0.919000
on,run_07.json,850,0.977000
on,run_07.json,851,1.559000
on,run_07.json,852,0.774000
on,run_07.json,853,0.906000
on,run_07.json,854,0.713000
on,run_07.json,855,0.699000
on,run_07.json,856,1.362000
on,run_07.json,857,12.579000
on,run_07.json,858,0.907000
on,run_07.json,859,1.056000
on,run_07.json,860,1.666000
on,run_07.json,861,0.895000
on,run_07.json,862,0.870000
on,run_07.json,863,0.839000
on,run_07.json,864,1.538000
on,run_07.json,865,9.005000
on,run_07.json,866,0.694000
on,run_07.json,867,1.009000
on,run_07.json,868,0.931000
on,run_07.json,869,1.326000
on,run_07.json,870,0.725000
on,run_07.json,871,0.795000
on,run_07.json,872,0.788000
on,run_07.json,873,1.352000
on,run_07.json,874,9.011000
on,run_07.json,875,0.737000
on,run_07.json,876,1.037000
on,run_07.json,877,1.756000
on,run_07.json,878,0.632000
on,run_07.json,879,0.686000
on,run_07.json,880,0.652000
on,run_07.json,881,1.338000
on,run_07.json,882,9.756000
on,run_07.json,883,0.897000
on,run_07.json,884,1.034000
on,run_07.json,885,1.532000
on,run_07.json,886,0.943000
on,run_07.json,887,0.838000
on,run_07.json,888,0.869000
on,run_07.json,889,0.773000
on,run_07.json,890,9.567000
on,run_07.json,891,0.800000
on,run_07.json,892,0.964000
on,run_07.json,893,1.799000
on,run_07.json,894,0.825000
on,run_07.json,895,0.669000
on,run_07.json,896,0.800000
on,run_07.json,897,0.786000
on,run_07.json,898,9.648000
on,run_07.json,899,0.685000
on,run_07.json,900,0.956000
on,run_07.json,901,1.707000
on,run_07.json,902,0.722000
on,run_07.json,903,0.612000
on,run_07.json,904,0.641000
on,run_07.json,905,0.681000
on,run_07.json,906,0.590000
on,run_07.json,907,1.326000
on,run_07.json,908,8.395000
on,run_07.json,909,0.789000
on,run_07.json,910,0.919000
on,run_07.json,911,0.736000
on,run_07.json,912,1.523000
on,run_07.json,913,0.741000
on,run_07.json,914,0.695000
on,run_07.json,915,0.680000
on,run_07.json,916,0.693000
on,run_07.json,917,1.269000
on,run_07.json,918,6.954000
on,run_07.json,919,0.740000
on,run_07.json,920,0.969000
on,run_07.json,921,1.719000
on,run_07.json,922,0.754000
on,run_07.json,923,0.786000
on,run_07.json,924,0.648000
on,run_07.json,925,0.654000
on,run_07.json,926,1.337000
on,run_07.json,927,7.676000
on,run_07.json,928,0.677000
on,run_07.json,929,0.959000
on,run_07.json,930,0.665000
on,run_07.json,931,1.570000
on,run_07.json,932,0.708000
on,run_07.json,933,0.627000
on,run_07.json,934,0.703000
on,run_07.json,935,0.683000
on,run_07.json,936,11.925000
on,run_07.json,937,0.667000
on,run_07.json,938,0.946000
on,run_07.json,939,0.647000
on,run_07.json,940,1.577000
on,run_07.json,941,0.662000
on,run_07.json,942,0.701000
on,run_07.json,943,0.704000
on,run_07.json,944,0.627000
on,run_07.json,945,1.398000
on,run_07.json,946,8.554000
on,run_07.json,947,0.633000
on,run_07.json,948,1.007000
on,run_07.json,949,0.631000
on,run_07.json,950,1.539000
on,run_07.json,951,0.653000
on,run_07.json,952,0.615000
on,run_07.json,953,0.638000
on,run_07.json,954,0.663000
on,run_07.json,955,1.441000
on,run_07.json,956,8.539000
on,run_07.json,957,0.885000
on,run_07.json,958,0.822000
on,run_07.json,959,1.643000
on,run_07.json,960,0.658000
on,run_07.json,961,0.639000
on,run_07.json,962,0.746000
on,run_07.json,963,0.739000
on,run_07.json,964,0.653000
on,run_07.json,965,10.228000
on,run_07.json,966,0.660000
on,run_07.json,967,0.943000
on,run_07.json,968,0.652000
on,run_07.json,969,1.477000
on,run_07.json,970,0.740000
on,run_07.json,971,0.724000
on,run_07.json,972,0.650000
on,run_07.json,973,0.757000
on,run_07.json,974,1.559000
on,run_07.json,975,8.640000
on,run_07.json,976,0.756000
on,run_07.json,977,0.998000
on,run_07.json,978,0.761000
on,run_07.json,979,1.433000
on,run_07.json,980,0.779000
on,run_07.json,981,0.746000
on,run_07.json,982,0.752000
on,run_07.json,983,1.362000
on,run_07.json,984,9.474000
on,run_07.json,985,0.692000
on,run_07.json,986,0.962000
on,run_07.json,987,1.646000
on,run_07.json,988,0.695000
on,run_07.json,989,0.806000
on,run_07.json,990,0.785000
on,run_07.json,991,0.801000
on,run_07.json,992,1.512000
on,run_07.json,993,9.556000
on,run_07.json,994,0.707000
on,run_07.json,995,1.008000
on,run_07.json,996,0.698000
on,run_07.json,997,1.499000
on,run_07.json,998,0.717000
on,run_07.json,999,0.697000
on,run_07.json,1000,0.681000
on,run_07.json,1001,0.761000
on,run_07.json,1002,10.594000
on,run_07.json,1003,0.790000
on,run_07.json,1004,0.904000
on,run_07.json,1005,1.588000
on,run_07.json,1006,0.761000
on,run_07.json,1007,0.648000
on,run_07.json,1008,0.824000
on,run_07.json,1009,0.754000
on,run_07.json,1010,1.307000
on,run_07.json,1011,7.383000
on,run_07.json,1012,0.773000
on,run_07.json,1013,0.957000
on,run_07.json,1014,1.450000
on,run_07.json,1015,0.754000
on,run_07.json,1016,0.741000
on,run_07.json,1017,0.747000
on,run_07.json,1018,0.645000
on,run_07.json,1019,0.736000
on,run_07.json,1020,8.133000
on,run_07.json,1021,0.735000
on,run_07.json,1022,0.979000
on,run_07.json,1023,1.618000
on,run_07.json,1024,0.743000
on,run_07.json,1025,0.731000
on,run_07.json,1026,0.687000
on,run_07.json,1027,0.626000
on,run_07.json,1028,0.681000
on,run_07.json,1029,9.461000
on,run_07.json,1030,0.846000
on,run_07.json,1031,0.903000
on,run_07.json,1032,1.748000
on,run_07.json,1033,0.691000
on,run_07.json,1034,0.670000
on,run_07.json,1035,0.687000
on,run_07.json,1036,0.637000
on,run_07.json,1037,0.588000
on,run_07.json,1038,1.383000
on,run_07.json,1039,8.641000
on,run_07.json,1040,0.653000
on,run_07.json,1041,1.035000
on,run_07.json,1042,1.707000
on,run_07.json,1043,0.670000
on,run_07.json,1044,0.597000
on,run_07.json,1045,0.748000
on,run_07.json,1046,1.877000
on,run_07.json,1047,9.268000
on,run_07.json,1048,0.632000
on,run_07.json,1049,0.921000
on,run_07.json,1050,0.662000
on,run_07.json,1051,1.451000
on,run_07.json,1052,0.731000
on,run_07.json,1053,0.690000
on,run_07.json,1054,0.748000
on,run_07.json,1055,0.631000
on,run_07.json,1056,1.302000
on,run_07.json,1057,10.417000
on,run_07.json,1058,0.578000
on,run_07.json,1059,1.444000
on,run_07.json,1060,0.703000
on,run_07.json,1061,0.600000
on,run_07.json,1062,0.639000
on,run_07.json,1063,0.680000
on,run_07.json,1064,0.589000
on,run_07.json,1065,1.346000
on,run_07.json,1066,9.975000
on,run_07.json,1067,0.618000
on,run_07.json,1068,0.960000
on,run_07.json,1069,0.611000
on,run_07.json,1070,1.602000
on,run_07.json,1071,0.636000
on,run_07.json,1072,0.595000
on,run_07.json,1073,0.605000
on,run_07.json,1074,0.640000
on,run_07.json,1075,0.623000
on,run_07.json,1076,10.556000
on,run_07.json,1077,0.627000
on,run_07.json,1078,0.999000
on,run_07.json,1079,0.611000
on,run_07.json,1080,1.483000
on,run_07.json,1081,0.611000
on,run_07.json,1082,0.643000
on,run_07.json,1083,0.653000
on,run_07.json,1084,0.651000
on,run_07.json,1085,0.641000
on,run_07.json,1086,10.755000
on,run_07.json,1087,0.704000
on,run_07.json,1088,0.912000
on,run_07.json,1089,0.655000
on,run_07.json,1090,1.500000
on,run_07.json,1091,0.685000
on,run_07.json,1092,0.659000
on,run_07.json,1093,0.608000
on,run_07.json,1094,0.655000
on,run_07.json,1095,1.355000
on,run_07.json,1096,9.663000
on,run_07.json,1097,0.641000
on,run_07.json,1098,1.025000
on,run_07.json,1099,0.665000
on,run_07.json,1100,1.557000
on,run_07.json,1101,0.725000
on,run_07.json,1102,0.660000
on,run_07.json,1103,0.690000
on,run_07.json,1104,0.679000
on,run_07.json,1105,1.285000
on,run_07.json,1106,9.397000
on,run_07.json,1107,0.838000
on,run_07.json,1108,1.141000
on,run_07.json,1109,1.766000
on,run_07.json,1110,0.907000
on,run_07.json,1111,0.734000
on,run_07.json,1112,0.684000
on,run_07.json,1113,0.736000
on,run_07.json,1114,10.264000
on,run_07.json,1115,0.686000
on,run_07.json,1116,1.054000
on,run_07.json,1117,0.707000
on,run_07.json,1118,1.427000
on,run_07.json,1119,0.739000
on,run_07.json,1120,0.666000
on,run_07.json,1121,0.586000
on,run_07.json,1122,0.658000
on,run_07.json,1123,1.306000
on,run_07.json,1124,7.837000
on,run_07.json,1125,0.615000
on,run_07.json,1126,0.985000
on,run_07.json,1127,0.651000
on,run_07.json,1128,1.458000
on,run_07.json,1129,0.600000
on,run_07.json,1130,0.620000
on,run_07.json,1131,0.613000
on,run_07.json,1132,0.578000
on,run_07.json,1133,0.663000
on,run_07.json,1134,1.359000
on,run_07.json,1135,7.360000
on,run_07.json,1136,0.592000
on,run_07.json,1137,0.977000
on,run_07.json,1138,0.617000
on,run_07.json,1139,1.431000
on,run_07.json,1140,0.660000
on,run_07.json,1141,0.660000
on,run_07.json,1142,0.614000
on,run_07.json,1143,0.582000
on,run_07.json,1144,0.619000
on,run_07.json,1145,1.255000
on,run_07.json,1146,7.681000
on,run_07.json,1147,0.617000
on,run_07.json,1148,0.956000
on,run_07.json,1149,0.615000
on,run_07.json,1150,1.472000
on,run_07.json,1151,0.616000
on,run_07.json,1152,0.583000
on,run_07.json,1153,0.611000
on,run_07.json,1154,0.603000
on,run_07.json,1155,0.577000
on,run_07.json,1156,1.265000
on,run_07.json,1157,7.055000
on,run_07.json,1158,0.630000
on,run_07.json,1159,0.925000
on,run_07.json,1160,0.581000
on,run_07.json,1161,1.506000
on,run_07.json,1162,0.625000
on,run_07.json,1163,0.664000
on,run_07.json,1164,0.709000
on,run_07.json,1165,0.702000
on,run_07.json,1166,0.611000
on,run_07.json,1167,9.706000
on,run_07.json,1168,0.899000
on,run_07.json,1169,0.957000
on,run_07.json,1170,1.740000
on,run_07.json,1171,0.843000
on,run_07.json,1172,0.857000
on,run_07.json,1173,0.726000
on,run_07.json,1174,0.725000
on,run_07.json,1175,10.025000
on,run_07.json,1176,1.166000
on,run_07.json,1177,0.878000
on,run_07.json,1178,1.381000
on,run_07.json,1179,0.914000
on,run_07.json,1180,0.904000
on,run_07.json,1181,0.834000
on,run_07.json,1182,0.844000
on,run_07.json,1183,9.752000
on,run_07.json,1184,1.237000
on,run_07.json,1185,0.638000
on,run_07.json,1186,1.558000
on,run_07.json,1187,0.755000
on,run_07.json,1188,0.700000
on,run_07.json,1189,0.695000
on,run_07.json,1190,0.592000
on,run_07.json,1191,1.369000
on,run_07.json,1192,8.921000
on,run_07.json,1193,0.868000
on,run_07.json,1194,0.694000
on,run_07.json,1195,0.687000
on,run_07.json,1196,1.366000
on,run_07.json,1197,0.599000
on,run_07.json,1198,0.711000
on,run_07.json,1199,0.602000
on,run_07.json,1200,0.723000
on,run_07.json,1201,0.704000
on,run_07.json,1202,9.931000
on,run_07.json,1203,1.112000
on,run_07.json,1204,0.706000
on,run_07.json,1205,1.393000
on,run_07.json,1206,0.615000
on,run_07.json,1207,0.603000
on,run_07.json,1208,0.555000
on,run_07.json,1209,0.562000
on,run_07.json,1210,0.602000
on,run_07.json,1211,1.359000
on,run_07.json,1212,9.101000
on,run_07.json,1213,0.885000
on,run_07.json,1214,1.061000
on,run_07.json,1215,1.447000
on,run_07.json,1216,0.617000
on,run_07.json,1217,0.761000
on,run_07.json,1218,0.783000
on,run_07.json,1219,0.769000
on,run_07.json,1220,1.355000
on,run_07.json,1221,8.936000
on,run_07.json,1222,0.861000
on,run_07.json,1223,0.904000
on,run_07.json,1224,1.569000
on,run_07.json,1225,0.841000
on,run_07.json,1226,0.770000
on,run_07.json,1227,0.842000
on,run_07.json,1228,0.642000
on,run_07.json,1229,1.384000
on,run_07.json,1230,9.043000
on,run_07.json,1231,1.268000
on,run_07.json,1232,0.902000
on,run_07.json,1233,1.347000
on,run_07.json,1234,0.758000
on,run_07.json,1235,0.821000
on,run_07.json,1236,0.859000
on,run_07.json,1237,0.664000
on,run_07.json,1238,9.775000
on,run_07.json,1239,0.771000
on,run_07.json,1240,0.916000
on,run_07.json,1241,1.587000
on,run_07.json,1242,0.691000
on,run_07.json,1243,0.637000
on,run_07.json,1244,0.641000
on,run_07.json,1245,0.676000
on,run_07.json,1246,0.661000
on,run_07.json,1247,1.402000
on,run_07.json,1248,8.731000
on,run_07.json,1249,0.771000
on,run_07.json,1250,0.870000
on,run_07.json,1251,0.613000
on,run_07.json,1252,1.588000
on,run_07.json,1253,0.637000
on,run_07.json,1254,0.688000
on,run_07.json,1255,0.705000
on,run_07.json,1256,0.680000
on,run_07.json,1257,1.313000
on,run_07.json,1258,8.639000
on,run_07.json,1259,0.690000
on,run_07.json,1260,1.043000
on,run_07.json,1261,1.651000
on,run_07.json,1262,0.719000
on,run_07.json,1263,0.636000
on,run_07.json,1264,0.695000
on,run_07.json,1265,0.704000
on,run_07.json,1266,0.604000
on,run_07.json,1267,1.293000
on,run_07.json,1268,8.639000
on,run_07.json,1269,0.681000
on,run_07.json,1270,0.981000
on,run_07.json,1271,0.669000
on,run_07.json,1272,1.458000
on,run_07.json,1273,0.687000
on,run_07.json,1274,0.637000
on,run_07.json,1275,0.683000
on,run_07.json,1276,0.722000
on,run_07.json,1277,1.209000
on,run_07.json,1278,9.083000
on,run_07.json,1279,0.693000
on,run_07.json,1280,0.932000
on,run_07.json,1281,0.620000
on,run_07.json,1282,1.558000
on,run_07.json,1283,0.606000
on,run_07.json,1284,0.706000
on,run_07.json,1285,0.701000
on,run_07.json,1286,0.602000
on,run_07.json,1287,1.294000
on,run_07.json,1288,8.870000
on,run_07.json,1289,0.728000
on,run_07.json,1290,0.910000
on,run_07.json,1291,0.708000
on,run_07.json,1292,1.446000
on,run_07.json,1293,0.720000
on,run_07.json,1294,0.650000
on,run_07.json,1295,0.608000
on,run_07.json,1296,0.646000
on,run_07.json,1297,1.337000
on,run_07.json,1298,8.945000
on,run_07.json,1299,0.815000
on,run_07.json,1300,0.897000
on,run_07.json,1301,0.687000
on,run_07.json,1302,1.523000
on,run_07.json,1303,0.964000
on,run_07.json,1304,0.716000
on,run_07.json,1305,0.673000
on,run_07.json,1306,1.328000
on,run_07.json,1307,9.034000
on,run_07.json,1308,0.688000
on,run_07.json,1309,0.975000
on,run_07.json,1310,0.647000
on,run_07.json,1311,1.560000
on,run_07.json,1312,0.613000
on,run_07.json,1313,0.728000
on,run_07.json,1314,0.722000
on,run_07.json,1315,0.721000
on,run_07.json,1316,1.311000
on,run_07.json,1317,8.646000
on,run_07.json,1318,0.674000
on,run_07.json,1319,0.997000
on,run_07.json,1320,0.701000
on,run_07.json,1321,1.469000
on,run_07.json,1322,0.650000
on,run_07.json,1323,0.729000
on,run_07.json,1324,0.614000
on,run_07.json,1325,0.669000
on,run_07.json,1326,1.453000
on,run_07.json,1327,8.733000
on,run_07.json,1328,0.748000
on,run_07.json,1329,0.971000
on,run_07.json,1330,1.720000
on,run_07.json,1331,0.626000
on,run_07.json,1332,0.662000
on,run_07.json,1333,0.666000
on,run_07.json,1334,0.638000
on,run_07.json,1335,0.651000
on,run_07.json,1336,1.346000
on,run_07.json,1337,9.778000
on,run_07.json,1338,0.700000
on,run_07.json,1339,1.021000
on,run_07.json,1340,0.614000
on,run_07.json,1341,1.624000
on,run_07.json,1342,0.741000
on,run_07.json,1343,0.618000
on,run_07.json,1344,0.686000
on,run_07.json,1345,0.707000
on,run_07.json,1346,1.373000
on,run_07.json,1347,9.402000
on,run_07.json,1348,0.761000
on,run_07.json,1349,1.066000
on,run_07.json,1350,1.636000
on,run_07.json,1351,0.674000
on,run_07.json,1352,0.633000
on,run_07.json,1353,0.721000
on,run_07.json,1354,0.730000
on,run_07.json,1355,0.635000
on,run_07.json,1356,7.998000
on,run_07.json,1357,0.751000
on,run_07.json,1358,0.995000
on,run_07.json,1359,1.547000
on,run_07.json,1360,0.650000
on,run_07.json,1361,0.720000
on,run_07.json,1362,0.690000
on,run_07.json,1363,0.635000
on,run_07.json,1364,0.695000
on,run_07.json,1365,1.375000
on,run_07.json,1366,8.462000
on,run_07.json,1367,0.693000
on,run_07.json,1368,0.887000
on,run_07.json,1369,0.635000
on,run_07.json,1370,1.503000
on,run_07.json,1371,0.611000
on,run_07.json,1372,0.666000
on,run_07.json,1373,0.686000
on,run_07.json,1374,0.645000
on,run_07.json,1375,1.514000
on,run_07.json,1376,12.676000
on,run_07.json,1377,0.942000
on,run_07.json,1378,1.065000
on,run_07.json,1379,1.401000
on,run_07.json,1380,0.740000
on,run_07.json,1381,0.712000
on,run_07.json,1382,0.756000
on,run_07.json,1383,0.764000
on,run_07.json,1384,1.359000
on,run_07.json,1385,9.149000
on,run_07.json,1386,0.611000
on,run_07.json,1387,2.407000
on,run_07.json,1388,0.724000
on,run_07.json,1389,0.746000
on,run_07.json,1390,0.596000
on,run_07.json,1391,0.627000
on,run_07.json,1392,0.668000
on,run_07.json,1393,1.303000
on,run_07.json,1394,9.006000
on,run_07.json,1395,0.686000
on,run_07.json,1396,0.925000
on,run_07.json,1397,0.654000
on,run_07.json,1398,2.881000
on,run_07.json,1399,0.612000
on,run_07.json,1400,0.683000
on,run_07.json,1401,1.497000
on,run_07.json,1402,8.539000
on,run_07.json,1403,0.649000
on,run_07.json,1404,0.986000
on,run_07.json,1405,0.630000
on,run_07.json,1406,1.493000
on,run_07.json,1407,0.672000
on,run_07.json,1408,0.683000
on,run_07.json,1409,0.633000
on,run_07.json,1410,0.672000
on,run_07.json,1411,1.326000
on,run_07.json,1412,8.681000
on,run_07.json,1413,0.647000
on,run_07.json,1414,1.149000
on,run_07.json,1415,1.612000
on,run_07.json,1416,0.648000
on,run_07.json,1417,0.716000
on,run_07.json,1418,0.632000
on,run_07.json,1419,0.665000
on,run_07.json,1420,0.680000
on,run_07.json,1421,9.617000
on,run_07.json,1422,0.708000
on,run_07.json,1423,0.945000
on,run_07.json,1424,0.665000
on,run_07.json,1425,1.428000
on,run_07.json,1426,0.646000
on,run_07.json,1427,0.689000
on,run_07.json,1428,0.657000
on,run_07.json,1429,0.658000
on,run_07.json,1430,1.287000
on,run_07.json,1431,8.667000
on,run_07.json,1432,0.676000
on,run_07.json,1433,0.855000
on,run_07.json,1434,0.608000
on,run_07.json,1435,1.620000
on,run_07.json,1436,0.664000
on,run_07.json,1437,0.644000
on,run_07.json,1438,0.561000
on,run_07.json,1439,0.653000
on,run_07.json,1440,1.273000
on,run_07.json,1441,7.435000
on,run_07.json,1442,0.615000
on,run_07.json,1443,0.970000
on,run_07.json,1444,0.676000
on,run_07.json,1445,1.367000
on,run_07.json,1446,0.781000
on,run_07.json,1447,0.656000
on,run_07.json,1448,0.581000
on,run_07.json,1449,0.657000
on,run_07.json,1450,1.387000
on,run_07.json,1451,7.625000
on,run_07.json,1452,0.790000
on,run_07.json,1453,0.812000
on,run_07.json,1454,0.674000
on,run_07.json,1455,1.475000
on,run_07.json,1456,0.630000
on,run_07.json,1457,0.699000
on,run_07.json,1458,0.707000
on,run_07.json,1459,0.626000
on,run_07.json,1460,1.477000
on,run_07.json,1461,10.698000
on,run_07.json,1462,0.935000
on,run_07.json,1463,0.938000
on,run_07.json,1464,1.516000
on,run_07.json,1465,0.750000
on,run_07.json,1466,0.628000
on,run_07.json,1467,0.649000
on,run_07.json,1468,0.677000
on,run_07.json,1469,0.635000
on,run_07.json,1470,1.608000
on,run_07.json,1471,8.263000
on,run_07.json,1472,0.785000
on,run_07.json,1473,0.959000
on,run_07.json,1474,1.625000
on,run_07.json,1475,0.846000
on,run_07.json,1476,0.817000
on,run_07.json,1477,0.749000
on,run_07.json,1478,0.741000
on,run_07.json,1479,1.351000
on,run_07.json,1480,8.422000
on,run_07.json,1481,0.700000
on,run_07.json,1482,1.102000
on,run_07.json,1483,0.703000
on,run_07.json,1484,1.422000
on,run_07.json,1485,0.652000
on,run_07.json,1486,0.699000
on,run_07.json,1487,0.629000
on,run_07.json,1488,0.659000
on,run_07.json,1489,1.483000
on,run_07.json,1490,8.874000
on,run_07.json,1491,0.693000
on,run_07.json,1492,0.956000
on,run_07.json,1493,0.700000
on,run_07.json,1494,1.435000
on,run_07.json,1495,0.669000
on,run_07.json,1496,0.627000
on,run_07.json,1497,0.694000
on,run_07.json,1498,0.706000
on,run_07.json,1499,1.244000
on,run_07.json,1500,9.248000
on,run_07.json,1501,0.681000
on,run_07.json,1502,0.915000
on,run_07.json,1503,0.876000
on,run_07.json,1504,1.302000
on,run_07.json,1505,0.697000
on,run_07.json,1506,0.591000
on,run_07.json,1507,0.643000
on,run_07.json,1508,0.641000
on,run_07.json,1509,1.520000
on,run_07.json,1510,9.232000
on,run_07.json,1511,0.926000
on,run_07.json,1512,0.905000
on,run_07.json,1513,1.698000
on,run_07.json,1514,0.892000
on,run_07.json,1515,0.806000
on,run_07.json,1516,0.711000
on,run_07.json,1517,0.805000
on,run_07.json,1518,10.554000
on,run_07.json,1519,0.660000
on,run_07.json,1520,0.945000
on,run_07.json,1521,1.763000
on,run_07.json,1522,0.783000
on,run_07.json,1523,0.728000
on,run_07.json,1524,0.763000
on,run_07.json,1525,0.651000
on,run_07.json,1526,1.339000
on,run_07.json,1527,9.544000
on,run_07.json,1528,0.687000
on,run_07.json,1529,0.855000
on,run_07.json,1530,0.559000
on,run_07.json,1531,1.425000
on,run_07.json,1532,0.618000
on,run_07.json,1533,0.644000
on,run_07.json,1534,0.570000
on,run_07.json,1535,0.590000
on,run_07.json,1536,0.635000
on,run_07.json,1537,1.374000
on,run_07.json,1538,7.022000
on,run_07.json,1539,0.651000
on,run_07.json,1540,1.018000
on,run_07.json,1541,0.651000
on,run_07.json,1542,1.532000
on,run_07.json,1543,0.628000
on,run_07.json,1544,0.661000
on,run_07.json,1545,0.738000
on,run_07.json,1546,0.630000
on,run_07.json,1547,1.470000
on,run_07.json,1548,7.067000
on,run_07.json,1549,0.689000
on,run_07.json,1550,0.868000
on,run_07.json,1551,0.668000
on,run_07.json,1552,1.505000
on,run_07.json,1553,0.605000
on,run_07.json,1554,0.710000
on,run_07.json,1555,0.742000
on,run_07.json,1556,0.586000
on,run_07.json,1557,1.357000
on,run_07.json,1558,8.724000
on,run_07.json,1559,0.736000
on,run_07.json,1560,0.866000
on,run_07.json,1561,0.734000
on,run_07.json,1562,1.456000
on,run_07.json,1563,0.685000
on,run_07.json,1564,0.655000
on,run_07.json,1565,0.686000
on,run_07.json,1566,0.719000
on,run_07.json,1567,1.258000
on,run_07.json,1568,8.801000
on,run_07.json,1569,0.815000
on,run_07.json,1570,0.870000
on,run_07.json,1571,1.637000
on,run_07.json,1572,0.716000
on,run_07.json,1573,0.692000
on,run_07.json,1574,0.683000
on,run_07.json,1575,0.703000
on,run_07.json,1576,0.751000
on,run_07.json,1577,9.781000
on,run_07.json,1578,0.783000
on,run_07.json,1579,1.173000
on,run_07.json,1580,1.314000
on,run_07.json,1581,0.701000
on,run_07.json,1582,0.650000
on,run_07.json,1583,0.685000
on,run_07.json,1584,0.691000
on,run_07.json,1585,0.664000
on,run_07.json,1586,1.314000
on,run_07.json,1587,9.865000
on,run_07.json,1588,0.667000
on,run_07.json,1589,0.980000
on,run_07.json,1590,1.552000
on,run_07.json,1591,0.637000
on,run_07.json,1592,0.676000
on,run_07.json,1593,0.661000
on,run_07.json,1594,0.651000
on,run_07.json,1595,0.698000
on,run_07.json,1596,1.398000
on,run_07.json,1597,9.625000
on,run_07.json,1598,0.721000
on,run_07.json,1599,0.002000
on,run_08.json,0,0.950000
on,run_08.json,1,0.693000
on,run_08.json,2,14.204000
on,run_08.json,3,0.673000
on,run_08.json,4,1.096000
on,run_08.json,5,0.680000
on,run_08.json,6,14.942000
on,run_08.json,7,0.733000
on,run_08.json,8,0.933000
on,run_08.json,9,0.652000
on,run_08.json,10,14.927000
on,run_08.json,11,0.676000
on,run_08.json,12,0.962000
on,run_08.json,13,0.654000
on,run_08.json,14,14.630000
on,run_08.json,15,0.788000
on,run_08.json,16,1.041000
on,run_08.json,17,0.700000
on,run_08.json,18,14.610000
on,run_08.json,19,0.771000
on,run_08.json,20,0.890000
on,run_08.json,21,0.689000
on,run_08.json,22,16.072000
on,run_08.json,23,0.812000
on,run_08.json,24,15.219000
on,run_08.json,25,0.774000
on,run_08.json,26,0.885000
on,run_08.json,27,0.667000
on,run_08.json,28,14.145000
on,run_08.json,29,0.647000
on,run_08.json,30,0.962000
on,run_08.json,31,0.636000
on,run_08.json,32,16.140000
on,run_08.json,33,0.186000
on,run_08.json,34,0.627000
on,run_08.json,35,1.527000
on,run_08.json,36,13.074000
on,run_08.json,37,0.645000
on,run_08.json,38,0.986000
on,run_08.json,39,0.629000
on,run_08.json,40,0.867000
on,run_08.json,41,0.624000
on,run_08.json,42,13.195000
on,run_08.json,43,0.713000
on,run_08.json,44,1.079000
on,run_08.json,45,0.853000
on,run_08.json,46,1.433000
on,run_08.json,47,13.166000
on,run_08.json,48,0.791000
on,run_08.json,49,1.044000
on,run_08.json,50,2.312000
on,run_08.json,51,12.825000
on,run_08.json,52,0.759000
on,run_08.json,53,0.968000
on,run_08.json,54,0.727000
on,run_08.json,55,2.188000
on,run_08.json,56,12.037000
on,run_08.json,57,0.798000
on,run_08.json,58,0.873000
on,run_08.json,59,0.718000
on,run_08.json,60,1.424000
on,run_08.json,61,12.932000
on,run_08.json,62,0.684000
on,run_08.json,63,1.037000
on,run_08.json,64,0.734000
on,run_08.json,65,1.460000
on,run_08.json,66,12.675000
on,run_08.json,67,0.749000
on,run_08.json,68,1.036000
on,run_08.json,69,0.811000
on,run_08.json,70,1.335000
on,run_08.json,71,12.289000
on,run_08.json,72,0.625000
on,run_08.json,73,1.000000
on,run_08.json,74,0.609000
on,run_08.json,75,1.526000
on,run_08.json,76,11.986000
on,run_08.json,77,0.696000
on,run_08.json,78,0.965000
on,run_08.json,79,0.665000
on,run_08.json,80,1.471000
on,run_08.json,81,1.338000
on,run_08.json,82,11.201000
on,run_08.json,83,0.639000
on,run_08.json,84,1.057000
on,run_08.json,85,0.633000
on,run_08.json,86,1.490000
on,run_08.json,87,12.246000
on,run_08.json,88,0.642000
on,run_08.json,89,1.134000
on,run_08.json,90,0.611000
on,run_08.json,91,1.502000
on,run_08.json,92,12.453000
on,run_08.json,93,0.746000
on,run_08.json,94,1.041000
on,run_08.json,95,0.666000
on,run_08.json,96,2.239000
on,run_08.json,97,11.331000
on,run_08.json,98,0.661000
on,run_08.json,99,1.093000
on,run_08.json,100,0.728000
on,run_08.json,101,2.199000
on,run_08.json,102,10.740000
on,run_08.json,103,0.616000
on,run_08.json,104,1.052000
on,run_08.json,105,0.596000
on,run_08.json,106,1.519000
on,run_08.json,107,12.752000
on,run_08.json,108,0.611000
on,run_08.json,109,0.941000
on,run_08.json,110,0.668000
on,run_08.json,111,1.420000
on,run_08.json,112,13.096000
on,run_08.json,113,0.685000
on,run_08.json,114,0.896000
on,run_08.json,115,0.590000
on,run_08.json,116,1.459000
on,run_08.json,117,1.516000
on,run_08.json,118,11.546000
on,run_08.json,119,0.657000
on,run_08.json,120,1.066000
on,run_08.json,121,0.630000
on,run_08.json,122,1.458000
on,run_08.json,123,12.762000
on,run_08.json,124,0.711000
on,run_08.json,125,0.894000
on,run_08.json,126,0.596000
on,run_08.json,127,1.490000
on,run_08.json,128,1.318000
on,run_08.json,129,11.662000
on,run_08.json,130,0.618000
on,run_08.json,131,0.982000
on,run_08.json,132,0.601000
on,run_08.json,133,1.533000
on,run_08.json,134,1.306000
on,run_08.json,135,11.634000
on,run_08.json,136,0.588000
on,run_08.json,137,1.147000
on,run_08.json,138,0.577000
on,run_08.json,139,1.600000
on,run_08.json,140,13.045000
on,run_08.json,141,0.818000
on,run_08.json,142,0.845000
on,run_08.json,143,0.762000
on,run_08.json,144,1.431000
on,run_08.json,145,12.622000
on,run_08.json,146,0.622000
on,run_08.json,147,0.935000
on,run_08.json,148,0.602000
on,run_08.json,149,1.428000
on,run_08.json,150,1.451000
on,run_08.json,151,11.552000
on,run_08.json,152,0.616000
on,run_08.json,153,0.964000
on,run_08.json,154,0.596000
on,run_08.json,155,1.445000
on,run_08.json,156,12.981000
on,run_08.json,157,0.584000
on,run_08.json,158,0.909000
on,run_08.json,159,0.601000
on,run_08.json,160,1.428000
on,run_08.json,161,1.367000
on,run_08.json,162,11.814000
on,run_08.json,163,0.617000
on,run_08.json,164,0.950000
on,run_08.json,165,0.603000
on,run_08.json,166,1.478000
on,run_08.json,167,1.269000
on,run_08.json,168,11.801000
on,run_08.json,169,0.610000
on,run_08.json,170,1.106000
on,run_08.json,171,1.763000
on,run_08.json,172,1.307000
on,run_08.json,173,11.951000
on,run_08.json,174,0.620000
on,run_08.json,175,0.940000
on,run_08.json,176,0.595000
on,run_08.json,177,1.481000
on,run_08.json,178,1.285000
on,run_08.json,179,11.570000
on,run_08.json,180,0.625000
on,run_08.json,181,0.935000
on,run_08.json,182,0.585000
on,run_08.json,183,1.418000
on,run_08.json,184,1.389000
on,run_08.json,185,11.733000
on,run_08.json,186,0.614000
on,run_08.json,187,0.929000
on,run_08.json,188,0.572000
on,run_08.json,189,1.482000
on,run_08.json,190,1.316000
on,run_08.json,191,11.886000
on,run_08.json,192,0.715000
on,run_08.json,193,0.791000
on,run_08.json,194,0.562000
on,run_08.json,195,1.528000
on,run_08.json,196,12.913000
on,run_08.json,197,0.614000
on,run_08.json,198,0.888000
on,run_08.json,199,0.598000
on,run_08.json,200,1.490000
on,run_08.json,201,1.442000
on,run_08.json,202,11.743000
on,run_08.json,203,0.665000
on,run_08.json,204,0.990000
on,run_08.json,205,0.699000
on,run_08.json,206,1.445000
on,run_08.json,207,12.868000
on,run_08.json,208,0.667000
on,run_08.json,209,1.017000
on,run_08.json,210,0.622000
on,run_08.json,211,1.576000
on,run_08.json,212,12.739000
on,run_08.json,213,0.715000
on,run_08.json,214,0.897000
on,run_08.json,215,0.658000
on,run_08.json,216,1.479000
on,run_08.json,217,13.030000
on,run_08.json,218,0.720000
on,run_08.json,219,0.949000
on,run_08.json,220,1.683000
on,run_08.json,221,1.272000
on,run_08.json,222,11.957000
on,run_08.json,223,0.675000
on,run_08.json,224,0.933000
on,run_08.json,225,0.667000
on,run_08.json,226,1.529000
on,run_08.json,227,1.343000
on,run_08.json,228,11.396000
on,run_08.json,229,0.666000
on,run_08.json,230,1.006000
on,run_08.json,231,0.646000
on,run_08.json,232,1.471000
on,run_08.json,233,1.339000
on,run_08.json,234,11.602000
on,run_08.json,235,0.822000
on,run_08.json,236,0.889000
on,run_08.json,237,0.704000
on,run_08.json,238,1.443000
on,run_08.json,239,12.771000
on,run_08.json,240,0.680000
on,run_08.json,241,0.922000
on,run_08.json,242,0.669000
on,run_08.json,243,1.506000
on,run_08.json,244,1.267000
on,run_08.json,245,11.635000
on,run_08.json,246,0.754000
on,run_08.json,247,0.955000
on,run_08.json,248,0.701000
on,run_08.json,249,1.462000
on,run_08.json,250,12.979000
on,run_08.json,251,0.636000
on,run_08.json,252,1.060000
on,run_08.json,253,0.715000
on,run_08.json,254,1.459000
on,run_08.json,255,12.678000
on,run_08.json,256,0.674000
on,run_08.json,257,1.020000
on,run_08.json,258,0.630000
on,run_08.json,259,1.526000
on,run_08.json,260,12.711000
on,run_08.json,261,0.683000
on,run_08.json,262,1.032000
on,run_08.json,263,1.682000
on,run_08.json,264,1.301000
on,run_08.json,265,11.990000
on,run_08.json,266,0.675000
on,run_08.json,267,0.997000
on,run_08.json,268,0.662000
on,run_08.json,269,1.528000
on,run_08.json,270,12.838000
on,run_08.json,271,0.681000
on,run_08.json,272,1.011000
on,run_08.json,273,0.711000
on,run_08.json,274,2.240000
on,run_08.json,275,11.935000
on,run_08.json,276,0.651000
on,run_08.json,277,1.097000
on,run_08.json,278,0.731000
on,run_08.json,279,1.451000
on,run_08.json,280,13.046000
on,run_08.json,281,0.689000
on,run_08.json,282,0.968000
on,run_08.json,283,0.679000
on,run_08.json,284,2.247000
on,run_08.json,285,13.254000
on,run_08.json,286,0.682000
on,run_08.json,287,1.035000
on,run_08.json,288,0.683000
on,run_08.json,289,2.233000
on,run_08.json,290,12.231000
on,run_08.json,291,0.902000
on,run_08.json,292,1.179000
on,run_08.json,293,1.836000
on,run_08.json,294,13.447000
on,run_08.json,295,0.991000
on,run_08.json,296,0.947000
on,run_08.json,297,1.518000
on,run_08.json,298,1.714000
on,run_08.json,299,11.286000
on,run_08.json,300,0.831000
on,run_08.json,301,0.917000
on,run_08.json,302,1.956000
on,run_08.json,303,0.706000
on,run_08.json,304,10.358000
on,run_08.json,305,0.788000
on,run_08.json,306,0.984000
on,run_08.json,307,0.701000
on,run_08.json,308,1.633000
on,run_08.json,309,0.738000
on,run_08.json,310,11.593000
on,run_08.json,311,0.691000
on,run_08.json,312,1.136000
on,run_08.json,313,1.699000
on,run_08.json,314,0.689000
on,run_08.json,315,0.718000
on,run_08.json,316,11.824000
on,run_08.json,317,0.691000
on,run_08.json,318,0.995000
on,run_08.json,319,0.654000
on,run_08.json,320,1.541000
on,run_08.json,321,0.643000
on,run_08.json,322,1.329000
on,run_08.json,323,10.664000
on,run_08.json,324,0.660000
on,run_08.json,325,1.012000
on,run_08.json,326,0.670000
on,run_08.json,327,1.453000
on,run_08.json,328,0.698000
on,run_08.json,329,1.349000
on,run_08.json,330,14.955000
on,run_08.json,331,0.719000
on,run_08.json,332,0.956000
on,run_08.json,333,0.721000
on,run_08.json,334,1.459000
on,run_08.json,335,0.644000
on,run_08.json,336,1.348000
on,run_08.json,337,10.772000
on,run_08.json,338,0.662000
on,run_08.json,339,1.053000
on,run_08.json,340,1.655000
on,run_08.json,341,0.694000
on,run_08.json,342,0.694000
on,run_08.json,343,1.275000
on,run_08.json,344,10.581000
on,run_08.json,345,0.640000
on,run_08.json,346,1.041000
on,run_08.json,347,0.645000
on,run_08.json,348,1.483000
on,run_08.json,349,0.684000
on,run_08.json,350,1.283000
on,run_08.json,351,10.829000
on,run_08.json,352,0.629000
on,run_08.json,353,1.047000
on,run_08.json,354,0.617000
on,run_08.json,355,1.523000
on,run_08.json,356,0.692000
on,run_08.json,357,1.262000
on,run_08.json,358,10.852000
on,run_08.json,359,0.661000
on,run_08.json,360,0.974000
on,run_08.json,361,0.661000
on,run_08.json,362,1.549000
on,run_08.json,363,1.963000
on,run_08.json,364,10.757000
on,run_08.json,365,0.645000
on,run_08.json,366,1.184000
on,run_08.json,367,0.657000
on,run_08.json,368,1.470000
on,run_08.json,369,0.700000
on,run_08.json,370,1.380000
on,run_08.json,371,10.277000
on,run_08.json,372,0.716000
on,run_08.json,373,2.502000
on,run_08.json,374,0.129000
on,run_08.json,375,0.692000
on,run_08.json,376,0.603000
on,run_08.json,377,1.352000
on,run_08.json,378,10.491000
on,run_08.json,379,0.751000
on,run_08.json,380,1.041000
on,run_08.json,381,1.556000
on,run_08.json,382,0.660000
on,run_08.json,383,0.661000
on,run_08.json,384,1.285000
on,run_08.json,385,10.292000
on,run_08.json,386,0.637000
on,run_08.json,387,0.956000
on,run_08.json,388,0.611000
on,run_08.json,389,1.506000
on,run_08.json,390,0.574000
on,run_08.json,391,1.303000
on,run_08.json,392,9.488000
on,run_08.json,393,0.642000
on,run_08.json,394,1.125000
on,run_08.json,395,0.624000
on,run_08.json,396,1.479000
on,run_08.json,397,0.671000
on,run_08.json,398,1.339000
on,run_08.json,399,9.552000
on,run_08.json,400,0.606000
on,run_08.json,401,0.946000
on,run_08.json,402,0.601000
on,run_08.json,403,1.503000
on,run_08.json,404,0.703000
on,run_08.json,405,1.351000
on,run_08.json,406,11.790000
on,run_08.json,407,0.671000
on,run_08.json,408,1.153000
on,run_08.json,409,0.727000
on,run_08.json,410,1.393000
on,run_08.json,411,0.643000
on,run_08.json,412,1.414000
on,run_08.json,413,11.803000
on,run_08.json,414,0.665000
on,run_08.json,415,0.948000
on,run_08.json,416,0.663000
on,run_08.json,417,1.552000
on,run_08.json,418,0.693000
on,run_08.json,419,1.379000
on,run_08.json,420,10.433000
on,run_08.json,421,0.670000
on,run_08.json,422,1.078000
on,run_08.json,423,0.677000
on,run_08.json,424,1.446000
on,run_08.json,425,0.691000
on,run_08.json,426,1.576000
on,run_08.json,427,10.322000
on,run_08.json,428,0.813000
on,run_08.json,429,1.035000
on,run_08.json,430,1.678000
on,run_08.json,431,0.708000
on,run_08.json,432,0.675000
on,run_08.json,433,11.980000
on,run_08.json,434,0.700000
on,run_08.json,435,0.896000
on,run_08.json,436,0.663000
on,run_08.json,437,1.537000
on,run_08.json,438,0.613000
on,run_08.json,439,1.473000
on,run_08.json,440,10.994000
on,run_08.json,441,0.632000
on,run_08.json,442,0.952000
on,run_08.json,443,0.643000
on,run_08.json,444,1.511000
on,run_08.json,445,0.800000
on,run_08.json,446,1.521000
on,run_08.json,447,10.866000
on,run_08.json,448,0.644000
on,run_08.json,449,1.016000
on,run_08.json,450,0.656000
on,run_08.json,451,1.466000
on,run_08.json,452,0.803000
on,run_08.json,453,1.512000
on,run_08.json,454,10.580000
on,run_08.json,455,0.734000
on,run_08.json,456,0.942000
on,run_08.json,457,0.672000
on,run_08.json,458,1.473000
on,run_08.json,459,0.679000
on,run_08.json,460,1.452000
on,run_08.json,461,11.186000
on,run_08.json,462,0.669000
on,run_08.json,463,0.946000
on,run_08.json,464,0.630000
on,run_08.json,465,1.537000
on,run_08.json,466,0.678000
on,run_08.json,467,1.600000
on,run_08.json,468,11.150000
on,run_08.json,469,0.758000
on,run_08.json,470,1.061000
on,run_08.json,471,0.691000
on,run_08.json,472,1.490000
on,run_08.json,473,0.612000
on,run_08.json,474,1.490000
on,run_08.json,475,10.868000
on,run_08.json,476,0.771000
on,run_08.json,477,0.926000
on,run_08.json,478,0.676000
on,run_08.json,479,1.421000
on,run_08.json,480,0.644000
on,run_08.json,481,1.283000
on,run_08.json,482,11.012000
on,run_08.json,483,0.680000
on,run_08.json,484,0.899000
on,run_08.json,485,0.607000
on,run_08.json,486,1.504000
on,run_08.json,487,0.612000
on,run_08.json,488,1.280000
on,run_08.json,489,9.332000
on,run_08.json,490,0.706000
on,run_08.json,491,0.983000
on,run_08.json,492,0.703000
on,run_08.json,493,1.456000
on,run_08.json,494,0.667000
on,run_08.json,495,1.252000
on,run_08.json,496,9.319000
on,run_08.json,497,0.659000
on,run_08.json,498,0.993000
on,run_08.json,499,0.657000
on,run_08.json,500,1.544000
on,run_08.json,501,0.622000
on,run_08.json,502,1.373000
on,run_08.json,503,10.597000
on,run_08.json,504,0.666000
on,run_08.json,505,0.941000
on,run_08.json,506,0.637000
on,run_08.json,507,1.524000
on,run_08.json,508,0.623000
on,run_08.json,509,1.308000
on,run_08.json,510,10.969000
on,run_08.json,511,0.611000
on,run_08.json,512,1.055000
on,run_08.json,513,0.694000
on,run_08.json,514,1.415000
on,run_08.json,515,0.651000
on,run_08.json,516,1.266000
on,run_08.json,517,11.124000
on,run_08.json,518,0.697000
on,run_08.json,519,0.960000
on,run_08.json,520,0.681000
on,run_08.json,521,1.500000
on,run_08.json,522,0.590000
on,run_08.json,523,1.197000
on,run_08.json,524,11.032000
on,run_08.json,525,0.662000
on,run_08.json,526,0.979000
on,run_08.json,527,0.596000
on,run_08.json,528,1.551000
on,run_08.json,529,0.617000
on,run_08.json,530,1.314000
on,run_08.json,531,10.859000
on,run_08.json,532,0.702000
on,run_08.json,533,0.955000
on,run_08.json,534,0.654000
on,run_08.json,535,1.448000
on,run_08.json,536,0.674000
on,run_08.json,537,1.352000
on,run_08.json,538,12.218000
on,run_08.json,539,0.712000
on,run_08.json,540,0.964000
on,run_08.json,541,0.711000
on,run_08.json,542,1.380000
on,run_08.json,543,0.717000
on,run_08.json,544,1.330000
on,run_08.json,545,11.429000
on,run_08.json,546,0.608000
on,run_08.json,547,0.944000
on,run_08.json,548,0.626000
on,run_08.json,549,1.477000
on,run_08.json,550,0.625000
on,run_08.json,551,1.394000
on,run_08.json,552,11.938000
on,run_08.json,553,0.787000
on,run_08.json,554,1.077000
on,run_08.json,555,1.893000
on,run_08.json,556,0.839000
on,run_08.json,557,1.464000
on,run_08.json,558,10.960000
on,run_08.json,559,0.845000
on,run_08.json,560,1.047000
on,run_08.json,561,1.696000
on,run_08.json,562,0.850000
on,run_08.json,563,1.554000
on,run_08.json,564,11.022000
on,run_08.json,565,0.711000
on,run_08.json,566,0.988000
on,run_08.json,567,0.723000
on,run_08.json,568,1.525000
on,run_08.json,569,0.715000
on,run_08.json,570,1.381000
on,run_08.json,571,11.326000
on,run_08.json,572,0.747000
on,run_08.json,573,0.916000
on,run_08.json,574,0.726000
on,run_08.json,575,1.579000
on,run_08.json,576,0.746000
on,run_08.json,577,1.350000
on,run_08.json,578,10.728000
on,run_08.json,579,0.722000
on,run_08.json,580,0.960000
on,run_08.json,581,0.693000
on,run_08.json,582,1.602000
on,run_08.json,583,0.684000
on,run_08.json,584,1.348000
on,run_08.json,585,10.920000
on,run_08.json,586,0.713000
on,run_08.json,587,1.022000
on,run_08.json,588,0.789000
on,run_08.json,589,1.465000
on,run_08.json,590,0.691000
on,run_08.json,591,1.384000
on,run_08.json,592,10.725000
on,run_08.json,593,0.838000
on,run_08.json,594,0.854000
on,run_08.json,595,0.686000
on,run_08.json,596,1.555000
on,run_08.json,597,0.675000
on,run_08.json,598,10.582000
on,run_08.json,599,0.658000
on,run_08.json,600,1.084000
on,run_08.json,601,0.735000
on,run_08.json,602,1.483000
on,run_08.json,603,0.715000
on,run_08.json,604,1.415000
on,run_08.json,605,10.303000
on,run_08.json,606,0.670000
on,run_08.json,607,1.056000
on,run_08.json,608,0.653000
on,run_08.json,609,1.592000
on,run_08.json,610,0.660000
on,run_08.json,611,1.314000
on,run_08.json,612,10.114000
on,run_08.json,613,0.712000
on,run_08.json,614,1.016000
on,run_08.json,615,1.744000
on,run_08.json,616,0.850000
on,run_08.json,617,1.414000
on,run_08.json,618,10.695000
on,run_08.json,619,0.919000
on,run_08.json,620,0.987000
on,run_08.json,621,1.504000
on,run_08.json,622,0.705000
on,run_08.json,623,0.737000
on,run_08.json,624,10.239000
on,run_08.json,625,0.654000
on,run_08.json,626,1.000000
on,run_08.json,627,0.669000
on,run_08.json,628,1.483000
on,run_08.json,629,0.656000
on,run_08.json,630,1.269000
on,run_08.json,631,10.373000
on,run_08.json,632,0.970000
on,run_08.json,633,0.778000
on,run_08.json,634,1.728000
on,run_08.json,635,0.680000
on,run_08.json,636,0.634000
on,run_08.json,637,11.952000
on,run_08.json,638,0.655000
on,run_08.json,639,1.061000
on,run_08.json,640,0.682000
on,run_08.json,641,1.511000
on,run_08.json,642,0.765000
on,run_08.json,643,11.875000
on,run_08.json,644,0.657000
on,run_08.json,645,0.960000
on,run_08.json,646,0.656000
on,run_08.json,647,1.562000
on,run_08.json,648,0.668000
on,run_08.json,649,1.373000
on,run_08.json,650,10.645000
on,run_08.json,651,0.857000
on,run_08.json,652,1.092000
on,run_08.json,653,1.657000
on,run_08.json,654,0.745000
on,run_08.json,655,1.335000
on,run_08.json,656,11.332000
on,run_08.json,657,0.962000
on,run_08.json,658,0.995000
on,run_08.json,659,1.543000
on,run_08.json,660,0.902000
on,run_08.json,661,1.357000
on,run_08.json,662,10.666000
on,run_08.json,663,0.835000
on,run_08.json,664,0.738000
on,run_08.json,665,0.636000
on,run_08.json,666,1.540000
on,run_08.json,667,0.591000
on,run_08.json,668,1.346000
on,run_08.json,669,11.046000
on,run_08.json,670,0.739000
on,run_08.json,671,1.073000
on,run_08.json,672,1.523000
on,run_08.json,673,0.699000
on,run_08.json,674,0.681000
on,run_08.json,675,1.385000
on,run_08.json,676,10.508000
on,run_08.json,677,0.658000
on,run_08.json,678,0.982000
on,run_08.json,679,1.696000
on,run_08.json,680,0.692000
on,run_08.json,681,0.600000
on,run_08.json,682,12.020000
on,run_08.json,683,0.678000
on,run_08.json,684,0.990000
on,run_08.json,685,1.731000
on,run_08.json,686,0.696000
on,run_08.json,687,0.713000
on,run_08.json,688,12.079000
on,run_08.json,689,0.818000
on,run_08.json,690,0.760000
on,run_08.json,691,1.762000
on,run_08.json,692,0.711000
on,run_08.json,693,0.640000
on,run_08.json,694,1.339000
on,run_08.json,695,10.690000
on,run_08.json,696,0.838000
on,run_08.json,697,1.069000
on,run_08.json,698,1.358000
on,run_08.json,699,0.661000
on,run_08.json,700,0.688000
on,run_08.json,701,1.388000
on,run_08.json,702,10.557000
on,run_08.json,703,0.751000
on,run_08.json,704,2.257000
on,run_08.json,705,0.646000
on,run_08.json,706,0.640000
on,run_08.json,707,0.673000
on,run_08.json,708,0.655000
on,run_08.json,709,1.276000
on,run_08.json,710,9.800000
on,run_08.json,711,0.840000
on,run_08.json,712,0.852000
on,run_08.json,713,1.631000
on,run_08.json,714,0.677000
on,run_08.json,715,2.013000
on,run_08.json,716,10.678000
on,run_08.json,717,0.678000
on,run_08.json,718,0.917000
on,run_08.json,719,0.603000
on,run_08.json,720,1.520000
on,run_08.json,721,0.589000
on,run_08.json,722,1.531000
on,run_08.json,723,10.815000
on,run_08.json,724,0.761000
on,run_08.json,725,0.931000
on,run_08.json,726,1.658000
on,run_08.json,727,0.716000
on,run_08.json,728,0.713000
on,run_08.json,729,0.739000
on,run_08.json,730,1.295000
on,run_08.json,731,9.599000
on,run_08.json,732,0.770000
on,run_08.json,733,1.049000
on,run_08.json,734,1.551000
on,run_08.json,735,0.757000
on,run_08.json,736,0.709000
on,run_08.json,737,0.766000
on,run_08.json,738,1.352000
on,run_08.json,739,9.894000
on,run_08.json,740,0.828000
on,run_08.json,741,1.157000
on,run_08.json,742,1.443000
on,run_08.json,743,0.681000
on,run_08.json,744,0.798000
on,run_08.json,745,0.740000
on,run_08.json,746,1.426000
on,run_08.json,747,9.473000
on,run_08.json,748,0.730000
on,run_08.json,749,1.010000
on,run_08.json,750,1.579000
on,run_08.json,751,0.705000
on,run_08.json,752,0.719000
on,run_08.json,753,0.680000
on,run_08.json,754,1.375000
on,run_08.json,755,9.883000
on,run_08.json,756,0.830000
on,run_08.json,757,1.087000
on,run_08.json,758,1.578000
on,run_08.json,759,0.730000
on,run_08.json,760,0.738000
on,run_08.json,761,0.677000
on,run_08.json,762,1.349000
on,run_08.json,763,9.742000
on,run_08.json,764,0.905000
on,run_08.json,765,0.953000
on,run_08.json,766,1.584000
on,run_08.json,767,0.662000
on,run_08.json,768,0.691000
on,run_08.json,769,0.719000
on,run_08.json,770,1.387000
on,run_08.json,771,9.571000
on,run_08.json,772,0.707000
on,run_08.json,773,1.041000
on,run_08.json,774,0.668000
on,run_08.json,775,1.615000
on,run_08.json,776,0.735000
on,run_08.json,777,0.692000
on,run_08.json,778,1.409000
on,run_08.json,779,9.868000
on,run_08.json,780,0.761000
on,run_08.json,781,0.934000
on,run_08.json,782,0.734000
on,run_08.json,783,1.569000
on,run_08.json,784,0.696000
on,run_08.json,785,0.735000
on,run_08.json,786,1.496000
on,run_08.json,787,9.701000
on,run_08.json,788,0.839000
on,run_08.json,789,1.033000
on,run_08.json,790,1.794000
on,run_08.json,791,0.866000
on,run_08.json,792,0.703000
on,run_08.json,793,1.368000
on,run_08.json,794,10.385000
on,run_08.json,795,0.767000
on,run_08.json,796,1.088000
on,run_08.json,797,1.644000
on,run_08.json,798,0.665000
on,run_08.json,799,0.743000
on,run_08.json,800,0.738000
on,run_08.json,801,1.393000
on,run_08.json,802,9.566000
on,run_08.json,803,0.837000
on,run_08.json,804,1.056000
on,run_08.json,805,1.663000
on,run_08.json,806,0.707000
on,run_08.json,807,0.703000
on,run_08.json,808,0.652000
on,run_08.json,809,11.954000
on,run_08.json,810,0.864000
on,run_08.json,811,0.972000
on,run_08.json,812,1.640000
on,run_08.json,813,0.741000
on,run_08.json,814,0.818000
on,run_08.json,815,0.731000
on,run_08.json,816,1.481000
on,run_08.json,817,9.666000
on,run_08.json,818,0.742000
on,run_08.json,819,1.156000
on,run_08.json,820,1.731000
on,run_08.json,821,0.829000
on,run_08.json,822,0.734000
on,run_08.json,823,1.495000
on,run_08.json,824,10.571000
on,run_08.json,825,0.770000
on,run_08.json,826,1.007000
on,run_08.json,827,0.790000
on,run_08.json,828,1.610000
on,run_08.json,829,0.771000
on,run_08.json,830,0.805000
on,run_08.json,831,1.436000
on,run_08.json,832,7.874000
on,run_08.json,833,0.754000
on,run_08.json,834,1.010000
on,run_08.json,835,0.800000
on,run_08.json,836,1.751000
on,run_08.json,837,0.804000
on,run_08.json,838,0.756000
on,run_08.json,839,10.534000
on,run_08.json,840,0.809000
on,run_08.json,841,0.959000
on,run_08.json,842,1.726000
on,run_08.json,843,0.761000
on,run_08.json,844,0.773000
on,run_08.json,845,0.748000
on,run_08.json,846,10.934000
on,run_08.json,847,0.855000
on,run_08.json,848,0.933000
on,run_08.json,849,1.942000
on,run_08.json,850,0.897000
on,run_08.json,851,0.736000
on,run_08.json,852,1.813000
on,run_08.json,853,13.243000
on,run_08.json,854,0.738000
on,run_08.json,855,1.025000
on,run_08.json,856,0.683000
on,run_08.json,857,1.643000
on,run_08.json,858,0.673000
on,run_08.json,859,0.726000
on,run_08.json,860,1.460000
on,run_08.json,861,9.751000
on,run_08.json,862,0.682000
on,run_08.json,863,1.052000
on,run_08.json,864,0.678000
on,run_08.json,865,1.637000
on,run_08.json,866,0.676000
on,run_08.json,867,0.681000
on,run_08.json,868,1.449000
on,run_08.json,869,9.765000
on,run_08.json,870,0.719000
on,run_08.json,871,0.955000
on,run_08.json,872,0.723000
on,run_08.json,873,1.512000
on,run_08.json,874,0.730000
on,run_08.json,875,0.691000
on,run_08.json,876,1.300000
on,run_08.json,877,9.979000
on,run_08.json,878,0.795000
on,run_08.json,879,0.919000
on,run_08.json,880,0.636000
on,run_08.json,881,1.647000
on,run_08.json,882,0.724000
on,run_08.json,883,0.638000
on,run_08.json,884,1.379000
on,run_08.json,885,9.776000
on,run_08.json,886,0.662000
on,run_08.json,887,1.026000
on,run_08.json,888,0.724000
on,run_08.json,889,1.596000
on,run_08.json,890,0.674000
on,run_08.json,891,0.727000
on,run_08.json,892,1.584000
on,run_08.json,893,9.655000
on,run_08.json,894,1.092000
on,run_08.json,895,1.041000
on,run_08.json,896,1.652000
on,run_08.json,897,0.951000
on,run_08.json,898,0.836000
on,run_08.json,899,2.953000
on,run_08.json,900,7.821000
on,run_08.json,901,1.063000
on,run_08.json,902,0.848000
on,run_08.json,903,0.837000
on,run_08.json,904,1.583000
on,run_08.json,905,1.070000
on,run_08.json,906,1.493000
on,run_08.json,907,9.389000
on,run_08.json,908,0.752000
on,run_08.json,909,1.084000
on,run_08.json,910,0.666000
on,run_08.json,911,1.622000
on,run_08.json,912,0.698000
on,run_08.json,913,0.750000
on,run_08.json,914,1.390000
on,run_08.json,915,8.753000
on,run_08.json,916,0.780000
on,run_08.json,917,0.956000
on,run_08.json,918,0.741000
on,run_08.json,919,1.484000
on,run_08.json,920,0.671000
on,run_08.json,921,0.713000
on,run_08.json,922,1.394000
on,run_08.json,923,8.162000
on,run_08.json,924,0.778000
on,run_08.json,925,1.091000
on,run_08.json,926,1.631000
on,run_08.json,927,0.853000
on,run_08.json,928,0.853000
on,run_08.json,929,0.684000
on,run_08.json,930,11.566000
on,run_08.json,931,1.012000
on,run_08.json,932,0.932000
on,run_08.json,933,1.582000
on,run_08.json,934,0.934000
on,run_08.json,935,0.917000
on,run_08.json,936,1.599000
on,run_08.json,937,10.727000
on,run_08.json,938,0.813000
on,run_08.json,939,1.042000
on,run_08.json,940,1.565000
on,run_08.json,941,0.782000
on,run_08.json,942,0.710000
on,run_08.json,943,0.797000
on,run_08.json,944,10.643000
on,run_08.json,945,0.819000
on,run_08.json,946,1.043000
on,run_08.json,947,1.577000
on,run_08.json,948,0.759000
on,run_08.json,949,0.722000
on,run_08.json,950,0.750000
on,run_08.json,951,10.558000
on,run_08.json,952,0.697000
on,run_08.json,953,1.097000
on,run_08.json,954,0.646000
on,run_08.json,955,1.697000
on,run_08.json,956,0.738000
on,run_08.json,957,0.781000
on,run_08.json,958,1.477000
on,run_08.json,959,9.659000
on,run_08.json,960,0.658000
on,run_08.json,961,1.124000
on,run_08.json,962,0.677000
on,run_08.json,963,1.664000
on,run_08.json,964,0.722000
on,run_08.json,965,0.680000
on,run_08.json,966,1.346000
on,run_08.json,967,10.124000
on,run_08.json,968,0.688000
on,run_08.json,969,1.058000
on,run_08.json,970,1.746000
on,run_08.json,971,0.682000
on,run_08.json,972,0.727000
on,run_08.json,973,0.759000
on,run_08.json,974,1.293000
on,run_08.json,975,9.858000
on,run_08.json,976,0.789000
on,run_08.json,977,1.017000
on,run_08.json,978,1.603000
on,run_08.json,979,0.765000
on,run_08.json,980,0.776000
on,run_08.json,981,0.677000
on,run_08.json,982,1.349000
on,run_08.json,983,10.152000
on,run_08.json,984,0.937000
on,run_08.json,985,1.035000
on,run_08.json,986,1.465000
on,run_08.json,987,0.757000
on,run_08.json,988,0.745000
on,run_08.json,989,0.709000
on,run_08.json,990,1.269000
on,run_08.json,991,10.318000
on,run_08.json,992,0.654000
on,run_08.json,993,1.070000
on,run_08.json,994,0.749000
on,run_08.json,995,1.583000
on,run_08.json,996,0.720000
on,run_08.json,997,0.753000
on,run_08.json,998,1.355000
on,run_08.json,999,10.215000
on,run_08.json,1000,0.671000
on,run_08.json,1001,0.991000
on,run_08.json,1002,0.691000
on,run_08.json,1003,1.610000
on,run_08.json,1004,0.690000
on,run_08.json,1005,0.641000
on,run_08.json,1006,1.270000
on,run_08.json,1007,9.746000
on,run_08.json,1008,0.639000
on,run_08.json,1009,0.984000
on,run_08.json,1010,0.668000
on,run_08.json,1011,1.529000
on,run_08.json,1012,0.672000
on,run_08.json,1013,0.719000
on,run_08.json,1014,1.462000
on,run_08.json,1015,8.358000
on,run_08.json,1016,0.657000
on,run_08.json,1017,1.062000
on,run_08.json,1018,0.710000
on,run_08.json,1019,1.644000
on,run_08.json,1020,0.644000
on,run_08.json,1021,0.721000
on,run_08.json,1022,1.371000
on,run_08.json,1023,8.407000
on,run_08.json,1024,0.751000
on,run_08.json,1025,1.041000
on,run_08.json,1026,1.681000
on,run_08.json,1027,0.752000
on,run_08.json,1028,0.661000
on,run_08.json,1029,0.619000
on,run_08.json,1030,1.365000
on,run_08.json,1031,9.764000
on,run_08.json,1032,0.742000
on,run_08.json,1033,1.059000
on,run_08.json,1034,0.726000
on,run_08.json,1035,1.572000
on,run_08.json,1036,0.666000
on,run_08.json,1037,0.703000
on,run_08.json,1038,1.422000
on,run_08.json,1039,9.878000
on,run_08.json,1040,0.671000
on,run_08.json,1041,1.085000
on,run_08.json,1042,0.741000
on,run_08.json,1043,1.630000
on,run_08.json,1044,0.672000
on,run_08.json,1045,1.853000
on,run_08.json,1046,10.051000
on,run_08.json,1047,0.701000
on,run_08.json,1048,1.027000
on,run_08.json,1049,0.654000
on,run_08.json,1050,1.653000
on,run_08.json,1051,0.661000
on,run_08.json,1052,0.681000
on,run_08.json,1053,1.392000
on,run_08.json,1054,9.844000
on,run_08.json,1055,0.779000
on,run_08.json,1056,2.420000
on,run_08.json,1057,0.643000
on,run_08.json,1058,0.864000
on,run_08.json,1059,0.850000
on,run_08.json,1060,1.504000
on,run_08.json,1061,11.103000
on,run_08.json,1062,0.746000
on,run_08.json,1063,1.094000
on,run_08.json,1064,1.720000
on,run_08.json,1065,0.814000
on,run_08.json,1066,0.767000
on,run_08.json,1067,1.376000
on,run_08.json,1068,10.691000
on,run_08.json,1069,0.806000
on,run_08.json,1070,1.061000
on,run_08.json,1071,1.820000
on,run_08.json,1072,0.706000
on,run_08.json,1073,0.660000
on,run_08.json,1074,0.671000
on,run_08.json,1075,11.728000
on,run_08.json,1076,0.697000
on,run_08.json,1077,1.177000
on,run_08.json,1078,1.632000
on,run_08.json,1079,0.779000
on,run_08.json,1080,0.728000
on,run_08.json,1081,0.744000
on,run_08.json,1082,1.429000
on,run_08.json,1083,9.874000
on,run_08.json,1084,0.819000
on,run_08.json,1085,1.079000
on,run_08.json,1086,1.632000
on,run_08.json,1087,0.809000
on,run_08.json,1088,0.740000
on,run_08.json,1089,0.712000
on,run_08.json,1090,11.472000
on,run_08.json,1091,0.845000
on,run_08.json,1092,1.025000
on,run_08.json,1093,1.775000
on,run_08.json,1094,0.889000
on,run_08.json,1095,0.871000
on,run_08.json,1096,1.536000
on,run_08.json,1097,10.260000
on,run_08.json,1098,0.973000
on,run_08.json,1099,1.017000
on,run_08.json,1100,1.496000
on,run_08.json,1101,0.867000
on,run_08.json,1102,0.844000
on,run_08.json,1103,1.445000
on,run_08.json,1104,10.290000
on,run_08.json,1105,0.775000
on,run_08.json,1106,1.077000
on,run_08.json,1107,1.686000
on,run_08.json,1108,0.813000
on,run_08.json,1109,0.717000
on,run_08.json,1110,0.678000
on,run_08.json,1111,1.344000
on,run_08.json,1112,9.565000
on,run_08.json,1113,0.737000
on,run_08.json,1114,0.991000
on,run_08.json,1115,0.776000
on,run_08.json,1116,1.569000
on,run_08.json,1117,0.631000
on,run_08.json,1118,0.704000
on,run_08.json,1119,1.366000
on,run_08.json,1120,9.510000
on,run_08.json,1121,0.755000
on,run_08.json,1122,1.160000
on,run_08.json,1123,1.615000
on,run_08.json,1124,0.663000
on,run_08.json,1125,0.662000
on,run_08.json,1126,0.620000
on,run_08.json,1127,1.456000
on,run_08.json,1128,8.577000
on,run_08.json,1129,0.691000
on,run_08.json,1130,0.998000
on,run_08.json,1131,0.726000
on,run_08.json,1132,1.541000
on,run_08.json,1133,0.733000
on,run_08.json,1134,0.738000
on,run_08.json,1135,1.393000
on,run_08.json,1136,9.212000
on,run_08.json,1137,0.704000
on,run_08.json,1138,1.024000
on,run_08.json,1139,1.726000
on,run_08.json,1140,0.683000
on,run_08.json,1141,0.742000
on,run_08.json,1142,0.722000
on,run_08.json,1143,1.324000
on,run_08.json,1144,9.230000
on,run_08.json,1145,0.850000
on,run_08.json,1146,0.844000
on,run_08.json,1147,1.707000
on,run_08.json,1148,0.720000
on,run_08.json,1149,0.669000
on,run_08.json,1150,0.673000
on,run_08.json,1151,1.359000
on,run_08.json,1152,8.134000
on,run_08.json,1153,0.711000
on,run_08.json,1154,1.208000
on,run_08.json,1155,1.570000
on,run_08.json,1156,0.679000
on,run_08.json,1157,0.728000
on,run_08.json,1158,0.714000
on,run_08.json,1159,10.821000
on,run_08.json,1160,0.760000
on,run_08.json,1161,1.006000
on,run_08.json,1162,1.702000
on,run_08.json,1163,0.720000
on,run_08.json,1164,0.677000
on,run_08.json,1165,0.710000
on,run_08.json,1166,1.402000
on,run_08.json,1167,9.751000
on,run_08.json,1168,0.735000
on,run_08.json,1169,0.976000
on,run_08.json,1170,1.798000
on,run_08.json,1171,0.780000
on,run_08.json,1172,0.672000
on,run_08.json,1173,0.694000
on,run_08.json,1174,1.399000
on,run_08.json,1175,9.649000
on,run_08.json,1176,0.902000
on,run_08.json,1177,0.940000
on,run_08.json,1178,1.654000
on,run_08.json,1179,0.627000
on,run_08.json,1180,0.690000
on,run_08.json,1181,0.618000
on,run_08.json,1182,1.408000
on,run_08.json,1183,9.741000
on,run_08.json,1184,0.619000
on,run_08.json,1185,1.028000
on,run_08.json,1186,0.622000
on,run_08.json,1187,0.666000
on,run_08.json,1188,1.508000
on,run_08.json,1189,0.648000
on,run_08.json,1190,0.754000
on,run_08.json,1191,11.101000
on,run_08.json,1192,1.340000
on,run_08.json,1193,0.816000
on,run_08.json,1194,1.035000
on,run_08.json,1195,1.776000
on,run_08.json,1196,0.757000
on,run_08.json,1197,10.805000
on,run_08.json,1198,0.800000
on,run_08.json,1199,1.109000
on,run_08.json,1200,1.828000
on,run_08.json,1201,0.841000
on,run_08.json,1202,0.835000
on,run_08.json,1203,1.300000
on,run_08.json,1204,9.973000
on,run_08.json,1205,0.696000
on,run_08.json,1206,0.982000
on,run_08.json,1207,0.624000
on,run_08.json,1208,1.606000
on,run_08.json,1209,0.741000
on,run_08.json,1210,0.573000
on,run_08.json,1211,1.274000
on,run_08.json,1212,9.929000
on,run_08.json,1213,0.629000
on,run_08.json,1214,1.024000
on,run_08.json,1215,1.725000
on,run_08.json,1216,0.709000
on,run_08.json,1217,0.674000
on,run_08.json,1218,0.670000
on,run_08.json,1219,1.262000
on,run_08.json,1220,9.961000
on,run_08.json,1221,0.705000
on,run_08.json,1222,0.988000
on,run_08.json,1223,1.813000
on,run_08.json,1224,0.929000
on,run_08.json,1225,0.655000
on,run_08.json,1226,0.666000
on,run_08.json,1227,1.290000
on,run_08.json,1228,9.541000
on,run_08.json,1229,0.647000
on,run_08.json,1230,0.890000
on,run_08.json,1231,0.610000
on,run_08.json,1232,1.518000
on,run_08.json,1233,0.650000
on,run_08.json,1234,0.643000
on,run_08.json,1235,0.567000
on,run_08.json,1236,1.329000
on,run_08.json,1237,10.059000
on,run_08.json,1238,0.609000
on,run_08.json,1239,0.944000
on,run_08.json,1240,0.635000
on,run_08.json,1241,1.482000
on,run_08.json,1242,0.655000
on,run_08.json,1243,0.652000
on,run_08.json,1244,0.565000
on,run_08.json,1245,1.484000
on,run_08.json,1246,9.461000
on,run_08.json,1247,0.626000
on,run_08.json,1248,1.000000
on,run_08.json,1249,0.602000
on,run_08.json,1250,1.647000
on,run_08.json,1251,0.688000
on,run_08.json,1252,0.696000
on,run_08.json,1253,1.349000
on,run_08.json,1254,10.063000
on,run_08.json,1255,0.737000
on,run_08.json,1256,1.135000
on,run_08.json,1257,1.576000
on,run_08.json,1258,0.791000
on,run_08.json,1259,0.722000
on,run_08.json,1260,0.724000
on,run_08.json,1261,1.328000
on,run_08.json,1262,9.677000
on,run_08.json,1263,0.699000
on,run_08.json,1264,0.985000
on,run_08.json,1265,0.695000
on,run_08.json,1266,1.670000
on,run_08.json,1267,0.722000
on,run_08.json,1268,0.749000
on,run_08.json,1269,0.748000
on,run_08.json,1270,1.436000
on,run_08.json,1271,8.949000
on,run_08.json,1272,0.717000
on,run_08.json,1273,1.091000
on,run_08.json,1274,1.652000
on,run_08.json,1275,0.644000
on,run_08.json,1276,0.725000
on,run_08.json,1277,0.745000
on,run_08.json,1278,0.912000
on,run_08.json,1279,1.312000
on,run_08.json,1280,8.876000
on,run_08.json,1281,0.755000
on,run_08.json,1282,1.037000
on,run_08.json,1283,1.646000
on,run_08.json,1284,0.723000
on,run_08.json,1285,0.731000
on,run_08.json,1286,0.670000
on,run_08.json,1287,0.739000
on,run_08.json,1288,1.296000
on,run_08.json,1289,9.015000
on,run_08.json,1290,0.752000
on,run_08.json,1291,1.011000
on,run_08.json,1292,1.776000
on,run_08.json,1293,0.763000
on,run_08.json,1294,0.710000
on,run_08.json,1295,0.713000
on,run_08.json,1296,0.738000
on,run_08.json,1297,1.328000
on,run_08.json,1298,9.097000
on,run_08.json,1299,0.779000
on,run_08.json,1300,1.031000
on,run_08.json,1301,1.855000
on,run_08.json,1302,0.881000
on,run_08.json,1303,0.759000
on,run_08.json,1304,0.687000
on,run_08.json,1305,0.798000
on,run_08.json,1306,9.704000
on,run_08.json,1307,0.770000
on,run_08.json,1308,0.978000
on,run_08.json,1309,1.680000
on,run_08.json,1310,0.691000
on,run_08.json,1311,0.726000
on,run_08.json,1312,0.693000
on,run_08.json,1313,0.758000
on,run_08.json,1314,1.412000
on,run_08.json,1315,8.877000
on,run_08.json,1316,0.780000
on,run_08.json,1317,1.041000
on,run_08.json,1318,1.700000
on,run_08.json,1319,0.746000
on,run_08.json,1320,0.689000
on,run_08.json,1321,0.783000
on,run_08.json,1322,0.694000
on,run_08.json,1323,1.409000
on,run_08.json,1324,9.029000
on,run_08.json,1325,0.782000
on,run_08.json,1326,1.285000
on,run_08.json,1327,1.467000
on,run_08.json,1328,0.703000
on,run_08.json,1329,0.750000
on,run_08.json,1330,0.753000
on,run_08.json,1331,0.748000
on,run_08.json,1332,1.495000
on,run_08.json,1333,9.063000
on,run_08.json,1334,0.692000
on,run_08.json,1335,1.107000
on,run_08.json,1336,0.761000
on,run_08.json,1337,1.597000
on,run_08.json,1338,0.736000
on,run_08.json,1339,0.761000
on,run_08.json,1340,0.768000
on,run_08.json,1341,1.477000
on,run_08.json,1342,9.774000
on,run_08.json,1343,0.823000
on,run_08.json,1344,1.035000
on,run_08.json,1345,0.816000
on,run_08.json,1346,1.557000
on,run_08.json,1347,0.791000
on,run_08.json,1348,0.788000
on,run_08.json,1349,0.755000
on,run_08.json,1350,1.417000
on,run_08.json,1351,8.472000
on,run_08.json,1352,0.831000
on,run_08.json,1353,1.048000
on,run_08.json,1354,1.612000
on,run_08.json,1355,0.744000
on,run_08.json,1356,0.730000
on,run_08.json,1357,0.730000
on,run_08.json,1358,0.768000
on,run_08.json,1359,1.525000
on,run_08.json,1360,7.350000
on,run_08.json,1361,0.749000
on,run_08.json,1362,1.143000
on,run_08.json,1363,1.622000
on,run_08.json,1364,0.730000
on,run_08.json,1365,0.802000
on,run_08.json,1366,0.763000
on,run_08.json,1367,0.681000
on,run_08.json,1368,1.422000
on,run_08.json,1369,8.859000
on,run_08.json,1370,0.694000
on,run_08.json,1371,1.054000
on,run_08.json,1372,0.770000
on,run_08.json,1373,1.557000
on,run_08.json,1374,0.677000
on,run_08.json,1375,0.723000
on,run_08.json,1376,0.721000
on,run_08.json,1377,0.666000
on,run_08.json,1378,13.555000
on,run_08.json,1379,0.834000
on,run_08.json,1380,1.020000
on,run_08.json,1381,1.760000
on,run_08.json,1382,0.822000
on,run_08.json,1383,0.777000
on,run_08.json,1384,0.708000
on,run_08.json,1385,0.700000
on,run_08.json,1386,2.693000
on,run_08.json,1387,7.478000
on,run_08.json,1388,0.775000
on,run_08.json,1389,1.066000
on,run_08.json,1390,1.544000
on,run_08.json,1391,0.691000
on,run_08.json,1392,0.690000
on,run_08.json,1393,0.643000
on,run_08.json,1394,0.692000
on,run_08.json,1395,0.685000
on,run_08.json,1396,9.859000
on,run_08.json,1397,2.176000
on,run_08.json,1398,1.147000
on,run_08.json,1399,0.695000
on,run_08.json,1400,0.732000
on,run_08.json,1401,0.720000
on,run_08.json,1402,0.781000
on,run_08.json,1403,0.682000
on,run_08.json,1404,9.826000
on,run_08.json,1405,0.917000
on,run_08.json,1406,0.972000
on,run_08.json,1407,1.790000
on,run_08.json,1408,0.796000
on,run_08.json,1409,0.755000
on,run_08.json,1410,0.716000
on,run_08.json,1411,0.700000
on,run_08.json,1412,9.669000
on,run_08.json,1413,0.728000
on,run_08.json,1414,1.040000
on,run_08.json,1415,1.743000
on,run_08.json,1416,0.713000
on,run_08.json,1417,0.706000
on,run_08.json,1418,0.690000
on,run_08.json,1419,0.695000
on,run_08.json,1420,1.364000
on,run_08.json,1421,8.727000
on,run_08.json,1422,0.729000
on,run_08.json,1423,1.065000
on,run_08.json,1424,1.542000
on,run_08.json,1425,0.701000
on,run_08.json,1426,0.707000
on,run_08.json,1427,0.675000
on,run_08.json,1428,0.640000
on,run_08.json,1429,0.678000
on,run_08.json,1430,9.615000
on,run_08.json,1431,0.668000
on,run_08.json,1432,1.008000
on,run_08.json,1433,1.785000
on,run_08.json,1434,0.604000
on,run_08.json,1435,0.677000
on,run_08.json,1436,0.637000
on,run_08.json,1437,0.595000
on,run_08.json,1438,0.656000
on,run_08.json,1439,1.375000
on,run_08.json,1440,7.361000
on,run_08.json,1441,0.647000
on,run_08.json,1442,1.014000
on,run_08.json,1443,0.644000
on,run_08.json,1444,1.584000
on,run_08.json,1445,0.629000
on,run_08.json,1446,0.680000
on,run_08.json,1447,0.690000
on,run_08.json,1448,0.634000
on,run_08.json,1449,1.307000
on,run_08.json,1450,7.150000
on,run_08.json,1451,0.696000
on,run_08.json,1452,1.018000
on,run_08.json,1453,1.796000
on,run_08.json,1454,0.772000
on,run_08.json,1455,0.715000
on,run_08.json,1456,0.708000
on,run_08.json,1457,0.785000
on,run_08.json,1458,1.428000
on,run_08.json,1459,10.496000
on,run_08.json,1460,0.851000
on,run_08.json,1461,1.087000
on,run_08.json,1462,1.549000
on,run_08.json,1463,0.747000
on,run_08.json,1464,0.742000
on,run_08.json,1465,0.706000
on,run_08.json,1466,0.655000
on,run_08.json,1467,1.394000
on,run_08.json,1468,8.831000
on,run_08.json,1469,0.652000
on,run_08.json,1470,1.077000
on,run_08.json,1471,1.686000
on,run_08.json,1472,0.748000
on,run_08.json,1473,0.751000
on,run_08.json,1474,0.711000
on,run_08.json,1475,0.745000
on,run_08.json,1476,1.354000
on,run_08.json,1477,8.705000
on,run_08.json,1478,0.885000
on,run_08.json,1479,0.960000
on,run_08.json,1480,2.033000
on,run_08.json,1481,0.899000
on,run_08.json,1482,0.691000
on,run_08.json,1483,0.725000
on,run_08.json,1484,1.523000
on,run_08.json,1485,9.153000
on,run_08.json,1486,0.763000
on,run_08.json,1487,1.062000
on,run_08.json,1488,1.574000
on,run_08.json,1489,0.789000
on,run_08.json,1490,0.790000
on,run_08.json,1491,0.784000
on,run_08.json,1492,0.778000
on,run_08.json,1493,10.314000
on,run_08.json,1494,0.739000
on,run_08.json,1495,1.079000
on,run_08.json,1496,0.686000
on,run_08.json,1497,1.655000
on,run_08.json,1498,0.772000
on,run_08.json,1499,0.676000
on,run_08.json,1500,0.764000
on,run_08.json,1501,1.573000
on,run_08.json,1502,8.834000
on,run_08.json,1503,0.709000
on,run_08.json,1504,1.006000
on,run_08.json,1505,0.772000
on,run_08.json,1506,1.589000
on,run_08.json,1507,0.680000
on,run_08.json,1508,0.757000
on,run_08.json,1509,0.731000
on,run_08.json,1510,1.428000
on,run_08.json,1511,9.588000
on,run_08.json,1512,0.838000
on,run_08.json,1513,0.986000
on,run_08.json,1514,1.601000
on,run_08.json,1515,0.759000
on,run_08.json,1516,0.792000
on,run_08.json,1517,0.805000
on,run_08.json,1518,0.754000
on,run_08.json,1519,1.372000
on,run_08.json,1520,9.442000
on,run_08.json,1521,1.087000
on,run_08.json,1522,0.934000
on,run_08.json,1523,1.663000
on,run_08.json,1524,0.659000
on,run_08.json,1525,0.656000
on,run_08.json,1526,0.668000
on,run_08.json,1527,0.698000
on,run_08.json,1528,1.335000
on,run_08.json,1529,9.315000
on,run_08.json,1530,0.757000
on,run_08.json,1531,0.940000
on,run_08.json,1532,0.690000
on,run_08.json,1533,1.548000
on,run_08.json,1534,0.803000
on,run_08.json,1535,0.710000
on,run_08.json,1536,0.677000
on,run_08.json,1537,1.440000
on,run_08.json,1538,7.437000
on,run_08.json,1539,0.838000
on,run_08.json,1540,1.020000
on,run_08.json,1541,1.610000
on,run_08.json,1542,0.637000
on,run_08.json,1543,0.731000
on,run_08.json,1544,0.703000
on,run_08.json,1545,0.625000
on,run_08.json,1546,0.696000
on,run_08.json,1547,8.120000
on,run_08.json,1548,0.734000
on,run_08.json,1549,0.721000
on,run_08.json,1550,0.626000
on,run_08.json,1551,1.981000
on,run_08.json,1552,0.709000
on,run_08.json,1553,0.685000
on,run_08.json,1554,0.644000
on,run_08.json,1555,0.705000
on,run_08.json,1556,1.365000
on,run_08.json,1557,8.223000
on,run_08.json,1558,0.715000
on,run_08.json,1559,0.982000
on,run_08.json,1560,1.713000
on,run_08.json,1561,0.754000
on,run_08.json,1562,0.681000
on,run_08.json,1563,0.733000
on,run_08.json,1564,0.706000
on,run_08.json,1565,1.323000
on,run_08.json,1566,9.100000
on,run_08.json,1567,0.826000
on,run_08.json,1568,0.873000
on,run_08.json,1569,1.493000
on,run_08.json,1570,0.730000
on,run_08.json,1571,0.693000
on,run_08.json,1572,0.756000
on,run_08.json,1573,0.642000
on,run_08.json,1574,0.733000
on,run_08.json,1575,9.974000
on,run_08.json,1576,0.801000
on,run_08.json,1577,0.963000
on,run_08.json,1578,1.572000
on,run_08.json,1579,0.746000
on,run_08.json,1580,0.755000
on,run_08.json,1581,0.761000
on,run_08.json,1582,0.683000
on,run_08.json,1583,1.545000
on,run_08.json,1584,9.863000
on,run_08.json,1585,0.984000
on,run_08.json,1586,0.947000
on,run_08.json,1587,1.479000
on,run_08.json,1588,0.845000
on,run_08.json,1589,0.845000
on,run_08.json,1590,0.699000
on,run_08.json,1591,0.731000
on,run_08.json,1592,1.421000
on,run_08.json,1593,9.611000
on,run_08.json,1594,0.746000
on,run_08.json,1595,1.182000
on,run_08.json,1596,1.644000
on,run_08.json,1597,0.928000
on,run_08.json,1598,0.837000
on,run_08.json,1599,0.002000
on,run_09.json,0,0.791000
on,run_09.json,1,1.454000
on,run_09.json,2,0.711000
on,run_09.json,3,11.999000
on,run_09.json,4,0.802000
on,run_09.json,5,0.893000
on,run_09.json,6,0.896000
on,run_09.json,7,1.486000
on,run_09.json,8,1.521000
on,run_09.json,9,11.616000
on,run_09.json,10,0.861000
on,run_09.json,11,0.877000
on,run_09.json,12,0.860000
on,run_09.json,13,1.300000
on,run_09.json,14,0.599000
on,run_09.json,15,1.397000
on,run_09.json,16,11.520000
on,run_09.json,17,0.693000
on,run_09.json,18,0.887000
on,run_09.json,19,0.648000
on,run_09.json,20,1.525000
on,run_09.json,21,0.607000
on,run_09.json,22,1.362000
on,run_09.json,23,12.880000
on,run_09.json,24,0.592000
on,run_09.json,25,1.501000
on,run_09.json,26,0.602000
on,run_09.json,27,0.860000
on,run_09.json,28,12.643000
on,run_09.json,29,0.758000
on,run_09.json,30,0.961000
on,run_09.json,31,0.711000
on,run_09.json,32,1.448000
on,run_09.json,33,2.035000
on,run_09.json,34,10.956000
on,run_09.json,35,0.705000
on,run_09.json,36,0.940000
on,run_09.json,37,0.716000
on,run_09.json,38,1.476000
on,run_09.json,39,0.750000
on,run_09.json,40,1.414000
on,run_09.json,41,11.163000
on,run_09.json,42,0.842000
on,run_09.json,43,0.852000
on,run_09.json,44,1.746000
on,run_09.json,45,0.713000
on,run_09.json,46,1.375000
on,run_09.json,47,11.624000
on,run_09.json,48,0.664000
on,run_09.json,49,1.010000
on,run_09.json,50,0.629000
on,run_09.json,51,1.577000
on,run_09.json,52,0.612000
on,run_09.json,53,1.401000
on,run_09.json,54,11.250000
on,run_09.json,55,0.642000
on,run_09.json,56,0.978000
on,run_09.json,57,0.672000
on,run_09.json,58,1.559000
on,run_09.json,59,0.675000
on,run_09.json,60,1.304000
on,run_09.json,61,11.023000
on,run_09.json,62,0.669000
on,run_09.json,63,1.068000
on,run_09.json,64,1.585000
on,run_09.json,65,0.760000
on,run_09.json,66,0.639000
on,run_09.json,67,11.795000
on,run_09.json,68,0.620000
on,run_09.json,69,1.027000
on,run_09.json,70,0.740000
on,run_09.json,71,1.371000
on,run_09.json,72,0.641000
on,run_09.json,73,1.355000
on,run_09.json,74,10.086000
on,run_09.json,75,0.641000
on,run_09.json,76,0.975000
on,run_09.json,77,0.667000
on,run_09.json,78,1.536000
on,run_09.json,79,0.662000
on,run_09.json,80,1.321000
on,run_09.json,81,10.094000
on,run_09.json,82,0.703000
on,run_09.json,83,0.889000
on,run_09.json,84,0.591000
on,run_09.json,85,1.553000
on,run_09.json,86,0.657000
on,run_09.json,87,1.361000
on,run_09.json,88,10.249000
on,run_09.json,89,0.622000
on,run_09.json,90,1.047000
on,run_09.json,91,0.695000
on,run_09.json,92,1.512000
on,run_09.json,93,0.688000
on,run_09.json,94,1.412000
on,run_09.json,95,10.293000
on,run_09.json,96,0.718000
on,run_09.json,97,0.990000
on,run_09.json,98,1.692000
on,run_09.json,99,0.730000
on,run_09.json,100,0.669000
on,run_09.json,101,10.702000
on,run_09.json,102,0.947000
on,run_09.json,103,0.996000
on,run_09.json,104,1.726000
on,run_09.json,105,0.935000
on,run_09.json,106,1.409000
on,run_09.json,107,9.906000
on,run_09.json,108,0.691000
on,run_09.json,109,0.852000
on,run_09.json,110,0.642000
on,run_09.json,111,1.524000
on,run_09.json,112,0.651000
on,run_09.json,113,1.383000
on,run_09.json,114,10.915000
on,run_09.json,115,0.635000
on,run_09.json,116,1.001000
on,run_09.json,117,1.607000
on,run_09.json,118,0.610000
on,run_09.json,119,0.654000
on,run_09.json,120,1.352000
on,run_09.json,121,10.861000
on,run_09.json,122,0.608000
on,run_09.json,123,0.961000
on,run_09.json,124,0.640000
on,run_09.json,125,1.473000
on,run_09.json,126,0.627000
on,run_09.json,127,1.365000
on,run_09.json,128,10.834000
on,run_09.json,129,0.581000
on,run_09.json,130,0.921000
on,run_09.json,131,0.596000
on,run_09.json,132,1.481000
on,run_09.json,133,0.645000
on,run_09.json,134,0.609000
on,run_09.json,135,11.893000
on,run_09.json,136,0.636000
on,run_09.json,137,1.024000
on,run_09.json,138,0.675000
on,run_09.json,139,1.380000
on,run_09.json,140,0.634000
on,run_09.json,141,1.543000
on,run_09.json,142,10.810000
on,run_09.json,143,0.628000
on,run_09.json,144,0.897000
on,run_09.json,145,0.570000
on,run_09.json,146,1.461000
on,run_09.json,147,0.571000
on,run_09.json,148,0.637000
on,run_09.json,149,11.979000
on,run_09.json,150,0.639000
on,run_09.json,151,0.972000
on,run_09.json,152,0.573000
on,run_09.json,153,1.500000
on,run_09.json,154,0.582000
on,run_09.json,155,0.633000
on,run_09.json,156,11.778000
on,run_09.json,157,0.673000
on,run_09.json,158,0.876000
on,run_09.json,159,0.618000
on,run_09.json,160,1.523000
on,run_09.json,161,0.669000
on,run_09.json,162,1.426000
on,run_09.json,163,10.806000
on,run_09.json,164,0.654000
on,run_09.json,165,0.995000
on,run_09.json,166,0.711000
on,run_09.json,167,1.433000
on,run_09.json,168,0.608000
on,run_09.json,169,12.384000
on,run_09.json,170,0.751000
on,run_09.json,171,0.868000
on,run_09.json,172,0.668000
on,run_09.json,173,1.425000
on,run_09.json,174,0.585000
on,run_09.json,175,1.304000
on,run_09.json,176,11.013000
on,run_09.json,177,0.680000
on,run_09.json,178,1.031000
on,run_09.json,179,0.678000
on,run_09.json,180,1.358000
on,run_09.json,181,0.661000
on,run_09.json,182,0.661000
on,run_09.json,183,0.591000
on,run_09.json,184,10.907000
on,run_09.json,185,0.649000
on,run_09.json,186,0.910000
on,run_09.json,187,0.601000
on,run_09.json,188,1.454000
on,run_09.json,189,0.611000
on,run_09.json,190,0.641000
on,run_09.json,191,11.795000
on,run_09.json,192,0.628000
on,run_09.json,193,0.939000
on,run_09.json,194,0.743000
on,run_09.json,195,1.328000
on,run_09.json,196,0.560000
on,run_09.json,197,0.578000
on,run_09.json,198,0.565000
on,run_09.json,199,1.325000
on,run_09.json,200,9.997000
on,run_09.json,201,0.757000
on,run_09.json,202,0.987000
on,run_09.json,203,0.696000
on,run_09.json,204,1.522000
on,run_09.json,205,0.728000
on,run_09.json,206,0.770000
on,run_09.json,207,1.361000
on,run_09.json,208,9.886000
on,run_09.json,209,0.808000
on,run_09.json,210,0.914000
on,run_09.json,211,1.557000
on,run_09.json,212,0.729000
on,run_09.json,213,0.655000
on,run_09.json,214,0.648000
on,run_09.json,215,2.760000
on,run_09.json,216,8.669000
on,run_09.json,217,0.625000
on,run_09.json,218,1.038000
on,run_09.json,219,0.641000
on,run_09.json,220,0.878000
on,run_09.json,221,0.667000
on,run_09.json,222,1.931000
on,run_09.json,223,10.740000
on,run_09.json,224,0.740000
on,run_09.json,225,1.014000
on,run_09.json,226,0.985000
on,run_09.json,227,0.826000
on,run_09.json,228,1.161000
on,run_09.json,229,0.758000
on,run_09.json,230,1.407000
on,run_09.json,231,9.731000
on,run_09.json,232,0.816000
on,run_09.json,233,1.009000
on,run_09.json,234,1.586000
on,run_09.json,235,0.793000
on,run_09.json,236,0.843000
on,run_09.json,237,0.813000
on,run_09.json,238,10.976000
on,run_09.json,239,0.962000
on,run_09.json,240,0.879000
on,run_09.json,241,1.613000
on,run_09.json,242,0.662000
on,run_09.json,243,0.675000
on,run_09.json,244,0.700000
on,run_09.json,245,1.390000
on,run_09.json,246,9.592000
on,run_09.json,247,0.713000
on,run_09.json,248,1.018000
on,run_09.json,249,0.723000
on,run_09.json,250,1.432000
on,run_09.json,251,0.748000
on,run_09.json,252,0.676000
on,run_09.json,253,1.420000
on,run_09.json,254,10.058000
on,run_09.json,255,0.761000
on,run_09.json,256,0.965000
on,run_09.json,257,0.635000
on,run_09.json,258,1.582000
on,run_09.json,259,0.699000
on,run_09.json,260,0.719000
on,run_09.json,261,1.351000
on,run_09.json,262,9.883000
on,run_09.json,263,0.708000
on,run_09.json,264,0.925000
on,run_09.json,265,0.663000
on,run_09.json,266,1.612000
on,run_09.json,267,0.622000
on,run_09.json,268,0.736000
on,run_09.json,269,1.433000
on,run_09.json,270,9.873000
on,run_09.json,271,0.725000
on,run_09.json,272,0.992000
on,run_09.json,273,1.723000
on,run_09.json,274,0.701000
on,run_09.json,275,0.674000
on,run_09.json,276,0.706000
on,run_09.json,277,1.392000
on,run_09.json,278,9.874000
on,run_09.json,279,0.736000
on,run_09.json,280,0.973000
on,run_09.json,281,1.712000
on,run_09.json,282,0.671000
on,run_09.json,283,0.640000
on,run_09.json,284,0.731000
on,run_09.json,285,1.306000
on,run_09.json,286,10.530000
on,run_09.json,287,0.636000
on,run_09.json,288,0.983000
on,run_09.json,289,0.747000
on,run_09.json,290,1.493000
on,run_09.json,291,0.723000
on,run_09.json,292,0.822000
on,run_09.json,293,1.407000
on,run_09.json,294,10.747000
on,run_09.json,295,0.815000
on,run_09.json,296,0.992000
on,run_09.json,297,1.557000
on,run_09.json,298,0.708000
on,run_09.json,299,0.671000
on,run_09.json,300,0.781000
on,run_09.json,301,1.309000
on,run_09.json,302,10.206000
on,run_09.json,303,0.814000
on,run_09.json,304,0.931000
on,run_09.json,305,1.584000
on,run_09.json,306,0.742000
on,run_09.json,307,0.772000
on,run_09.json,308,0.762000
on,run_09.json,309,3.503000
on,run_09.json,310,5.909000
on,run_09.json,311,0.778000
on,run_09.json,312,1.012000
on,run_09.json,313,0.743000
on,run_09.json,314,1.553000
on,run_09.json,315,0.776000
on,run_09.json,316,0.778000
on,run_09.json,317,1.437000
on,run_09.json,318,9.243000
on,run_09.json,319,0.661000
on,run_09.json,320,1.039000
on,run_09.json,321,0.690000
on,run_09.json,322,1.458000
on,run_09.json,323,0.723000
on,run_09.json,324,0.721000
on,run_09.json,325,0.610000
on,run_09.json,326,13.483000
on,run_09.json,327,0.848000
on,run_09.json,328,1.023000
on,run_09.json,329,1.519000
on,run_09.json,330,0.827000
on,run_09.json,331,0.677000
on,run_09.json,332,0.613000
on,run_09.json,333,1.371000
on,run_09.json,334,11.156000
on,run_09.json,335,0.639000
on,run_09.json,336,0.950000
on,run_09.json,337,0.679000
on,run_09.json,338,1.574000
on,run_09.json,339,0.637000
on,run_09.json,340,0.729000
on,run_09.json,341,1.482000
on,run_09.json,342,10.042000
on,run_09.json,343,0.753000
on,run_09.json,344,0.903000
on,run_09.json,345,0.713000
on,run_09.json,346,1.419000
on,run_09.json,347,0.706000
on,run_09.json,348,0.717000
on,run_09.json,349,1.351000
on,run_09.json,350,10.245000
on,run_09.json,351,0.684000
on,run_09.json,352,0.911000
on,run_09.json,353,0.680000
on,run_09.json,354,1.656000
on,run_09.json,355,0.718000
on,run_09.json,356,0.704000
on,run_09.json,357,1.333000
on,run_09.json,358,9.660000
on,run_09.json,359,0.777000
on,run_09.json,360,0.816000
on,run_09.json,361,0.739000
on,run_09.json,362,1.488000
on,run_09.json,363,0.701000
on,run_09.json,364,1.997000
on,run_09.json,365,10.154000
on,run_09.json,366,0.818000
on,run_09.json,367,0.897000
on,run_09.json,368,0.675000
on,run_09.json,369,1.478000
on,run_09.json,370,0.715000
on,run_09.json,371,0.686000
on,run_09.json,372,1.295000
on,run_09.json,373,9.642000
on,run_09.json,374,2.291000
on,run_09.json,375,0.121000
on,run_09.json,376,0.987000
on,run_09.json,377,0.707000
on,run_09.json,378,0.590000
on,run_09.json,379,0.689000
on,run_09.json,380,1.412000
on,run_09.json,381,9.588000
on,run_09.json,382,0.715000
on,run_09.json,383,0.949000
on,run_09.json,384,0.577000
on,run_09.json,385,1.581000
on,run_09.json,386,0.686000
on,run_09.json,387,0.658000
on,run_09.json,388,0.608000
on,run_09.json,389,1.207000
on,run_09.json,390,8.564000
on,run_09.json,391,0.641000
on,run_09.json,392,0.978000
on,run_09.json,393,0.632000
on,run_09.json,394,1.443000
on,run_09.json,395,0.668000
on,run_09.json,396,0.639000
on,run_09.json,397,0.610000
on,run_09.json,398,9.333000
on,run_09.json,399,0.652000
on,run_09.json,400,1.014000
on,run_09.json,401,0.687000
on,run_09.json,402,1.411000
on,run_09.json,403,0.640000
on,run_09.json,404,0.666000
on,run_09.json,405,0.642000
on,run_09.json,406,1.440000
on,run_09.json,407,9.703000
on,run_09.json,408,0.674000
on,run_09.json,409,0.932000
on,run_09.json,410,0.656000
on,run_09.json,411,1.571000
on,run_09.json,412,0.691000
on,run_09.json,413,0.701000
on,run_09.json,414,0.632000
on,run_09.json,415,12.234000
on,run_09.json,416,0.686000
on,run_09.json,417,1.017000
on,run_09.json,418,0.704000
on,run_09.json,419,1.419000
on,run_09.json,420,0.608000
on,run_09.json,421,0.700000
on,run_09.json,422,0.620000
on,run_09.json,423,1.331000
on,run_09.json,424,9.370000
on,run_09.json,425,0.720000
on,run_09.json,426,0.924000
on,run_09.json,427,0.668000
on,run_09.json,428,1.557000
on,run_09.json,429,0.612000
on,run_09.json,430,0.699000
on,run_09.json,431,1.433000
on,run_09.json,432,9.684000
on,run_09.json,433,0.643000
on,run_09.json,434,0.996000
on,run_09.json,435,0.620000
on,run_09.json,436,1.519000
on,run_09.json,437,0.663000
on,run_09.json,438,0.615000
on,run_09.json,439,0.662000
on,run_09.json,440,1.397000
on,run_09.json,441,10.078000
on,run_09.json,442,0.691000
on,run_09.json,443,1.019000
on,run_09.json,444,0.757000
on,run_09.json,445,1.447000
on,run_09.json,446,0.686000
on,run_09.json,447,0.725000
on,run_09.json,448,1.272000
on,run_09.json,449,10.190000
on,run_09.json,450,0.767000
on,run_09.json,451,1.055000
on,run_09.json,452,1.525000
on,run_09.json,453,0.662000
on,run_09.json,454,0.673000
on,run_09.json,455,0.678000
on,run_09.json,456,1.481000
on,run_09.json,457,10.062000
on,run_09.json,458,0.677000
on,run_09.json,459,0.995000
on,run_09.json,460,0.698000
on,run_09.json,461,1.485000
on,run_09.json,462,0.695000
on,run_09.json,463,0.645000
on,run_09.json,464,0.697000
on,run_09.json,465,11.294000
on,run_09.json,466,0.679000
on,run_09.json,467,1.058000
on,run_09.json,468,0.698000
on,run_09.json,469,1.492000
on,run_09.json,470,0.721000
on,run_09.json,471,0.718000
on,run_09.json,472,1.347000
on,run_09.json,473,10.365000
on,run_09.json,474,0.806000
on,run_09.json,475,0.951000
on,run_09.json,476,0.712000
on,run_09.json,477,1.376000
on,run_09.json,478,0.616000
on,run_09.json,479,0.689000
on,run_09.json,480,0.683000
on,run_09.json,481,1.353000
on,run_09.json,482,9.820000
on,run_09.json,483,0.675000
on,run_09.json,484,0.968000
on,run_09.json,485,0.682000
on,run_09.json,486,1.426000
on,run_09.json,487,0.771000
on,run_09.json,488,0.667000
on,run_09.json,489,0.662000
on,run_09.json,490,9.150000
on,run_09.json,491,0.800000
on,run_09.json,492,0.908000
on,run_09.json,493,0.681000
on,run_09.json,494,1.450000
on,run_09.json,495,0.676000
on,run_09.json,496,0.683000
on,run_09.json,497,0.632000
on,run_09.json,498,9.271000
on,run_09.json,499,0.669000
on,run_09.json,500,1.026000
on,run_09.json,501,0.668000
on,run_09.json,502,1.462000
on,run_09.json,503,0.717000
on,run_09.json,504,0.633000
on,run_09.json,505,0.658000
on,run_09.json,506,10.616000
on,run_09.json,507,0.704000
on,run_09.json,508,1.162000
on,run_09.json,509,1.628000
on,run_09.json,510,0.705000
on,run_09.json,511,0.679000
on,run_09.json,512,0.591000
on,run_09.json,513,1.399000
on,run_09.json,514,9.633000
on,run_09.json,515,0.709000
on,run_09.json,516,0.939000
on,run_09.json,517,0.632000
on,run_09.json,518,1.530000
on,run_09.json,519,0.627000
on,run_09.json,520,0.665000
on,run_09.json,521,0.676000
on,run_09.json,522,1.287000
on,run_09.json,523,9.736000
on,run_09.json,524,0.848000
on,run_09.json,525,0.788000
on,run_09.json,526,0.628000
on,run_09.json,527,1.525000
on,run_09.json,528,0.713000
on,run_09.json,529,0.765000
on,run_09.json,530,1.388000
on,run_09.json,531,9.915000
on,run_09.json,532,0.641000
on,run_09.json,533,0.938000
on,run_09.json,534,0.632000
on,run_09.json,535,1.507000
on,run_09.json,536,0.678000
on,run_09.json,537,0.663000
on,run_09.json,538,0.638000
on,run_09.json,539,1.340000
on,run_09.json,540,11.046000
on,run_09.json,541,0.844000
on,run_09.json,542,0.781000
on,run_09.json,543,0.722000
on,run_09.json,544,1.438000
on,run_09.json,545,0.700000
on,run_09.json,546,0.608000
on,run_09.json,547,0.691000
on,run_09.json,548,1.279000
on,run_09.json,549,10.343000
on,run_09.json,550,0.792000
on,run_09.json,551,0.911000
on,run_09.json,552,0.657000
on,run_09.json,553,1.509000
on,run_09.json,554,0.669000
on,run_09.json,555,0.630000
on,run_09.json,556,0.692000
on,run_09.json,557,11.656000
on,run_09.json,558,0.642000
on,run_09.json,559,0.977000
on,run_09.json,560,0.685000
on,run_09.json,561,1.464000
on,run_09.json,562,0.637000
on,run_09.json,563,0.697000
on,run_09.json,564,0.627000
on,run_09.json,565,1.296000
on,run_09.json,566,10.188000
on,run_09.json,567,0.683000
on,run_09.json,568,1.003000
on,run_09.json,569,1.773000
on,run_09.json,570,0.857000
on,run_09.json,571,0.717000
on,run_09.json,572,0.695000
on,run_09.json,573,1.261000
on,run_09.json,574,10.497000
on,run_09.json,575,0.773000
on,run_09.json,576,0.965000
on,run_09.json,577,0.671000
on,run_09.json,578,1.709000
on,run_09.json,579,0.795000
on,run_09.json,580,0.712000
on,run_09.json,581,1.417000
on,run_09.json,582,9.886000
on,run_09.json,583,0.702000
on,run_09.json,584,1.087000
on,run_09.json,585,1.628000
on,run_09.json,586,0.777000
on,run_09.json,587,0.667000
on,run_09.json,588,0.696000
on,run_09.json,589,1.383000
on,run_09.json,590,9.843000
on,run_09.json,591,0.746000
on,run_09.json,592,1.177000
on,run_09.json,593,1.535000
on,run_09.json,594,0.727000
on,run_09.json,595,0.745000
on,run_09.json,596,0.677000
on,run_09.json,597,1.293000
on,run_09.json,598,9.082000
on,run_09.json,599,0.680000
on,run_09.json,600,0.945000
on,run_09.json,601,0.646000
on,run_09.json,602,1.501000
on,run_09.json,603,0.644000
on,run_09.json,604,0.598000
on,run_09.json,605,0.668000
on,run_09.json,606,1.417000
on,run_09.json,607,8.431000
on,run_09.json,608,0.634000
on,run_09.json,609,0.989000
on,run_09.json,610,0.626000
on,run_09.json,611,1.543000
on,run_09.json,612,0.669000
on,run_09.json,613,0.661000
on,run_09.json,614,0.634000
on,run_09.json,615,1.349000
on,run_09.json,616,8.666000
on,run_09.json,617,0.648000
on,run_09.json,618,0.971000
on,run_09.json,619,0.643000
on,run_09.json,620,1.439000
on,run_09.json,621,0.676000
on,run_09.json,622,0.678000
on,run_09.json,623,0.636000
on,run_09.json,624,1.327000
on,run_09.json,625,8.913000
on,run_09.json,626,0.651000
on,run_09.json,627,0.965000
on,run_09.json,628,0.662000
on,run_09.json,629,1.457000
on,run_09.json,630,0.582000
on,run_09.json,631,0.812000
on,run_09.json,632,0.696000
on,run_09.json,633,1.297000
on,run_09.json,634,8.168000
on,run_09.json,635,0.597000
on,run_09.json,636,0.930000
on,run_09.json,637,0.578000
on,run_09.json,638,1.468000
on,run_09.json,639,0.623000
on,run_09.json,640,0.633000
on,run_09.json,641,0.639000
on,run_09.json,642,1.235000
on,run_09.json,643,10.272000
on,run_09.json,644,0.587000
on,run_09.json,645,0.929000
on,run_09.json,646,0.620000
on,run_09.json,647,1.491000
on,run_09.json,648,0.617000
on,run_09.json,649,0.641000
on,run_09.json,650,0.650000
on,run_09.json,651,1.308000
on,run_09.json,652,9.541000
on,run_09.json,653,0.641000
on,run_09.json,654,0.945000
on,run_09.json,655,0.571000
on,run_09.json,656,1.538000
on,run_09.json,657,0.616000
on,run_09.json,658,0.632000
on,run_09.json,659,0.628000
on,run_09.json,660,1.246000
on,run_09.json,661,10.034000
on,run_09.json,662,0.719000
on,run_09.json,663,0.958000
on,run_09.json,664,0.775000
on,run_09.json,665,1.393000
on,run_09.json,666,0.636000
on,run_09.json,667,0.653000
on,run_09.json,668,0.620000
on,run_09.json,669,1.204000
on,run_09.json,670,9.553000
on,run_09.json,671,0.627000
on,run_09.json,672,0.947000
on,run_09.json,673,0.593000
on,run_09.json,674,1.459000
on,run_09.json,675,0.646000
on,run_09.json,676,0.561000
on,run_09.json,677,0.638000
on,run_09.json,678,1.299000
on,run_09.json,679,9.913000
on,run_09.json,680,0.613000
on,run_09.json,681,0.911000
on,run_09.json,682,0.597000
on,run_09.json,683,1.503000
on,run_09.json,684,0.573000
on,run_09.json,685,0.610000
on,run_09.json,686,0.634000
on,run_09.json,687,1.237000
on,run_09.json,688,10.049000
on,run_09.json,689,0.730000
on,run_09.json,690,0.766000
on,run_09.json,691,0.569000
on,run_09.json,692,1.446000
on,run_09.json,693,0.610000
on,run_09.json,694,0.622000
on,run_09.json,695,0.588000
on,run_09.json,696,0.587000
on,run_09.json,697,10.638000
on,run_09.json,698,0.603000
on,run_09.json,699,0.964000
on,run_09.json,700,0.621000
on,run_09.json,701,1.430000
on,run_09.json,702,0.627000
on,run_09.json,703,0.553000
on,run_09.json,704,0.622000
on,run_09.json,705,2.515000
on,run_09.json,706,8.928000
on,run_09.json,707,0.697000
on,run_09.json,708,0.937000
on,run_09.json,709,1.589000
on,run_09.json,710,0.649000
on,run_09.json,711,0.591000
on,run_09.json,712,0.560000
on,run_09.json,713,0.594000
on,run_09.json,714,1.270000
on,run_09.json,715,9.609000
on,run_09.json,716,2.033000
on,run_09.json,717,1.198000
on,run_09.json,718,0.553000
on,run_09.json,719,0.616000
on,run_09.json,720,0.603000
on,run_09.json,721,0.586000
on,run_09.json,722,1.296000
on,run_09.json,723,9.763000
on,run_09.json,724,0.603000
on,run_09.json,725,1.024000
on,run_09.json,726,0.740000
on,run_09.json,727,1.404000
on,run_09.json,728,0.689000
on,run_09.json,729,0.700000
on,run_09.json,730,0.645000
on,run_09.json,731,1.316000
on,run_09.json,732,9.779000
on,run_09.json,733,0.677000
on,run_09.json,734,0.995000
on,run_09.json,735,0.622000
on,run_09.json,736,1.552000
on,run_09.json,737,0.665000
on,run_09.json,738,0.668000
on,run_09.json,739,1.409000
on,run_09.json,740,9.869000
on,run_09.json,741,0.766000
on,run_09.json,742,0.903000
on,run_09.json,743,0.767000
on,run_09.json,744,1.408000
on,run_09.json,745,0.678000
on,run_09.json,746,0.694000
on,run_09.json,747,0.699000
on,run_09.json,748,10.858000
on,run_09.json,749,0.823000
on,run_09.json,750,0.919000
on,run_09.json,751,1.657000
on,run_09.json,752,0.738000
on,run_09.json,753,0.655000
on,run_09.json,754,0.734000
on,run_09.json,755,1.419000
on,run_09.json,756,9.678000
on,run_09.json,757,0.894000
on,run_09.json,758,0.815000
on,run_09.json,759,1.623000
on,run_09.json,760,0.723000
on,run_09.json,761,0.710000
on,run_09.json,762,0.692000
on,run_09.json,763,1.492000
on,run_09.json,764,9.669000
on,run_09.json,765,0.676000
on,run_09.json,766,0.922000
on,run_09.json,767,0.649000
on,run_09.json,768,1.533000
on,run_09.json,769,0.617000
on,run_09.json,770,0.719000
on,run_09.json,771,0.690000
on,run_09.json,772,1.317000
on,run_09.json,773,9.522000
on,run_09.json,774,0.896000
on,run_09.json,775,0.833000
on,run_09.json,776,1.670000
on,run_09.json,777,0.722000
on,run_09.json,778,0.617000
on,run_09.json,779,0.719000
on,run_09.json,780,0.675000
on,run_09.json,781,0.612000
on,run_09.json,782,1.265000
on,run_09.json,783,8.643000
on,run_09.json,784,0.672000
on,run_09.json,785,0.990000
on,run_09.json,786,0.653000
on,run_09.json,787,1.553000
on,run_09.json,788,0.690000
on,run_09.json,789,0.620000
on,run_09.json,790,0.648000
on,run_09.json,791,0.699000
on,run_09.json,792,1.289000
on,run_09.json,793,9.015000
on,run_09.json,794,0.831000
on,run_09.json,795,0.966000
on,run_09.json,796,1.551000
on,run_09.json,797,0.807000
on,run_09.json,798,0.806000
on,run_09.json,799,0.927000
on,run_09.json,800,10.917000
on,run_09.json,801,1.507000
on,run_09.json,802,1.071000
on,run_09.json,803,1.310000
on,run_09.json,804,0.916000
on,run_09.json,805,0.916000
on,run_09.json,806,0.966000
on,run_09.json,807,10.485000
on,run_09.json,808,0.811000
on,run_09.json,809,1.186000
on,run_09.json,810,1.462000
on,run_09.json,811,0.930000
on,run_09.json,812,0.932000
on,run_09.json,813,0.828000
on,run_09.json,814,1.694000
on,run_09.json,815,9.656000
on,run_09.json,816,1.278000
on,run_09.json,817,0.832000
on,run_09.json,818,1.531000
on,run_09.json,819,0.920000
on,run_09.json,820,0.838000
on,run_09.json,821,0.932000
on,run_09.json,822,1.534000
on,run_09.json,823,9.388000
on,run_09.json,824,0.936000
on,run_09.json,825,0.807000
on,run_09.json,826,1.836000
on,run_09.json,827,1.104000
on,run_09.json,828,0.958000
on,run_09.json,829,9.255000
on,run_09.json,830,1.291000
on,run_09.json,831,1.045000
on,run_09.json,832,1.622000
on,run_09.json,833,0.933000
on,run_09.json,834,0.852000
on,run_09.json,835,0.839000
on,run_09.json,836,9.742000
on,run_09.json,837,0.829000
on,run_09.json,838,1.030000
on,run_09.json,839,1.846000
on,run_09.json,840,0.726000
on,run_09.json,841,0.938000
on,run_09.json,842,0.747000
on,run_09.json,843,0.736000
on,run_09.json,844,9.767000
on,run_09.json,845,0.743000
on,run_09.json,846,1.049000
on,run_09.json,847,1.625000
on,run_09.json,848,0.698000
on,run_09.json,849,0.838000
on,run_09.json,850,0.714000
on,run_09.json,851,0.698000
on,run_09.json,852,1.413000
on,run_09.json,853,12.665000
on,run_09.json,854,0.708000
on,run_09.json,855,0.986000
on,run_09.json,856,0.740000
on,run_09.json,857,1.467000
on,run_09.json,858,0.655000
on,run_09.json,859,0.719000
on,run_09.json,860,0.720000
on,run_09.json,861,0.725000
on,run_09.json,862,1.365000
on,run_09.json,863,8.825000
on,run_09.json,864,0.659000
on,run_09.json,865,0.957000
on,run_09.json,866,0.648000
on,run_09.json,867,1.564000
on,run_09.json,868,0.603000
on,run_09.json,869,0.683000
on,run_09.json,870,0.650000
on,run_09.json,871,0.685000
on,run_09.json,872,1.546000
on,run_09.json,873,8.632000
on,run_09.json,874,0.899000
on,run_09.json,875,1.153000
on,run_09.json,876,1.809000
on,run_09.json,877,0.912000
on,run_09.json,878,0.746000
on,run_09.json,879,0.688000
on,run_09.json,880,0.648000
on,run_09.json,881,9.833000
on,run_09.json,882,0.804000
on,run_09.json,883,1.033000
on,run_09.json,884,0.957000
on,run_09.json,885,1.437000
on,run_09.json,886,0.894000
on,run_09.json,887,0.819000
on,run_09.json,888,10.426000
on,run_09.json,889,0.772000
on,run_09.json,890,1.099000
on,run_09.json,891,1.687000
on,run_09.json,892,0.764000
on,run_09.json,893,0.730000
on,run_09.json,894,0.620000
on,run_09.json,895,0.774000
on,run_09.json,896,9.888000
on,run_09.json,897,0.772000
on,run_09.json,898,0.925000
on,run_09.json,899,1.674000
on,run_09.json,900,0.730000
on,run_09.json,901,0.826000
on,run_09.json,902,0.681000
on,run_09.json,903,0.634000
on,run_09.json,904,1.331000
on,run_09.json,905,8.708000
on,run_09.json,906,0.648000
on,run_09.json,907,0.965000
on,run_09.json,908,0.606000
on,run_09.json,909,1.496000
on,run_09.json,910,0.663000
on,run_09.json,911,0.600000
on,run_09.json,912,0.621000
on,run_09.json,913,0.569000
on,run_09.json,914,0.581000
on,run_09.json,915,1.306000
on,run_09.json,916,7.466000
on,run_09.json,917,0.599000
on,run_09.json,918,0.937000
on,run_09.json,919,0.626000
on,run_09.json,920,0.638000
on,run_09.json,921,1.463000
on,run_09.json,922,0.589000
on,run_09.json,923,0.614000
on,run_09.json,924,0.628000
on,run_09.json,925,0.590000
on,run_09.json,926,1.310000
on,run_09.json,927,7.068000
on,run_09.json,928,0.677000
on,run_09.json,929,0.928000
on,run_09.json,930,0.613000
on,run_09.json,931,1.548000
on,run_09.json,932,0.627000
on,run_09.json,933,0.650000
on,run_09.json,934,0.636000
on,run_09.json,935,0.681000
on,run_09.json,936,1.291000
on,run_09.json,937,10.595000
on,run_09.json,938,0.635000
on,run_09.json,939,0.993000
on,run_09.json,940,0.758000
on,run_09.json,941,1.456000
on,run_09.json,942,0.677000
on,run_09.json,943,0.654000
on,run_09.json,944,0.621000
on,run_09.json,945,0.701000
on,run_09.json,946,1.369000
on,run_09.json,947,8.680000
on,run_09.json,948,0.759000
on,run_09.json,949,0.977000
on,run_09.json,950,0.831000
on,run_09.json,951,1.444000
on,run_09.json,952,0.735000
on,run_09.json,953,0.766000
on,run_09.json,954,0.805000
on,run_09.json,955,1.594000
on,run_09.json,956,8.491000
on,run_09.json,957,0.919000
on,run_09.json,958,0.971000
on,run_09.json,959,1.591000
on,run_09.json,960,0.994000
on,run_09.json,961,0.944000
on,run_09.json,962,0.759000
on,run_09.json,963,1.464000
on,run_09.json,964,9.431000
on,run_09.json,965,0.869000
on,run_09.json,966,0.905000
on,run_09.json,967,1.654000
on,run_09.json,968,0.875000
on,run_09.json,969,0.891000
on,run_09.json,970,0.851000
on,run_09.json,971,0.770000
on,run_09.json,972,9.813000
on,run_09.json,973,0.631000
on,run_09.json,974,0.974000
on,run_09.json,975,0.639000
on,run_09.json,976,1.557000
on,run_09.json,977,0.717000
on,run_09.json,978,0.670000
on,run_09.json,979,0.662000
on,run_09.json,980,0.660000
on,run_09.json,981,1.459000
on,run_09.json,982,8.880000
on,run_09.json,983,0.625000
on,run_09.json,984,0.981000
on,run_09.json,985,0.651000
on,run_09.json,986,1.546000
on,run_09.json,987,0.652000
on,run_09.json,988,0.657000
on,run_09.json,989,0.612000
on,run_09.json,990,0.662000
on,run_09.json,991,1.429000
on,run_09.json,992,9.610000
on,run_09.json,993,0.620000
on,run_09.json,994,1.055000
on,run_09.json,995,0.638000
on,run_09.json,996,1.552000
on,run_09.json,997,0.637000
on,run_09.json,998,0.627000
on,run_09.json,999,0.644000
on,run_09.json,1000,0.599000
on,run_09.json,1001,1.308000
on,run_09.json,1002,9.527000
on,run_09.json,1003,0.644000
on,run_09.json,1004,0.911000
on,run_09.json,1005,0.570000
on,run_09.json,1006,1.553000
on,run_09.json,1007,0.586000
on,run_09.json,1008,0.622000
on,run_09.json,1009,0.615000
on,run_09.json,1010,0.595000
on,run_09.json,1011,0.585000
on,run_09.json,1012,1.412000
on,run_09.json,1013,6.919000
on,run_09.json,1014,0.623000
on,run_09.json,1015,1.031000
on,run_09.json,1016,0.644000
on,run_09.json,1017,1.531000
on,run_09.json,1018,0.634000
on,run_09.json,1019,0.610000
on,run_09.json,1020,0.657000
on,run_09.json,1021,0.659000
on,run_09.json,1022,1.229000
on,run_09.json,1023,7.443000
on,run_09.json,1024,0.606000
on,run_09.json,1025,1.016000
on,run_09.json,1026,0.627000
on,run_09.json,1027,1.517000
on,run_09.json,1028,0.623000
on,run_09.json,1029,0.594000
on,run_09.json,1030,0.639000
on,run_09.json,1031,0.646000
on,run_09.json,1032,0.641000
on,run_09.json,1033,9.615000
on,run_09.json,1034,0.610000
on,run_09.json,1035,0.951000
on,run_09.json,1036,0.635000
on,run_09.json,1037,1.450000
on,run_09.json,1038,0.663000
on,run_09.json,1039,0.610000
on,run_09.json,1040,0.584000
on,run_09.json,1041,0.636000
on,run_09.json,1042,0.654000
on,run_09.json,1043,1.241000
on,run_09.json,1044,8.536000
on,run_09.json,1045,0.591000
on,run_09.json,1046,2.357000
on,run_09.json,1047,0.600000
on,run_09.json,1048,0.656000
on,run_09.json,1049,0.625000
on,run_09.json,1050,0.658000
on,run_09.json,1051,0.647000
on,run_09.json,1052,0.669000
on,run_09.json,1053,1.270000
on,run_09.json,1054,8.691000
on,run_09.json,1055,0.607000
on,run_09.json,1056,0.997000
on,run_09.json,1057,2.070000
on,run_09.json,1058,0.466000
on,run_09.json,1059,0.593000
on,run_09.json,1060,0.622000
on,run_09.json,1061,0.667000
on,run_09.json,1062,0.644000
on,run_09.json,1063,1.245000
on,run_09.json,1064,10.060000
on,run_09.json,1065,0.602000
on,run_09.json,1066,1.008000
on,run_09.json,1067,0.598000
on,run_09.json,1068,1.540000
on,run_09.json,1069,0.661000
on,run_09.json,1070,0.659000
on,run_09.json,1071,0.639000
on,run_09.json,1072,0.588000
on,run_09.json,1073,0.635000
on,run_09.json,1074,10.516000
on,run_09.json,1075,0.609000
on,run_09.json,1076,1.058000
on,run_09.json,1077,0.624000
on,run_09.json,1078,1.445000
on,run_09.json,1079,0.644000
on,run_09.json,1080,0.644000
on,run_09.json,1081,0.642000
on,run_09.json,1082,0.638000
on,run_09.json,1083,1.222000
on,run_09.json,1084,10.198000
on,run_09.json,1085,0.611000
on,run_09.json,1086,1.016000
on,run_09.json,1087,0.641000
on,run_09.json,1088,1.520000
on,run_09.json,1089,0.621000
on,run_09.json,1090,0.601000
on,run_09.json,1091,0.622000
on,run_09.json,1092,0.667000
on,run_09.json,1093,1.267000
on,run_09.json,1094,9.545000
on,run_09.json,1095,0.617000
on,run_09.json,1096,1.022000
on,run_09.json,1097,0.634000
on,run_09.json,1098,1.510000
on,run_09.json,1099,0.659000
on,run_09.json,1100,0.657000
on,run_09.json,1101,0.648000
on,run_09.json,1102,0.727000
on,run_09.json,1103,1.568000
on,run_09.json,1104,9.580000
on,run_09.json,1105,0.929000
on,run_09.json,1106,0.860000
on,run_09.json,1107,1.502000
on,run_09.json,1108,0.710000
on,run_09.json,1109,0.660000
on,run_09.json,1110,0.603000
on,run_09.json,1111,0.668000
on,run_09.json,1112,0.662000
on,run_09.json,1113,1.250000
on,run_09.json,1114,9.002000
on,run_09.json,1115,0.763000
on,run_09.json,1116,0.791000
on,run_09.json,1117,0.693000
on,run_09.json,1118,1.414000
on,run_09.json,1119,0.657000
on,run_09.json,1120,0.672000
on,run_09.json,1121,0.630000
on,run_09.json,1122,0.850000
on,run_09.json,1123,1.496000
on,run_09.json,1124,8.192000
on,run_09.json,1125,0.785000
on,run_09.json,1126,0.898000
on,run_09.json,1127,1.607000
on,run_09.json,1128,0.747000
on,run_09.json,1129,0.721000
on,run_09.json,1130,0.641000
on,run_09.json,1131,0.699000
on,run_09.json,1132,1.334000
on,run_09.json,1133,7.928000
on,run_09.json,1134,0.886000
on,run_09.json,1135,0.759000
on,run_09.json,1136,1.598000
on,run_09.json,1137,0.667000
on,run_09.json,1138,0.719000
on,run_09.json,1139,0.717000
on,run_09.json,1140,0.606000
on,run_09.json,1141,0.666000
on,run_09.json,1142,1.304000
on,run_09.json,1143,7.846000
on,run_09.json,1144,0.697000
on,run_09.json,1145,0.923000
on,run_09.json,1146,1.567000
on,run_09.json,1147,0.677000
on,run_09.json,1148,0.688000
on,run_09.json,1149,0.602000
on,run_09.json,1150,0.684000
on,run_09.json,1151,0.678000
on,run_09.json,1152,1.252000
on,run_09.json,1153,7.320000
on,run_09.json,1154,0.617000
on,run_09.json,1155,0.956000
on,run_09.json,1156,0.611000
on,run_09.json,1157,1.484000
on,run_09.json,1158,0.690000
on,run_09.json,1159,0.615000
on,run_09.json,1160,0.686000
on,run_09.json,1161,0.642000
on,run_09.json,1162,0.630000
on,run_09.json,1163,9.217000
on,run_09.json,1164,0.614000
on,run_09.json,1165,1.007000
on,run_09.json,1166,0.693000
on,run_09.json,1167,1.459000
on,run_09.json,1168,0.688000
on,run_09.json,1169,0.699000
on,run_09.json,1170,0.637000
on,run_09.json,1171,0.645000
on,run_09.json,1172,1.169000
on,run_09.json,1173,9.051000
on,run_09.json,1174,0.593000
on,run_09.json,1175,0.990000
on,run_09.json,1176,0.575000
on,run_09.json,1177,1.489000
on,run_09.json,1178,0.553000
on,run_09.json,1179,0.644000
on,run_09.json,1180,0.643000
on,run_09.json,1181,0.639000
on,run_09.json,1182,0.675000
on,run_09.json,1183,1.229000
on,run_09.json,1184,8.753000
on,run_09.json,1185,0.573000
on,run_09.json,1186,0.888000
on,run_09.json,1187,0.582000
on,run_09.json,1188,1.441000
on,run_09.json,1189,0.591000
on,run_09.json,1190,0.546000
on,run_09.json,1191,0.585000
on,run_09.json,1192,0.572000
on,run_09.json,1193,0.583000
on,run_09.json,1194,1.239000
on,run_09.json,1195,9.200000
on,run_09.json,1196,0.566000
on,run_09.json,1197,0.966000
on,run_09.json,1198,0.575000
on,run_09.json,1199,1.474000
on,run_09.json,1200,0.629000
on,run_09.json,1201,0.551000
on,run_09.json,1202,0.615000
on,run_09.json,1203,0.622000
on,run_09.json,1204,0.568000
on,run_09.json,1205,9.987000
on,run_09.json,1206,0.694000
on,run_09.json,1207,0.961000
on,run_09.json,1208,1.528000
on,run_09.json,1209,0.616000
on,run_09.json,1210,0.594000
on,run_09.json,1211,0.591000
on,run_09.json,1212,0.617000
on,run_09.json,1213,0.554000
on,run_09.json,1214,0.622000
on,run_09.json,1215,9.884000
on,run_09.json,1216,0.577000
on,run_09.json,1217,0.887000
on,run_09.json,1218,0.589000
on,run_09.json,1219,1.403000
on,run_09.json,1220,0.632000
on,run_09.json,1221,0.628000
on,run_09.json,1222,0.600000
on,run_09.json,1223,0.615000
on,run_09.json,1224,0.548000
on,run_09.json,1225,1.202000
on,run_09.json,1226,8.831000
on,run_09.json,1227,0.570000
on,run_09.json,1228,0.946000
on,run_09.json,1229,0.574000
on,run_09.json,1230,1.474000
on,run_09.json,1231,0.573000
on,run_09.json,1232,0.608000
on,run_09.json,1233,0.614000
on,run_09.json,1234,0.554000
on,run_09.json,1235,0.619000
on,run_09.json,1236,1.161000
on,run_09.json,1237,9.150000
on,run_09.json,1238,0.680000
on,run_09.json,1239,1.074000
on,run_09.json,1240,1.628000
on,run_09.json,1241,0.632000
on,run_09.json,1242,0.573000
on,run_09.json,1243,0.563000
on,run_09.json,1244,0.600000
on,run_09.json,1245,0.566000
on,run_09.json,1246,1.243000
on,run_09.json,1247,9.131000
on,run_09.json,1248,0.623000
on,run_09.json,1249,0.872000
on,run_09.json,1250,0.594000
on,run_09.json,1251,1.542000
on,run_09.json,1252,0.674000
on,run_09.json,1253,0.660000
on,run_09.json,1254,0.668000
on,run_09.json,1255,0.661000
on,run_09.json,1256,1.441000
on,run_09.json,1257,8.847000
on,run_09.json,1258,0.656000
on,run_09.json,1259,1.308000
on,run_09.json,1260,1.528000
on,run_09.json,1261,0.862000
on,run_09.json,1262,0.785000
on,run_09.json,1263,0.612000
on,run_09.json,1264,0.677000
on,run_09.json,1265,1.441000
on,run_09.json,1266,9.131000
on,run_09.json,1267,0.783000
on,run_09.json,1268,1.091000
on,run_09.json,1269,1.582000
on,run_09.json,1270,0.697000
on,run_09.json,1271,0.608000
on,run_09.json,1272,0.660000
on,run_09.json,1273,0.663000
on,run_09.json,1274,0.650000
on,run_09.json,1275,9.598000
on,run_09.json,1276,0.620000
on,run_09.json,1277,0.982000
on,run_09.json,1278,0.610000
on,run_09.json,1279,1.508000
on,run_09.json,1280,0.645000
on,run_09.json,1281,0.641000
on,run_09.json,1282,0.649000
on,run_09.json,1283,0.682000
on,run_09.json,1284,1.384000
on,run_09.json,1285,8.902000
on,run_09.json,1286,0.762000
on,run_09.json,1287,0.936000
on,run_09.json,1288,0.845000
on,run_09.json,1289,1.363000
on,run_09.json,1290,0.778000
on,run_09.json,1291,0.763000
on,run_09.json,1292,0.783000
on,run_09.json,1293,0.731000
on,run_09.json,1294,9.795000
on,run_09.json,1295,0.774000
on,run_09.json,1296,0.889000
on,run_09.json,1297,1.605000
on,run_09.json,1298,0.628000
on,run_09.json,1299,0.632000
on,run_09.json,1300,0.647000
on,run_09.json,1301,0.678000
on,run_09.json,1302,0.618000
on,run_09.json,1303,1.290000
on,run_09.json,1304,8.858000
on,run_09.json,1305,0.684000
on,run_09.json,1306,1.022000
on,run_09.json,1307,1.692000
on,run_09.json,1308,0.694000
on,run_09.json,1309,0.669000
on,run_09.json,1310,0.639000
on,run_09.json,1311,0.703000
on,run_09.json,1312,0.698000
on,run_09.json,1313,1.319000
on,run_09.json,1314,8.643000
on,run_09.json,1315,0.737000
on,run_09.json,1316,1.007000
on,run_09.json,1317,1.537000
on,run_09.json,1318,0.725000
on,run_09.json,1319,0.656000
on,run_09.json,1320,0.650000
on,run_09.json,1321,0.695000
on,run_09.json,1322,0.632000
on,run_09.json,1323,1.317000
on,run_09.json,1324,8.593000
on,run_09.json,1325,0.713000
on,run_09.json,1326,0.929000
on,run_09.json,1327,1.751000
on,run_09.json,1328,0.796000
on,run_09.json,1329,0.784000
on,run_09.json,1330,0.677000
on,run_09.json,1331,0.634000
on,run_09.json,1332,1.381000
on,run_09.json,1333,9.697000
on,run_09.json,1334,0.711000
on,run_09.json,1335,1.001000
on,run_09.json,1336,0.682000
on,run_09.json,1337,1.420000
on,run_09.json,1338,0.657000
on,run_09.json,1339,0.668000
on,run_09.json,1340,0.619000
on,run_09.json,1341,0.666000
on,run_09.json,1342,1.374000
on,run_09.json,1343,9.658000
on,run_09.json,1344,0.697000
on,run_09.json,1345,0.964000
on,run_09.json,1346,0.638000
on,run_09.json,1347,1.550000
on,run_09.json,1348,0.659000
on,run_09.json,1349,0.823000
on,run_09.json,1350,0.735000
on,run_09.json,1351,0.760000
on,run_09.json,1352,8.381000
on,run_09.json,1353,0.767000
on,run_09.json,1354,0.951000
on,run_09.json,1355,1.544000
on,run_09.json,1356,0.690000
on,run_09.json,1357,0.948000
on,run_09.json,1358,0.748000
on,run_09.json,1359,0.746000
on,run_09.json,1360,1.326000
on,run_09.json,1361,9.048000
on,run_09.json,1362,0.807000
on,run_09.json,1363,0.958000
on,run_09.json,1364,1.505000
on,run_09.json,1365,0.708000
on,run_09.json,1366,0.718000
on,run_09.json,1367,0.602000
on,run_09.json,1368,0.665000
on,run_09.json,1369,0.675000
on,run_09.json,1370,1.275000
on,run_09.json,1371,8.589000
on,run_09.json,1372,0.740000
on,run_09.json,1373,0.966000
on,run_09.json,1374,1.573000
on,run_09.json,1375,0.678000
on,run_09.json,1376,0.721000
on,run_09.json,1377,0.665000
on,run_09.json,1378,0.663000
on,run_09.json,1379,0.679000
on,run_09.json,1380,1.302000
on,run_09.json,1381,12.711000
on,run_09.json,1382,0.770000
on,run_09.json,1383,0.914000
on,run_09.json,1384,1.533000
on,run_09.json,1385,0.619000
on,run_09.json,1386,0.648000
on,run_09.json,1387,1.850000
on,run_09.json,1388,1.442000
on,run_09.json,1389,9.028000
on,run_09.json,1390,0.675000
on,run_09.json,1391,0.970000
on,run_09.json,1392,1.563000
on,run_09.json,1393,0.696000
on,run_09.json,1394,0.652000
on,run_09.json,1395,0.663000
on,run_09.json,1396,0.652000
on,run_09.json,1397,0.604000
on,run_09.json,1398,2.773000
on,run_09.json,1399,7.323000
on,run_09.json,1400,0.733000
on,run_09.json,1401,1.098000
on,run_09.json,1402,1.470000
on,run_09.json,1403,0.684000
on,run_09.json,1404,0.693000
on,run_09.json,1405,0.665000
on,run_09.json,1406,0.709000
on,run_09.json,1407,0.657000
on,run_09.json,1408,1.329000
on,run_09.json,1409,8.560000
on,run_09.json,1410,0.673000
on,run_09.json,1411,0.963000
on,run_09.json,1412,0.641000
on,run_09.json,1413,1.488000
on,run_09.json,1414,0.656000
on,run_09.json,1415,0.630000
on,run_09.json,1416,0.646000
on,run_09.json,1417,0.627000
on,run_09.json,1418,1.420000
on,run_09.json,1419,8.374000
on,run_09.json,1420,0.726000
on,run_09.json,1421,0.910000
on,run_09.json,1422,0.714000
on,run_09.json,1423,1.463000
on,run_09.json,1424,0.672000
on,run_09.json,1425,0.654000
on,run_09.json,1426,0.690000
on,run_09.json,1427,0.658000
on,run_09.json,1428,1.265000
on,run_09.json,1429,8.636000
on,run_09.json,1430,0.672000
on,run_09.json,1431,0.927000
on,run_09.json,1432,0.675000
on,run_09.json,1433,1.357000
on,run_09.json,1434,0.669000
on,run_09.json,1435,0.680000
on,run_09.json,1436,0.636000
on,run_09.json,1437,0.666000
on,run_09.json,1438,1.327000
on,run_09.json,1439,8.014000
on,run_09.json,1440,0.688000
on,run_09.json,1441,1.202000
on,run_09.json,1442,1.300000
on,run_09.json,1443,0.696000
on,run_09.json,1444,0.694000
on,run_09.json,1445,0.646000
on,run_09.json,1446,0.676000
on,run_09.json,1447,0.686000
on,run_09.json,1448,1.291000
on,run_09.json,1449,7.116000
on,run_09.json,1450,0.743000
on,run_09.json,1451,0.923000
on,run_09.json,1452,1.561000
on,run_09.json,1453,0.774000
on,run_09.json,1454,0.793000
on,run_09.json,1455,0.786000
on,run_09.json,1456,0.664000
on,run_09.json,1457,1.395000
on,run_09.json,1458,10.024000
on,run_09.json,1459,0.662000
on,run_09.json,1460,0.979000
on,run_09.json,1461,0.651000
on,run_09.json,1462,1.487000
on,run_09.json,1463,0.650000
on,run_09.json,1464,0.623000
on,run_09.json,1465,0.623000
on,run_09.json,1466,0.604000
on,run_09.json,1467,1.398000
on,run_09.json,1468,9.240000
on,run_09.json,1469,0.653000
on,run_09.json,1470,0.906000
on,run_09.json,1471,0.626000
on,run_09.json,1472,1.709000
on,run_09.json,1473,0.643000
on,run_09.json,1474,0.676000
on,run_09.json,1475,0.659000
on,run_09.json,1476,0.602000
on,run_09.json,1477,1.277000
on,run_09.json,1478,8.697000
on,run_09.json,1479,0.766000
on,run_09.json,1480,0.823000
on,run_09.json,1481,0.668000
on,run_09.json,1482,1.474000
on,run_09.json,1483,0.658000
on,run_09.json,1484,0.601000
on,run_09.json,1485,0.617000
on,run_09.json,1486,0.662000
on,run_09.json,1487,1.314000
on,run_09.json,1488,9.255000
on,run_09.json,1489,0.810000
on,run_09.json,1490,0.812000
on,run_09.json,1491,0.618000
on,run_09.json,1492,1.520000
on,run_09.json,1493,0.603000
on,run_09.json,1494,0.653000
on,run_09.json,1495,0.629000
on,run_09.json,1496,0.615000
on,run_09.json,1497,1.300000
on,run_09.json,1498,9.506000
on,run_09.json,1499,0.902000
on,run_09.json,1500,0.822000
on,run_09.json,1501,1.493000
on,run_09.json,1502,0.704000
on,run_09.json,1503,0.679000
on,run_09.json,1504,0.655000
on,run_09.json,1505,0.671000
on,run_09.json,1506,0.676000
on,run_09.json,1507,10.295000
on,run_09.json,1508,0.642000
on,run_09.json,1509,0.967000
on,run_09.json,1510,1.554000
on,run_09.json,1511,0.706000
on,run_09.json,1512,0.713000
on,run_09.json,1513,0.633000
on,run_09.json,1514,0.737000
on,run_09.json,1515,0.719000
on,run_09.json,1516,1.251000
on,run_09.json,1517,9.464000
on,run_09.json,1518,0.949000
on,run_09.json,1519,0.855000
on,run_09.json,1520,1.586000
on,run_09.json,1521,0.729000
on,run_09.json,1522,0.649000
on,run_09.json,1523,0.693000
on,run_09.json,1524,0.675000
on,run_09.json,1525,0.610000
on,run_09.json,1526,10.529000
on,run_09.json,1527,0.663000
on,run_09.json,1528,0.829000
on,run_09.json,1529,0.588000
on,run_09.json,1530,1.406000
on,run_09.json,1531,0.610000
on,run_09.json,1532,0.580000
on,run_09.json,1533,0.628000
on,run_09.json,1534,0.636000
on,run_09.json,1535,0.784000
on,run_09.json,1536,8.236000
on,run_09.json,1537,0.624000
on,run_09.json,1538,0.931000
on,run_09.json,1539,0.660000
on,run_09.json,1540,1.426000
on,run_09.json,1541,0.619000
on,run_09.json,1542,0.675000
on,run_09.json,1543,0.595000
on,run_09.json,1544,0.661000
on,run_09.json,1545,0.605000
on,run_09.json,1546,1.320000
on,run_09.json,1547,6.943000
on,run_09.json,1548,0.649000
on,run_09.json,1549,0.927000
on,run_09.json,1550,0.630000
on,run_09.json,1551,1.444000
on,run_09.json,1552,0.646000
on,run_09.json,1553,0.670000
on,run_09.json,1554,0.648000
on,run_09.json,1555,0.826000
on,run_09.json,1556,1.398000
on,run_09.json,1557,8.522000
on,run_09.json,1558,0.756000
on,run_09.json,1559,0.911000
on,run_09.json,1560,0.665000
on,run_09.json,1561,1.412000
on,run_09.json,1562,0.599000
on,run_09.json,1563,0.615000
on,run_09.json,1564,0.622000
on,run_09.json,1565,0.658000
on,run_09.json,1566,0.678000
on,run_09.json,1567,9.844000
on,run_09.json,1568,0.608000
on,run_09.json,1569,0.957000
on,run_09.json,1570,0.651000
on,run_09.json,1571,1.472000
on,run_09.json,1572,0.585000
on,run_09.json,1573,0.612000
on,run_09.json,1574,0.583000
on,run_09.json,1575,0.648000
on,run_09.json,1576,0.648000
on,run_09.json,1577,9.736000
on,run_09.json,1578,0.608000
on,run_09.json,1579,0.978000
on,run_09.json,1580,0.648000
on,run_09.json,1581,1.472000
on,run_09.json,1582,0.647000
on,run_09.json,1583,0.619000
on,run_09.json,1584,0.812000
on,run_09.json,1585,0.684000
on,run_09.json,1586,1.405000
on,run_09.json,1587,10.125000
on,run_09.json,1588,0.658000
on,run_09.json,1589,0.950000
on,run_09.json,1590,0.757000
on,run_09.json,1591,1.482000
on,run_09.json,1592,0.812000
on,run_09.json,1593,0.718000
on,run_09.json,1594,0.882000
on,run_09.json,1595,0.603000
on,run_09.json,1596,10.575000
on,run_09.json,1597,0.804000
on,run_09.json,1598,0.901000
on,run_09.json,1599,0.003000
on,run_10.json,0,1.600000
on,run_10.json,1,1.438000
on,run_10.json,2,11.593000
on,run_10.json,3,0.822000
on,run_10.json,4,1.175000
on,run_10.json,5,1.454000
on,run_10.json,6,1.655000
on,run_10.json,7,12.358000
on,run_10.json,8,0.895000
on,run_10.json,9,0.721000
on,run_10.json,10,1.758000
on,run_10.json,11,1.519000
on,run_10.json,12,12.363000
on,run_10.json,13,0.738000
on,run_10.json,14,0.938000
on,run_10.json,15,0.792000
on,run_10.json,16,2.116000
on,run_10.json,17,12.477000
on,run_10.json,18,0.729000
on,run_10.json,19,0.959000
on,run_10.json,20,0.722000
on,run_10.json,21,2.216000
on,run_10.json,22,12.406000
on,run_10.json,23,2.179000
on,run_10.json,24,1.164000
on,run_10.json,25,1.568000
on,run_10.json,26,12.576000
on,run_10.json,27,0.937000
on,run_10.json,28,0.775000
on,run_10.json,29,1.725000
on,run_10.json,30,1.790000
on,run_10.json,31,11.519000
on,run_10.json,32,0.780000
on,run_10.json,33,2.527000
on,run_10.json,34,0.192000
on,run_10.json,35,1.440000
on,run_10.json,36,11.886000
on,run_10.json,37,0.670000
on,run_10.json,38,0.970000
on,run_10.json,39,1.768000
on,run_10.json,40,1.348000
on,run_10.json,41,12.550000
on,run_10.json,42,0.776000
on,run_10.json,43,1.114000
on,run_10.json,44,1.648000
on,run_10.json,45,13.444000
on,run_10.json,46,0.753000
on,run_10.json,47,1.022000
on,run_10.json,48,1.576000
on,run_10.json,49,1.432000
on,run_10.json,50,12.156000
on,run_10.json,51,0.849000
on,run_10.json,52,1.020000
on,run_10.json,53,1.541000
on,run_10.json,54,1.431000
on,run_10.json,55,12.062000
on,run_10.json,56,1.004000
on,run_10.json,57,0.997000
on,run_10.json,58,1.361000
on,run_10.json,59,1.520000
on,run_10.json,60,11.970000
on,run_10.json,61,0.784000
on,run_10.json,62,0.948000
on,run_10.json,63,1.850000
on,run_10.json,64,1.729000
on,run_10.json,65,11.140000
on,run_10.json,66,0.727000
on,run_10.json,67,0.959000
on,run_10.json,68,0.739000
on,run_10.json,69,2.213000
on,run_10.json,70,11.620000
on,run_10.json,71,0.884000
on,run_10.json,72,0.995000
on,run_10.json,73,0.701000
on,run_10.json,74,2.191000
on,run_10.json,75,10.803000
on,run_10.json,76,0.769000
on,run_10.json,77,0.896000
on,run_10.json,78,0.649000
on,run_10.json,79,1.518000
on,run_10.json,80,0.689000
on,run_10.json,81,1.404000
on,run_10.json,82,10.456000
on,run_10.json,83,0.836000
on,run_10.json,84,0.818000
on,run_10.json,85,0.676000
on,run_10.json,86,1.493000
on,run_10.json,87,0.661000
on,run_10.json,88,1.308000
on,run_10.json,89,10.212000
on,run_10.json,90,0.712000
on,run_10.json,91,0.946000
on,run_10.json,92,0.715000
on,run_10.json,93,1.421000
on,run_10.json,94,12.497000
on,run_10.json,95,0.717000
on,run_10.json,96,0.883000
on,run_10.json,97,0.657000
on,run_10.json,98,1.457000
on,run_10.json,99,1.430000
on,run_10.json,100,10.490000
on,run_10.json,101,0.634000
on,run_10.json,102,0.986000
on,run_10.json,103,0.633000
on,run_10.json,104,1.512000
on,run_10.json,105,0.664000
on,run_10.json,106,1.372000
on,run_10.json,107,9.958000
on,run_10.json,108,0.731000
on,run_10.json,109,0.890000
on,run_10.json,110,0.608000
on,run_10.json,111,1.719000
on,run_10.json,112,0.642000
on,run_10.json,113,1.317000
on,run_10.json,114,10.839000
on,run_10.json,115,0.727000
on,run_10.json,116,0.794000
on,run_10.json,117,0.656000
on,run_10.json,118,1.504000
on,run_10.json,119,1.354000
on,run_10.json,120,11.550000
on,run_10.json,121,0.665000
on,run_10.json,122,0.952000
on,run_10.json,123,0.677000
on,run_10.json,124,1.433000
on,run_10.json,125,0.679000
on,run_10.json,126,1.374000
on,run_10.json,127,10.952000
on,run_10.json,128,0.807000
on,run_10.json,129,0.883000
on,run_10.json,130,1.591000
on,run_10.json,131,0.656000
on,run_10.json,132,0.607000
on,run_10.json,133,12.122000
on,run_10.json,134,0.653000
on,run_10.json,135,0.924000
on,run_10.json,136,0.661000
on,run_10.json,137,1.443000
on,run_10.json,138,0.643000
on,run_10.json,139,1.386000
on,run_10.json,140,10.811000
on,run_10.json,141,0.578000
on,run_10.json,142,1.008000
on,run_10.json,143,0.603000
on,run_10.json,144,1.511000
on,run_10.json,145,0.591000
on,run_10.json,146,0.579000
on,run_10.json,147,11.931000
on,run_10.json,148,0.690000
on,run_10.json,149,0.878000
on,run_10.json,150,0.596000
on,run_10.json,151,1.499000
on,run_10.json,152,0.780000
on,run_10.json,153,1.377000
on,run_10.json,154,10.980000
on,run_10.json,155,0.761000
on,run_10.json,156,0.977000
on,run_10.json,157,0.604000
on,run_10.json,158,1.450000
on,run_10.json,159,0.557000
on,run_10.json,160,1.362000
on,run_10.json,161,10.651000
on,run_10.json,162,0.564000
on,run_10.json,163,1.011000
on,run_10.json,164,0.597000
on,run_10.json,165,1.425000
on,run_10.json,166,0.623000
on,run_10.json,167,0.604000
on,run_10.json,168,1.371000
on,run_10.json,169,10.744000
on,run_10.json,170,0.593000
on,run_10.json,171,0.938000
on,run_10.json,172,0.563000
on,run_10.json,173,1.526000
on,run_10.json,174,0.553000
on,run_10.json,175,0.555000
on,run_10.json,176,1.362000
on,run_10.json,177,10.401000
on,run_10.json,178,0.559000
on,run_10.json,179,0.910000
on,run_10.json,180,0.580000
on,run_10.json,181,1.414000
on,run_10.json,182,0.600000
on,run_10.json,183,0.562000
on,run_10.json,184,1.341000
on,run_10.json,185,10.759000
on,run_10.json,186,0.562000
on,run_10.json,187,0.990000
on,run_10.json,188,0.587000
on,run_10.json,189,1.496000
on,run_10.json,190,0.619000
on,run_10.json,191,0.544000
on,run_10.json,192,1.495000
on,run_10.json,193,10.250000
on,run_10.json,194,0.560000
on,run_10.json,195,0.903000
on,run_10.json,196,0.588000
on,run_10.json,197,1.482000
on,run_10.json,198,0.582000
on,run_10.json,199,0.617000
on,run_10.json,200,1.267000
on,run_10.json,201,10.793000
on,run_10.json,202,0.681000
on,run_10.json,203,0.870000
on,run_10.json,204,0.647000
on,run_10.json,205,1.493000
on,run_10.json,206,0.616000
on,run_10.json,207,1.341000
on,run_10.json,208,11.217000
on,run_10.json,209,0.695000
on,run_10.json,210,1.069000
on,run_10.json,211,0.830000
on,run_10.json,212,1.539000
on,run_10.json,213,1.609000
on,run_10.json,214,10.764000
on,run_10.json,215,0.693000
on,run_10.json,216,0.975000
on,run_10.json,217,0.702000
on,run_10.json,218,1.516000
on,run_10.json,219,0.665000
on,run_10.json,220,12.136000
on,run_10.json,221,0.714000
on,run_10.json,222,0.984000
on,run_10.json,223,0.681000
on,run_10.json,224,1.490000
on,run_10.json,225,0.623000
on,run_10.json,226,1.322000
on,run_10.json,227,10.750000
on,run_10.json,228,0.665000
on,run_10.json,229,0.998000
on,run_10.json,230,0.683000
on,run_10.json,231,1.432000
on,run_10.json,232,0.682000
on,run_10.json,233,1.421000
on,run_10.json,234,10.737000
on,run_10.json,235,0.719000
on,run_10.json,236,0.963000
on,run_10.json,237,0.617000
on,run_10.json,238,1.546000
on,run_10.json,239,0.671000
on,run_10.json,240,12.165000
on,run_10.json,241,0.684000
on,run_10.json,242,0.924000
on,run_10.json,243,0.694000
on,run_10.json,244,1.502000
on,run_10.json,245,0.866000
on,run_10.json,246,1.328000
on,run_10.json,247,10.631000
on,run_10.json,248,0.652000
on,run_10.json,249,1.029000
on,run_10.json,250,0.739000
on,run_10.json,251,1.486000
on,run_10.json,252,0.746000
on,run_10.json,253,1.422000
on,run_10.json,254,10.694000
on,run_10.json,255,0.690000
on,run_10.json,256,1.035000
on,run_10.json,257,1.666000
on,run_10.json,258,0.760000
on,run_10.json,259,1.563000
on,run_10.json,260,10.979000
on,run_10.json,261,0.763000
on,run_10.json,262,0.964000
on,run_10.json,263,0.666000
on,run_10.json,264,1.585000
on,run_10.json,265,0.696000
on,run_10.json,266,1.338000
on,run_10.json,267,10.538000
on,run_10.json,268,0.744000
on,run_10.json,269,1.007000
on,run_10.json,270,0.742000
on,run_10.json,271,1.463000
on,run_10.json,272,0.732000
on,run_10.json,273,1.417000
on,run_10.json,274,10.761000
on,run_10.json,275,0.835000
on,run_10.json,276,0.994000
on,run_10.json,277,1.669000
on,run_10.json,278,0.683000
on,run_10.json,279,1.474000
on,run_10.json,280,11.015000
on,run_10.json,281,0.817000
on,run_10.json,282,0.922000
on,run_10.json,283,0.720000
on,run_10.json,284,1.611000
on,run_10.json,285,0.787000
on,run_10.json,286,12.856000
on,run_10.json,287,0.807000
on,run_10.json,288,0.882000
on,run_10.json,289,1.716000
on,run_10.json,290,0.711000
on,run_10.json,291,0.693000
on,run_10.json,292,12.090000
on,run_10.json,293,0.850000
on,run_10.json,294,0.846000
on,run_10.json,295,0.688000
on,run_10.json,296,1.645000
on,run_10.json,297,0.689000
on,run_10.json,298,12.358000
on,run_10.json,299,0.710000
on,run_10.json,300,0.985000
on,run_10.json,301,0.762000
on,run_10.json,302,1.465000
on,run_10.json,303,0.693000
on,run_10.json,304,1.496000
on,run_10.json,305,8.916000
on,run_10.json,306,0.874000
on,run_10.json,307,0.950000
on,run_10.json,308,1.812000
on,run_10.json,309,0.954000
on,run_10.json,310,1.612000
on,run_10.json,311,10.392000
on,run_10.json,312,0.700000
on,run_10.json,313,1.135000
on,run_10.json,314,0.745000
on,run_10.json,315,1.648000
on,run_10.json,316,1.400000
on,run_10.json,317,10.976000
on,run_10.json,318,0.658000
on,run_10.json,319,1.061000
on,run_10.json,320,0.767000
on,run_10.json,321,1.426000
on,run_10.json,322,0.715000
on,run_10.json,323,1.329000
on,run_10.json,324,10.705000
on,run_10.json,325,0.683000
on,run_10.json,326,1.165000
on,run_10.json,327,1.664000
on,run_10.json,328,0.733000
on,run_10.json,329,1.363000
on,run_10.json,330,14.949000
on,run_10.json,331,0.944000
on,run_10.json,332,0.824000
on,run_10.json,333,1.553000
on,run_10.json,334,0.648000
on,run_10.json,335,0.693000
on,run_10.json,336,1.304000
on,run_10.json,337,10.848000
on,run_10.json,338,0.882000
on,run_10.json,339,0.802000
on,run_10.json,340,0.680000
on,run_10.json,341,1.535000
on,run_10.json,342,0.695000
on,run_10.json,343,1.364000
on,run_10.json,344,10.600000
on,run_10.json,345,0.690000
on,run_10.json,346,1.051000
on,run_10.json,347,1.651000
on,run_10.json,348,0.737000
on,run_10.json,349,0.664000
on,run_10.json,350,11.915000
on,run_10.json,351,0.698000
on,run_10.json,352,0.953000
on,run_10.json,353,0.723000
on,run_10.json,354,1.477000
on,run_10.json,355,0.663000
on,run_10.json,356,1.556000
on,run_10.json,357,10.429000
on,run_10.json,358,0.628000
on,run_10.json,359,1.124000
on,run_10.json,360,0.752000
on,run_10.json,361,0.687000
on,run_10.json,362,2.429000
on,run_10.json,363,10.967000
on,run_10.json,364,2.025000
on,run_10.json,365,1.457000
on,run_10.json,366,0.791000
on,run_10.json,367,1.399000
on,run_10.json,368,10.804000
on,run_10.json,369,0.795000
on,run_10.json,370,1.006000
on,run_10.json,371,1.686000
on,run_10.json,372,0.832000
on,run_10.json,373,1.396000
on,run_10.json,374,12.194000
on,run_10.json,375,0.152000
on,run_10.json,376,0.660000
on,run_10.json,377,0.670000
on,run_10.json,378,1.499000
on,run_10.json,379,1.365000
on,run_10.json,380,10.660000
on,run_10.json,381,0.757000
on,run_10.json,382,0.935000
on,run_10.json,383,0.780000
on,run_10.json,384,1.304000
on,run_10.json,385,0.675000
on,run_10.json,386,1.424000
on,run_10.json,387,9.715000
on,run_10.json,388,0.592000
on,run_10.json,389,0.982000
on,run_10.json,390,0.665000
on,run_10.json,391,1.478000
on,run_10.json,392,0.659000
on,run_10.json,393,1.296000
on,run_10.json,394,9.378000
on,run_10.json,395,0.628000
on,run_10.json,396,1.020000
on,run_10.json,397,0.687000
on,run_10.json,398,1.477000
on,run_10.json,399,0.692000
on,run_10.json,400,1.295000
on,run_10.json,401,10.428000
on,run_10.json,402,0.628000
on,run_10.json,403,0.993000
on,run_10.json,404,0.664000
on,run_10.json,405,1.482000
on,run_10.json,406,0.694000
on,run_10.json,407,1.485000
on,run_10.json,408,11.917000
on,run_10.json,409,0.686000
on,run_10.json,410,1.319000
on,run_10.json,411,1.466000
on,run_10.json,412,0.731000
on,run_10.json,413,0.668000
on,run_10.json,414,12.551000
on,run_10.json,415,0.816000
on,run_10.json,416,1.169000
on,run_10.json,417,1.526000
on,run_10.json,418,0.907000
on,run_10.json,419,1.461000
on,run_10.json,420,10.590000
on,run_10.json,421,0.981000
on,run_10.json,422,0.945000
on,run_10.json,423,1.404000
on,run_10.json,424,0.717000
on,run_10.json,425,1.365000
on,run_10.json,426,10.859000
on,run_10.json,427,0.672000
on,run_10.json,428,0.975000
on,run_10.json,429,0.862000
on,run_10.json,430,1.341000
on,run_10.json,431,0.797000
on,run_10.json,432,1.432000
on,run_10.json,433,10.757000
on,run_10.json,434,0.657000
on,run_10.json,435,1.082000
on,run_10.json,436,0.685000
on,run_10.json,437,1.439000
on,run_10.json,438,1.035000
on,run_10.json,439,12.210000
on,run_10.json,440,0.711000
on,run_10.json,441,0.963000
on,run_10.json,442,1.553000
on,run_10.json,443,0.647000
on,run_10.json,444,0.657000
on,run_10.json,445,1.475000
on,run_10.json,446,10.751000
on,run_10.json,447,0.819000
on,run_10.json,448,0.926000
on,run_10.json,449,1.649000
on,run_10.json,450,0.623000
on,run_10.json,451,0.679000
on,run_10.json,452,11.886000
on,run_10.json,453,0.706000
on,run_10.json,454,0.989000
on,run_10.json,455,0.662000
on,run_10.json,456,1.540000
on,run_10.json,457,0.642000
on,run_10.json,458,1.484000
on,run_10.json,459,11.108000
on,run_10.json,460,0.936000
on,run_10.json,461,0.950000
on,run_10.json,462,0.666000
on,run_10.json,463,1.456000
on,run_10.json,464,0.712000
on,run_10.json,465,12.325000
on,run_10.json,466,0.722000
on,run_10.json,467,1.052000
on,run_10.json,468,1.820000
on,run_10.json,469,0.614000
on,run_10.json,470,0.621000
on,run_10.json,471,12.281000
on,run_10.json,472,0.930000
on,run_10.json,473,0.896000
on,run_10.json,474,0.714000
on,run_10.json,475,1.562000
on,run_10.json,476,0.687000
on,run_10.json,477,12.152000
on,run_10.json,478,1.066000
on,run_10.json,479,0.629000
on,run_10.json,480,0.689000
on,run_10.json,481,1.429000
on,run_10.json,482,0.661000
on,run_10.json,483,0.601000
on,run_10.json,484,0.666000
on,run_10.json,485,9.155000
on,run_10.json,486,0.665000
on,run_10.json,487,0.890000
on,run_10.json,488,0.646000
on,run_10.json,489,1.830000
on,run_10.json,490,0.722000
on,run_10.json,491,0.655000
on,run_10.json,492,1.477000
on,run_10.json,493,8.344000
on,run_10.json,494,0.669000
on,run_10.json,495,0.992000
on,run_10.json,496,0.633000
on,run_10.json,497,1.574000
on,run_10.json,498,0.672000
on,run_10.json,499,0.608000
on,run_10.json,500,1.354000
on,run_10.json,501,9.687000
on,run_10.json,502,0.646000
on,run_10.json,503,1.051000
on,run_10.json,504,0.719000
on,run_10.json,505,1.368000
on,run_10.json,506,0.667000
on,run_10.json,507,0.661000
on,run_10.json,508,0.604000
on,run_10.json,509,1.345000
on,run_10.json,510,9.713000
on,run_10.json,511,0.623000
on,run_10.json,512,1.168000
on,run_10.json,513,1.867000
on,run_10.json,514,0.863000
on,run_10.json,515,1.468000
on,run_10.json,516,10.763000
on,run_10.json,517,0.880000
on,run_10.json,518,0.912000
on,run_10.json,519,1.539000
on,run_10.json,520,0.651000
on,run_10.json,521,0.662000
on,run_10.json,522,0.626000
on,run_10.json,523,1.449000
on,run_10.json,524,9.746000
on,run_10.json,525,0.812000
on,run_10.json,526,0.969000
on,run_10.json,527,1.646000
on,run_10.json,528,0.806000
on,run_10.json,529,0.627000
on,run_10.json,530,0.657000
on,run_10.json,531,1.351000
on,run_10.json,532,10.050000
on,run_10.json,533,0.683000
on,run_10.json,534,1.106000
on,run_10.json,535,1.060000
on,run_10.json,536,0.730000
on,run_10.json,537,1.162000
on,run_10.json,538,1.392000
on,run_10.json,539,11.949000
on,run_10.json,540,0.815000
on,run_10.json,541,1.029000
on,run_10.json,542,1.009000
on,run_10.json,543,0.805000
on,run_10.json,544,1.290000
on,run_10.json,545,0.900000
on,run_10.json,546,11.389000
on,run_10.json,547,0.737000
on,run_10.json,548,0.951000
on,run_10.json,549,1.744000
on,run_10.json,550,0.746000
on,run_10.json,551,0.764000
on,run_10.json,552,0.665000
on,run_10.json,553,11.638000
on,run_10.json,554,0.667000
on,run_10.json,555,1.123000
on,run_10.json,556,0.624000
on,run_10.json,557,1.550000
on,run_10.json,558,0.655000
on,run_10.json,559,0.646000
on,run_10.json,560,1.579000
on,run_10.json,561,10.285000
on,run_10.json,562,0.817000
on,run_10.json,563,1.014000
on,run_10.json,564,1.531000
on,run_10.json,565,0.811000
on,run_10.json,566,0.803000
on,run_10.json,567,0.796000
on,run_10.json,568,11.605000
on,run_10.json,569,0.722000
on,run_10.json,570,1.015000
on,run_10.json,571,1.663000
on,run_10.json,572,0.728000
on,run_10.json,573,0.658000
on,run_10.json,574,0.723000
on,run_10.json,575,1.431000
on,run_10.json,576,10.140000
on,run_10.json,577,0.813000
on,run_10.json,578,0.927000
on,run_10.json,579,1.710000
on,run_10.json,580,0.782000
on,run_10.json,581,0.619000
on,run_10.json,582,0.623000
on,run_10.json,583,1.404000
on,run_10.json,584,10.099000
on,run_10.json,585,0.937000
on,run_10.json,586,0.887000
on,run_10.json,587,1.599000
on,run_10.json,588,0.662000
on,run_10.json,589,0.673000
on,run_10.json,590,0.671000
on,run_10.json,591,1.411000
on,run_10.json,592,9.675000
on,run_10.json,593,0.874000
on,run_10.json,594,1.014000
on,run_10.json,595,1.572000
on,run_10.json,596,0.836000
on,run_10.json,597,0.692000
on,run_10.json,598,0.703000
on,run_10.json,599,1.265000
on,run_10.json,600,8.477000
on,run_10.json,601,0.781000
on,run_10.json,602,0.855000
on,run_10.json,603,0.664000
on,run_10.json,604,1.507000
on,run_10.json,605,0.720000
on,run_10.json,606,0.686000
on,run_10.json,607,0.598000
on,run_10.json,608,10.334000
on,run_10.json,609,0.897000
on,run_10.json,610,0.854000
on,run_10.json,611,1.588000
on,run_10.json,612,0.850000
on,run_10.json,613,0.643000
on,run_10.json,614,0.625000
on,run_10.json,615,1.240000
on,run_10.json,616,9.175000
on,run_10.json,617,0.776000
on,run_10.json,618,1.012000
on,run_10.json,619,1.856000
on,run_10.json,620,0.925000
on,run_10.json,621,0.682000
on,run_10.json,622,1.273000
on,run_10.json,623,9.533000
on,run_10.json,624,0.644000
on,run_10.json,625,0.936000
on,run_10.json,626,0.611000
on,run_10.json,627,1.568000
on,run_10.json,628,0.786000
on,run_10.json,629,0.680000
on,run_10.json,630,0.739000
on,run_10.json,631,9.439000
on,run_10.json,632,0.790000
on,run_10.json,633,0.851000
on,run_10.json,634,1.673000
on,run_10.json,635,0.649000
on,run_10.json,636,0.701000
on,run_10.json,637,0.643000
on,run_10.json,638,1.324000
on,run_10.json,639,9.950000
on,run_10.json,640,1.195000
on,run_10.json,641,0.760000
on,run_10.json,642,1.377000
on,run_10.json,643,0.840000
on,run_10.json,644,0.623000
on,run_10.json,645,0.691000
on,run_10.json,646,1.401000
on,run_10.json,647,9.811000
on,run_10.json,648,0.668000
on,run_10.json,649,0.958000
on,run_10.json,650,1.564000
on,run_10.json,651,0.684000
on,run_10.json,652,0.698000
on,run_10.json,653,0.684000
on,run_10.json,654,1.369000
on,run_10.json,655,9.953000
on,run_10.json,656,0.635000
on,run_10.json,657,0.911000
on,run_10.json,658,0.636000
on,run_10.json,659,1.516000
on,run_10.json,660,0.654000
on,run_10.json,661,0.609000
on,run_10.json,662,0.600000
on,run_10.json,663,1.423000
on,run_10.json,664,9.588000
on,run_10.json,665,0.684000
on,run_10.json,666,0.928000
on,run_10.json,667,0.682000
on,run_10.json,668,1.447000
on,run_10.json,669,0.673000
on,run_10.json,670,0.671000
on,run_10.json,671,0.640000
on,run_10.json,672,1.311000
on,run_10.json,673,9.821000
on,run_10.json,674,0.750000
on,run_10.json,675,0.866000
on,run_10.json,676,1.721000
on,run_10.json,677,0.691000
on,run_10.json,678,0.671000
on,run_10.json,679,0.687000
on,run_10.json,680,1.251000
on,run_10.json,681,10.089000
on,run_10.json,682,0.805000
on,run_10.json,683,0.859000
on,run_10.json,684,0.636000
on,run_10.json,685,1.560000
on,run_10.json,686,0.611000
on,run_10.json,687,0.628000
on,run_10.json,688,0.621000
on,run_10.json,689,1.242000
on,run_10.json,690,9.453000
on,run_10.json,691,0.748000
on,run_10.json,692,0.851000
on,run_10.json,693,0.692000
on,run_10.json,694,1.382000
on,run_10.json,695,0.674000
on,run_10.json,696,0.667000
on,run_10.json,697,0.667000
on,run_10.json,698,1.365000
on,run_10.json,699,9.634000
on,run_10.json,700,0.694000
on,run_10.json,701,0.974000
on,run_10.json,702,1.583000
on,run_10.json,703,0.671000
on,run_10.json,704,0.667000
on,run_10.json,705,1.930000
on,run_10.json,706,10.451000
on,run_10.json,707,0.818000
on,run_10.json,708,0.921000
on,run_10.json,709,1.496000
on,run_10.json,710,0.734000
on,run_10.json,711,0.686000
on,run_10.json,712,0.587000
on,run_10.json,713,1.263000
on,run_10.json,714,9.850000
on,run_10.json,715,0.704000
on,run_10.json,716,2.452000
on,run_10.json,717,0.549000
on,run_10.json,718,0.671000
on,run_10.json,719,0.620000
on,run_10.json,720,0.655000
on,run_10.json,721,1.304000
on,run_10.json,722,9.868000
on,run_10.json,723,0.736000
on,run_10.json,724,0.834000
on,run_10.json,725,0.591000
on,run_10.json,726,1.538000
on,run_10.json,727,0.675000
on,run_10.json,728,0.609000
on,run_10.json,729,0.688000
on,run_10.json,730,1.326000
on,run_10.json,731,9.670000
on,run_10.json,732,0.722000
on,run_10.json,733,1.012000
on,run_10.json,734,0.646000
on,run_10.json,735,1.502000
on,run_10.json,736,0.605000
on,run_10.json,737,0.705000
on,run_10.json,738,0.634000
on,run_10.json,739,10.666000
on,run_10.json,740,0.737000
on,run_10.json,741,0.942000
on,run_10.json,742,0.688000
on,run_10.json,743,1.450000
on,run_10.json,744,0.700000
on,run_10.json,745,0.686000
on,run_10.json,746,0.614000
on,run_10.json,747,1.471000
on,run_10.json,748,9.784000
on,run_10.json,749,1.563000
on,run_10.json,750,1.914000
on,run_10.json,751,0.844000
on,run_10.json,752,0.899000
on,run_10.json,753,1.416000
on,run_10.json,754,10.228000
on,run_10.json,755,1.368000
on,run_10.json,756,0.842000
on,run_10.json,757,1.753000
on,run_10.json,758,0.838000
on,run_10.json,759,0.701000
on,run_10.json,760,10.889000
on,run_10.json,761,1.323000
on,run_10.json,762,0.900000
on,run_10.json,763,1.353000
on,run_10.json,764,0.806000
on,run_10.json,765,0.731000
on,run_10.json,766,1.395000
on,run_10.json,767,10.035000
on,run_10.json,768,0.915000
on,run_10.json,769,0.776000
on,run_10.json,770,1.819000
on,run_10.json,771,0.665000
on,run_10.json,772,0.757000
on,run_10.json,773,0.666000
on,run_10.json,774,1.548000
on,run_10.json,775,9.566000
on,run_10.json,776,0.679000
on,run_10.json,777,0.999000
on,run_10.json,778,0.622000
on,run_10.json,779,1.599000
on,run_10.json,780,0.654000
on,run_10.json,781,0.678000
on,run_10.json,782,1.362000
on,run_10.json,783,9.915000
on,run_10.json,784,0.679000
on,run_10.json,785,1.042000
on,run_10.json,786,1.663000
on,run_10.json,787,0.696000
on,run_10.json,788,0.636000
on,run_10.json,789,0.702000
on,run_10.json,790,1.408000
on,run_10.json,791,9.953000
on,run_10.json,792,0.804000
on,run_10.json,793,0.888000
on,run_10.json,794,1.624000
on,run_10.json,795,0.628000
on,run_10.json,796,0.706000
on,run_10.json,797,0.657000
on,run_10.json,798,1.300000
on,run_10.json,799,10.061000
on,run_10.json,800,0.809000
on,run_10.json,801,0.897000
on,run_10.json,802,1.580000
on,run_10.json,803,0.653000
on,run_10.json,804,0.671000
on,run_10.json,805,0.661000
on,run_10.json,806,1.348000
on,run_10.json,807,9.914000
on,run_10.json,808,0.695000
on,run_10.json,809,1.035000
on,run_10.json,810,1.736000
on,run_10.json,811,0.790000
on,run_10.json,812,0.685000
on,run_10.json,813,0.701000
on,run_10.json,814,1.374000
on,run_10.json,815,11.048000
on,run_10.json,816,0.743000
on,run_10.json,817,0.960000
on,run_10.json,818,1.642000
on,run_10.json,819,0.672000
on,run_10.json,820,0.671000
on,run_10.json,821,0.900000
on,run_10.json,822,1.352000
on,run_10.json,823,10.297000
on,run_10.json,824,0.866000
on,run_10.json,825,0.827000
on,run_10.json,826,1.741000
on,run_10.json,827,0.716000
on,run_10.json,828,0.701000
on,run_10.json,829,0.644000
on,run_10.json,830,1.454000
on,run_10.json,831,8.075000
on,run_10.json,832,0.725000
on,run_10.json,833,0.940000
on,run_10.json,834,0.715000
on,run_10.json,835,1.531000
on,run_10.json,836,0.698000
on,run_10.json,837,0.742000
on,run_10.json,838,1.453000
on,run_10.json,839,9.590000
on,run_10.json,840,0.789000
on,run_10.json,841,0.959000
on,run_10.json,842,0.735000
on,run_10.json,843,1.414000
on,run_10.json,844,0.706000
on,run_10.json,845,0.835000
on,run_10.json,846,1.340000
on,run_10.json,847,9.837000
on,run_10.json,848,0.831000
on,run_10.json,849,0.894000
on,run_10.json,850,1.883000
on,run_10.json,851,0.874000
on,run_10.json,852,0.766000
on,run_10.json,853,1.504000
on,run_10.json,854,14.054000
on,run_10.json,855,0.947000
on,run_10.json,856,0.903000
on,run_10.json,857,1.942000
on,run_10.json,858,0.844000
on,run_10.json,859,0.887000
on,run_10.json,860,1.552000
on,run_10.json,861,9.604000
on,run_10.json,862,0.950000
on,run_10.json,863,1.054000
on,run_10.json,864,1.469000
on,run_10.json,865,0.788000
on,run_10.json,866,0.757000
on,run_10.json,867,1.455000
on,run_10.json,868,10.206000
on,run_10.json,869,0.848000
on,run_10.json,870,0.940000
on,run_10.json,871,1.558000
on,run_10.json,872,0.793000
on,run_10.json,873,0.719000
on,run_10.json,874,0.641000
on,run_10.json,875,1.382000
on,run_10.json,876,9.592000
on,run_10.json,877,0.808000
on,run_10.json,878,1.144000
on,run_10.json,879,1.538000
on,run_10.json,880,0.893000
on,run_10.json,881,0.816000
on,run_10.json,882,0.720000
on,run_10.json,883,10.782000
on,run_10.json,884,0.805000
on,run_10.json,885,1.001000
on,run_10.json,886,0.660000
on,run_10.json,887,1.505000
on,run_10.json,888,0.684000
on,run_10.json,889,0.704000
on,run_10.json,890,1.409000
on,run_10.json,891,9.494000
on,run_10.json,892,0.772000
on,run_10.json,893,1.016000
on,run_10.json,894,0.656000
on,run_10.json,895,1.503000
on,run_10.json,896,0.689000
on,run_10.json,897,0.685000
on,run_10.json,898,1.445000
on,run_10.json,899,9.747000
on,run_10.json,900,1.049000
on,run_10.json,901,0.945000
on,run_10.json,902,1.624000
on,run_10.json,903,0.710000
on,run_10.json,904,0.817000
on,run_10.json,905,0.688000
on,run_10.json,906,10.669000
on,run_10.json,907,0.887000
on,run_10.json,908,0.946000
on,run_10.json,909,1.692000
on,run_10.json,910,0.927000
on,run_10.json,911,0.961000
on,run_10.json,912,1.455000
on,run_10.json,913,8.509000
on,run_10.json,914,0.721000
on,run_10.json,915,0.803000
on,run_10.json,916,0.672000
on,run_10.json,917,1.592000
on,run_10.json,918,0.740000
on,run_10.json,919,0.766000
on,run_10.json,920,1.332000
on,run_10.json,921,8.263000
on,run_10.json,922,0.663000
on,run_10.json,923,0.961000
on,run_10.json,924,1.808000
on,run_10.json,925,0.745000
on,run_10.json,926,0.802000
on,run_10.json,927,0.651000
on,run_10.json,928,1.502000
on,run_10.json,929,9.752000
on,run_10.json,930,0.875000
on,run_10.json,931,0.947000
on,run_10.json,932,1.572000
on,run_10.json,933,1.043000
on,run_10.json,934,0.788000
on,run_10.json,935,1.457000
on,run_10.json,936,11.841000
on,run_10.json,937,0.866000
on,run_10.json,938,0.899000
on,run_10.json,939,1.613000
on,run_10.json,940,0.633000
on,run_10.json,941,0.647000
on,run_10.json,942,0.615000
on,run_10.json,943,1.372000
on,run_10.json,944,9.363000
on,run_10.json,945,0.691000
on,run_10.json,946,0.929000
on,run_10.json,947,0.619000
on,run_10.json,948,1.551000
on,run_10.json,949,0.667000
on,run_10.json,950,0.621000
on,run_10.json,951,0.656000
on,run_10.json,952,1.343000
on,run_10.json,953,9.333000
on,run_10.json,954,0.818000
on,run_10.json,955,1.007000
on,run_10.json,956,1.634000
on,run_10.json,957,0.739000
on,run_10.json,958,0.820000
on,run_10.json,959,0.836000
on,run_10.json,960,11.180000
on,run_10.json,961,0.776000
on,run_10.json,962,1.021000
on,run_10.json,963,1.593000
on,run_10.json,964,0.702000
on,run_10.json,965,0.733000
on,run_10.json,966,0.700000
on,run_10.json,967,1.338000
on,run_10.json,968,9.891000
on,run_10.json,969,0.680000
on,run_10.json,970,1.099000
on,run_10.json,971,1.696000
on,run_10.json,972,0.764000
on,run_10.json,973,0.697000
on,run_10.json,974,0.733000
on,run_10.json,975,1.406000
on,run_10.json,976,9.685000
on,run_10.json,977,0.876000
on,run_10.json,978,0.829000
on,run_10.json,979,1.601000
on,run_10.json,980,0.692000
on,run_10.json,981,0.716000
on,run_10.json,982,0.674000
on,run_10.json,983,1.351000
on,run_10.json,984,10.436000
on,run_10.json,985,0.889000
on,run_10.json,986,0.933000
on,run_10.json,987,1.618000
on,run_10.json,988,0.654000
on,run_10.json,989,0.724000
on,run_10.json,990,0.709000
on,run_10.json,991,1.251000
on,run_10.json,992,10.401000
on,run_10.json,993,0.660000
on,run_10.json,994,1.063000
on,run_10.json,995,1.780000
on,run_10.json,996,0.731000
on,run_10.json,997,0.645000
on,run_10.json,998,0.673000
on,run_10.json,999,1.422000
on,run_10.json,1000,10.151000
on,run_10.json,1001,0.716000
on,run_10.json,1002,1.040000
on,run_10.json,1003,1.569000
on,run_10.json,1004,0.622000
on,run_10.json,1005,0.600000
on,run_10.json,1006,0.644000
on,run_10.json,1007,0.562000
on,run_10.json,1008,9.269000
on,run_10.json,1009,0.616000
on,run_10.json,1010,0.926000
on,run_10.json,1011,0.601000
on,run_10.json,1012,1.469000
on,run_10.json,1013,0.688000
on,run_10.json,1014,0.725000
on,run_10.json,1015,0.614000
on,run_10.json,1016,1.492000
on,run_10.json,1017,7.816000
on,run_10.json,1018,0.634000
on,run_10.json,1019,1.011000
on,run_10.json,1020,0.610000
on,run_10.json,1021,1.500000
on,run_10.json,1022,0.630000
on,run_10.json,1023,0.674000
on,run_10.json,1024,0.683000
on,run_10.json,1025,1.321000
on,run_10.json,1026,9.522000
on,run_10.json,1027,0.680000
on,run_10.json,1028,0.947000
on,run_10.json,1029,0.587000
on,run_10.json,1030,1.550000
on,run_10.json,1031,0.886000
on,run_10.json,1032,0.592000
on,run_10.json,1033,0.661000
on,run_10.json,1034,10.868000
on,run_10.json,1035,0.633000
on,run_10.json,1036,0.987000
on,run_10.json,1037,0.646000
on,run_10.json,1038,1.472000
on,run_10.json,1039,0.627000
on,run_10.json,1040,0.666000
on,run_10.json,1041,0.655000
on,run_10.json,1042,1.252000
on,run_10.json,1043,9.497000
on,run_10.json,1044,0.710000
on,run_10.json,1045,0.971000
on,run_10.json,1046,2.090000
on,run_10.json,1047,0.546000
on,run_10.json,1048,0.632000
on,run_10.json,1049,0.700000
on,run_10.json,1050,0.647000
on,run_10.json,1051,0.678000
on,run_10.json,1052,9.791000
on,run_10.json,1053,0.703000
on,run_10.json,1054,0.997000
on,run_10.json,1055,1.598000
on,run_10.json,1056,0.724000
on,run_10.json,1057,2.086000
on,run_10.json,1058,0.568000
on,run_10.json,1059,1.426000
on,run_10.json,1060,9.764000
on,run_10.json,1061,0.613000
on,run_10.json,1062,1.030000
on,run_10.json,1063,0.643000
on,run_10.json,1064,1.554000
on,run_10.json,1065,0.622000
on,run_10.json,1066,0.651000
on,run_10.json,1067,0.711000
on,run_10.json,1068,11.589000
on,run_10.json,1069,0.644000
on,run_10.json,1070,1.210000
on,run_10.json,1071,1.678000
on,run_10.json,1072,0.721000
on,run_10.json,1073,0.619000
on,run_10.json,1074,0.664000
on,run_10.json,1075,1.411000
on,run_10.json,1076,10.537000
on,run_10.json,1077,0.703000
on,run_10.json,1078,1.174000
on,run_10.json,1079,1.460000
on,run_10.json,1080,0.650000
on,run_10.json,1081,0.655000
on,run_10.json,1082,0.671000
on,run_10.json,1083,0.684000
on,run_10.json,1084,0.704000
on,run_10.json,1085,1.315000
on,run_10.json,1086,9.291000
on,run_10.json,1087,0.875000
on,run_10.json,1088,1.257000
on,run_10.json,1089,1.277000
on,run_10.json,1090,0.643000
on,run_10.json,1091,0.671000
on,run_10.json,1092,0.709000
on,run_10.json,1093,1.369000
on,run_10.json,1094,10.297000
on,run_10.json,1095,0.815000
on,run_10.json,1096,0.996000
on,run_10.json,1097,1.761000
on,run_10.json,1098,0.754000
on,run_10.json,1099,0.627000
on,run_10.json,1100,0.706000
on,run_10.json,1101,0.710000
on,run_10.json,1102,1.420000
on,run_10.json,1103,9.483000
on,run_10.json,1104,0.761000
on,run_10.json,1105,0.875000
on,run_10.json,1106,0.728000
on,run_10.json,1107,1.461000
on,run_10.json,1108,0.754000
on,run_10.json,1109,0.730000
on,run_10.json,1110,0.729000
on,run_10.json,1111,0.626000
on,run_10.json,1112,1.336000
on,run_10.json,1113,8.900000
on,run_10.json,1114,0.736000
on,run_10.json,1115,1.236000
on,run_10.json,1116,1.486000
on,run_10.json,1117,0.730000
on,run_10.json,1118,0.607000
on,run_10.json,1119,0.696000
on,run_10.json,1120,0.699000
on,run_10.json,1121,0.642000
on,run_10.json,1122,9.373000
on,run_10.json,1123,0.765000
on,run_10.json,1124,0.968000
on,run_10.json,1125,1.495000
on,run_10.json,1126,0.754000
on,run_10.json,1127,0.672000
on,run_10.json,1128,0.723000
on,run_10.json,1129,0.705000
on,run_10.json,1130,0.631000
on,run_10.json,1131,8.821000
on,run_10.json,1132,0.800000
on,run_10.json,1133,0.886000
on,run_10.json,1134,1.652000
on,run_10.json,1135,0.675000
on,run_10.json,1136,0.704000
on,run_10.json,1137,0.717000
on,run_10.json,1138,1.339000
on,run_10.json,1139,9.177000
on,run_10.json,1140,1.191000
on,run_10.json,1141,0.711000
on,run_10.json,1142,1.537000
on,run_10.json,1143,0.651000
on,run_10.json,1144,0.705000
on,run_10.json,1145,0.620000
on,run_10.json,1146,1.375000
on,run_10.json,1147,8.806000
on,run_10.json,1148,0.756000
on,run_10.json,1149,1.003000
on,run_10.json,1150,1.601000
on,run_10.json,1151,0.768000
on,run_10.json,1152,0.730000
on,run_10.json,1153,0.599000
on,run_10.json,1154,0.707000
on,run_10.json,1155,0.695000
on,run_10.json,1156,8.656000
on,run_10.json,1157,0.682000
on,run_10.json,1158,1.126000
on,run_10.json,1159,1.699000
on,run_10.json,1160,0.773000
on,run_10.json,1161,0.704000
on,run_10.json,1162,0.702000
on,run_10.json,1163,0.697000
on,run_10.json,1164,1.308000
on,run_10.json,1165,9.056000
on,run_10.json,1166,0.782000
on,run_10.json,1167,1.023000
on,run_10.json,1168,1.634000
on,run_10.json,1169,0.742000
on,run_10.json,1170,0.680000
on,run_10.json,1171,0.647000
on,run_10.json,1172,0.708000
on,run_10.json,1173,0.688000
on,run_10.json,1174,9.598000
on,run_10.json,1175,0.736000
on,run_10.json,1176,0.941000
on,run_10.json,1177,1.835000
on,run_10.json,1178,0.729000
on,run_10.json,1179,0.627000
on,run_10.json,1180,0.646000
on,run_10.json,1181,0.704000
on,run_10.json,1182,0.663000
on,run_10.json,1183,9.839000
on,run_10.json,1184,0.697000
on,run_10.json,1185,0.862000
on,run_10.json,1186,0.609000
on,run_10.json,1187,1.499000
on,run_10.json,1188,0.586000
on,run_10.json,1189,0.752000
on,run_10.json,1190,0.716000
on,run_10.json,1191,0.820000
on,run_10.json,1192,1.432000
on,run_10.json,1193,8.746000
on,run_10.json,1194,0.669000
on,run_10.json,1195,0.868000
on,run_10.json,1196,0.731000
on,run_10.json,1197,1.446000
on,run_10.json,1198,0.620000
on,run_10.json,1199,0.689000
on,run_10.json,1200,0.651000
on,run_10.json,1201,0.616000
on,run_10.json,1202,1.275000
on,run_10.json,1203,8.815000
on,run_10.json,1204,0.615000
on,run_10.json,1205,0.959000
on,run_10.json,1206,0.626000
on,run_10.json,1207,1.519000
on,run_10.json,1208,0.607000
on,run_10.json,1209,0.566000
on,run_10.json,1210,0.650000
on,run_10.json,1211,0.666000
on,run_10.json,1212,0.620000
on,run_10.json,1213,1.369000
on,run_10.json,1214,8.674000
on,run_10.json,1215,0.646000
on,run_10.json,1216,0.968000
on,run_10.json,1217,0.639000
on,run_10.json,1218,1.495000
on,run_10.json,1219,0.639000
on,run_10.json,1220,0.764000
on,run_10.json,1221,0.684000
on,run_10.json,1222,0.645000
on,run_10.json,1223,1.505000
on,run_10.json,1224,8.822000
on,run_10.json,1225,0.913000
on,run_10.json,1226,0.983000
on,run_10.json,1227,1.599000
on,run_10.json,1228,0.877000
on,run_10.json,1229,0.810000
on,run_10.json,1230,0.795000
on,run_10.json,1231,0.797000
on,run_10.json,1232,9.680000
on,run_10.json,1233,1.227000
on,run_10.json,1234,0.832000
on,run_10.json,1235,1.441000
on,run_10.json,1236,0.972000
on,run_10.json,1237,0.800000
on,run_10.json,1238,0.661000
on,run_10.json,1239,0.688000
on,run_10.json,1240,1.259000
on,run_10.json,1241,8.813000
on,run_10.json,1242,0.650000
on,run_10.json,1243,1.025000
on,run_10.json,1244,1.615000
on,run_10.json,1245,0.629000
on,run_10.json,1246,0.667000
on,run_10.json,1247,0.596000
on,run_10.json,1248,0.680000
on,run_10.json,1249,0.702000
on,run_10.json,1250,1.334000
on,run_10.json,1251,8.718000
on,run_10.json,1252,0.719000
on,run_10.json,1253,1.069000
on,run_10.json,1254,0.664000
on,run_10.json,1255,1.642000
on,run_10.json,1256,0.698000
on,run_10.json,1257,0.686000
on,run_10.json,1258,0.691000
on,run_10.json,1259,1.414000
on,run_10.json,1260,9.010000
on,run_10.json,1261,0.676000
on,run_10.json,1262,1.065000
on,run_10.json,1263,1.617000
on,run_10.json,1264,0.665000
on,run_10.json,1265,0.742000
on,run_10.json,1266,0.688000
on,run_10.json,1267,0.710000
on,run_10.json,1268,0.658000
on,run_10.json,1269,9.973000
on,run_10.json,1270,0.720000
on,run_10.json,1271,1.145000
on,run_10.json,1272,1.575000
on,run_10.json,1273,0.771000
on,run_10.json,1274,0.671000
on,run_10.json,1275,0.695000
on,run_10.json,1276,0.666000
on,run_10.json,1277,1.399000
on,run_10.json,1278,8.958000
on,run_10.json,1279,0.741000
on,run_10.json,1280,1.011000
on,run_10.json,1281,1.687000
on,run_10.json,1282,0.696000
on,run_10.json,1283,0.746000
on,run_10.json,1284,0.653000
on,run_10.json,1285,0.740000
on,run_10.json,1286,1.421000
on,run_10.json,1287,8.876000
on,run_10.json,1288,0.746000
on,run_10.json,1289,1.010000
on,run_10.json,1290,1.680000
on,run_10.json,1291,0.706000
on,run_10.json,1292,0.677000
on,run_10.json,1293,0.699000
on,run_10.json,1294,0.698000
on,run_10.json,1295,0.674000
on,run_10.json,1296,9.971000
on,run_10.json,1297,0.913000
on,run_10.json,1298,0.959000
on,run_10.json,1299,1.575000
on,run_10.json,1300,0.781000
on,run_10.json,1301,0.752000
on,run_10.json,1302,0.822000
on,run_10.json,1303,0.746000
on,run_10.json,1304,1.373000
on,run_10.json,1305,8.634000
on,run_10.json,1306,0.765000
on,run_10.json,1307,1.005000
on,run_10.json,1308,1.598000
on,run_10.json,1309,0.749000
on,run_10.json,1310,0.704000
on,run_10.json,1311,0.715000
on,run_10.json,1312,0.688000
on,run_10.json,1313,1.400000
on,run_10.json,1314,8.939000
on,run_10.json,1315,0.778000
on,run_10.json,1316,1.025000
on,run_10.json,1317,1.570000
on,run_10.json,1318,0.690000
on,run_10.json,1319,0.780000
on,run_10.json,1320,0.744000
on,run_10.json,1321,0.719000
on,run_10.json,1322,1.420000
on,run_10.json,1323,9.098000
on,run_10.json,1324,0.784000
on,run_10.json,1325,0.944000
on,run_10.json,1326,0.672000
on,run_10.json,1327,1.548000
on,run_10.json,1328,0.635000
on,run_10.json,1329,0.636000
on,run_10.json,1330,0.706000
on,run_10.json,1331,0.920000
on,run_10.json,1332,10.022000
on,run_10.json,1333,0.926000
on,run_10.json,1334,0.811000
on,run_10.json,1335,1.604000
on,run_10.json,1336,0.753000
on,run_10.json,1337,0.702000
on,run_10.json,1338,0.735000
on,run_10.json,1339,0.823000
on,run_10.json,1340,1.576000
on,run_10.json,1341,9.996000
on,run_10.json,1342,0.795000
on,run_10.json,1343,0.929000
on,run_10.json,1344,0.650000
on,run_10.json,1345,1.667000
on,run_10.json,1346,0.775000
on,run_10.json,1347,0.681000
on,run_10.json,1348,0.689000
on,run_10.json,1349,1.494000
on,run_10.json,1350,9.405000
on,run_10.json,1351,0.850000
on,run_10.json,1352,1.049000
on,run_10.json,1353,1.533000
on,run_10.json,1354,0.683000
on,run_10.json,1355,0.762000
on,run_10.json,1356,0.773000
on,run_10.json,1357,0.667000
on,run_10.json,1358,1.387000
on,run_10.json,1359,7.180000
on,run_10.json,1360,0.786000
on,run_10.json,1361,1.049000
on,run_10.json,1362,1.549000
on,run_10.json,1363,0.884000
on,run_10.json,1364,0.780000
on,run_10.json,1365,0.690000
on,run_10.json,1366,0.708000
on,run_10.json,1367,1.489000
on,run_10.json,1368,8.842000
on,run_10.json,1369,0.891000
on,run_10.json,1370,0.756000
on,run_10.json,1371,1.614000
on,run_10.json,1372,0.682000
on,run_10.json,1373,0.774000
on,run_10.json,1374,0.797000
on,run_10.json,1375,0.745000
on,run_10.json,1376,13.962000
on,run_10.json,1377,0.806000
on,run_10.json,1378,1.025000
on,run_10.json,1379,1.903000
on,run_10.json,1380,0.850000
on,run_10.json,1381,0.843000
on,run_10.json,1382,0.681000
on,run_10.json,1383,1.560000
on,run_10.json,1384,9.261000
on,run_10.json,1385,0.869000
on,run_10.json,1386,0.977000
on,run_10.json,1387,2.894000
on,run_10.json,1388,0.617000
on,run_10.json,1389,0.825000
on,run_10.json,1390,1.480000
on,run_10.json,1391,8.896000
on,run_10.json,1392,0.685000
on,run_10.json,1393,1.027000
on,run_10.json,1394,0.708000
on,run_10.json,1395,1.510000
on,run_10.json,1396,0.747000
on,run_10.json,1397,0.730000
on,run_10.json,1398,2.061000
on,run_10.json,1399,9.292000
on,run_10.json,1400,0.661000
on,run_10.json,1401,1.063000
on,run_10.json,1402,0.690000
on,run_10.json,1403,1.545000
on,run_10.json,1404,0.729000
on,run_10.json,1405,0.737000
on,run_10.json,1406,0.877000
on,run_10.json,1407,1.385000
on,run_10.json,1408,8.707000
on,run_10.json,1409,0.694000
on,run_10.json,1410,0.972000
on,run_10.json,1411,1.710000
on,run_10.json,1412,0.764000
on,run_10.json,1413,0.778000
on,run_10.json,1414,0.674000
on,run_10.json,1415,0.738000
on,run_10.json,1416,1.400000
on,run_10.json,1417,8.716000
on,run_10.json,1418,0.897000
on,run_10.json,1419,0.828000
on,run_10.json,1420,0.728000
on,run_10.json,1421,1.762000
on,run_10.json,1422,0.930000
on,run_10.json,1423,0.841000
on,run_10.json,1424,0.868000
on,run_10.json,1425,9.478000
on,run_10.json,1426,0.852000
on,run_10.json,1427,1.031000
on,run_10.json,1428,1.697000
on,run_10.json,1429,0.736000
on,run_10.json,1430,0.634000
on,run_10.json,1431,0.848000
on,run_10.json,1432,0.699000
on,run_10.json,1433,1.395000
on,run_10.json,1434,8.393000
on,run_10.json,1435,0.640000
on,run_10.json,1436,0.949000
on,run_10.json,1437,0.695000
on,run_10.json,1438,1.446000
on,run_10.json,1439,0.681000
on,run_10.json,1440,0.741000
on,run_10.json,1441,0.669000
on,run_10.json,1442,0.656000
on,run_10.json,1443,1.680000
on,run_10.json,1444,6.743000
on,run_10.json,1445,0.628000
on,run_10.json,1446,0.969000
on,run_10.json,1447,0.637000
on,run_10.json,1448,1.596000
on,run_10.json,1449,0.739000
on,run_10.json,1450,0.707000
on,run_10.json,1451,0.715000
on,run_10.json,1452,0.627000
on,run_10.json,1453,1.426000
on,run_10.json,1454,7.605000
on,run_10.json,1455,0.727000
on,run_10.json,1456,0.974000
on,run_10.json,1457,0.734000
on,run_10.json,1458,1.523000
on,run_10.json,1459,0.719000
on,run_10.json,1460,0.718000
on,run_10.json,1461,0.659000
on,run_10.json,1462,0.730000
on,run_10.json,1463,1.385000
on,run_10.json,1464,10.141000
on,run_10.json,1465,0.722000
on,run_10.json,1466,0.993000
on,run_10.json,1467,1.716000
on,run_10.json,1468,0.698000
on,run_10.json,1469,0.619000
on,run_10.json,1470,0.695000
on,run_10.json,1471,0.711000
on,run_10.json,1472,0.620000
on,run_10.json,1473,1.348000
on,run_10.json,1474,8.355000
on,run_10.json,1475,0.715000
on,run_10.json,1476,1.004000
on,run_10.json,1477,0.625000
on,run_10.json,1478,1.669000
on,run_10.json,1479,0.681000
on,run_10.json,1480,0.653000
on,run_10.json,1481,0.760000
on,run_10.json,1482,0.677000
on,run_10.json,1483,10.001000
on,run_10.json,1484,0.739000
on,run_10.json,1485,0.998000
on,run_10.json,1486,1.629000
on,run_10.json,1487,0.875000
on,run_10.json,1488,0.752000
on,run_10.json,1489,0.700000
on,run_10.json,1490,0.673000
on,run_10.json,1491,1.343000
on,run_10.json,1492,9.110000
on,run_10.json,1493,0.705000
on,run_10.json,1494,0.989000
on,run_10.json,1495,0.737000
on,run_10.json,1496,1.499000
on,run_10.json,1497,0.654000
on,run_10.json,1498,0.728000
on,run_10.json,1499,0.683000
on,run_10.json,1500,0.619000
on,run_10.json,1501,1.421000
on,run_10.json,1502,8.859000
on,run_10.json,1503,0.800000
on,run_10.json,1504,0.888000
on,run_10.json,1505,1.670000
on,run_10.json,1506,0.739000
on,run_10.json,1507,0.625000
on,run_10.json,1508,0.723000
on,run_10.json,1509,0.733000
on,run_10.json,1510,1.472000
on,run_10.json,1511,9.606000
on,run_10.json,1512,0.813000
on,run_10.json,1513,0.949000
on,run_10.json,1514,1.802000
on,run_10.json,1515,0.916000
on,run_10.json,1516,0.854000
on,run_10.json,1517,0.774000
on,run_10.json,1518,0.773000
on,run_10.json,1519,10.420000
on,run_10.json,1520,0.824000
on,run_10.json,1521,1.046000
on,run_10.json,1522,1.571000
on,run_10.json,1523,0.747000
on,run_10.json,1524,0.689000
on,run_10.json,1525,0.724000
on,run_10.json,1526,0.621000
on,run_10.json,1527,1.378000
on,run_10.json,1528,9.466000
on,run_10.json,1529,0.739000
on,run_10.json,1530,0.914000
on,run_10.json,1531,1.668000
on,run_10.json,1532,0.782000
on,run_10.json,1533,0.719000
on,run_10.json,1534,0.737000
on,run_10.json,1535,0.640000
on,run_10.json,1536,1.338000
on,run_10.json,1537,7.552000
on,run_10.json,1538,1.013000
on,run_10.json,1539,1.045000
on,run_10.json,1540,1.384000
on,run_10.json,1541,0.710000
on,run_10.json,1542,0.745000
on,run_10.json,1543,0.713000
on,run_10.json,1544,0.690000
on,run_10.json,1545,1.343000
on,run_10.json,1546,7.352000
on,run_10.json,1547,0.780000
on,run_10.json,1548,0.936000
on,run_10.json,1549,0.732000
on,run_10.json,1550,1.487000
on,run_10.json,1551,0.725000
on,run_10.json,1552,0.728000
on,run_10.json,1553,0.656000
on,run_10.json,1554,0.715000
on,run_10.json,1555,1.442000
on,run_10.json,1556,7.879000
on,run_10.json,1557,0.737000
on,run_10.json,1558,0.956000
on,run_10.json,1559,1.694000
on,run_10.json,1560,0.639000
on,run_10.json,1561,0.694000
on,run_10.json,1562,0.726000
on,run_10.json,1563,0.652000
on,run_10.json,1564,1.629000
on,run_10.json,1565,9.248000
on,run_10.json,1566,0.773000
on,run_10.json,1567,0.902000
on,run_10.json,1568,1.400000
on,run_10.json,1569,0.672000
on,run_10.json,1570,0.599000
on,run_10.json,1571,0.608000
on,run_10.json,1572,0.625000
on,run_10.json,1573,0.658000
on,run_10.json,1574,1.281000
on,run_10.json,1575,8.970000
on,run_10.json,1576,0.629000
on,run_10.json,1577,1.112000
on,run_10.json,1578,0.649000
on,run_10.json,1579,1.463000
on,run_10.json,1580,0.597000
on,run_10.json,1581,0.650000
on,run_10.json,1582,0.618000
on,run_10.json,1583,0.646000
on,run_10.json,1584,1.336000
on,run_10.json,1585,9.902000
on,run_10.json,1586,0.629000
on,run_10.json,1587,1.102000
on,run_10.json,1588,0.676000
on,run_10.json,1589,1.481000
on,run_10.json,1590,0.676000
on,run_10.json,1591,0.708000
on,run_10.json,1592,0.600000
on,run_10.json,1593,0.681000
on,run_10.json,1594,1.319000
on,run_10.json,1595,9.936000
on,run_10.json,1596,0.616000
on,run_10.json,1597,1.035000
on,run_10.json,1598,0.653000
on,run_10.json,1599,0.003000
off,run_01.json,0,1.512000
off,run_01.json,1,1.410000
off,run_01.json,2,11.808000
off,run_01.json,3,0.838000
off,run_01.json,4,0.851000
off,run_01.json,5,0.892000
off,run_01.json,6,2.138000
off,run_01.json,7,12.675000
off,run_01.json,8,3.732000
off,run_01.json,9,13.645000
off,run_01.json,10,0.954000
off,run_01.json,11,1.121000
off,run_01.json,12,1.943000
off,run_01.json,13,12.758000
off,run_01.json,14,0.844000
off,run_01.json,15,0.794000
off,run_01.json,16,0.700000
off,run_01.json,17,2.432000
off,run_01.json,18,12.281000
off,run_01.json,19,0.701000
off,run_01.json,20,0.911000
off,run_01.json,21,0.677000
off,run_01.json,22,2.713000
off,run_01.json,23,11.824000
off,run_01.json,24,0.700000
off,run_01.json,25,0.961000
off,run_01.json,26,0.672000
off,run_01.json,27,1.518000
off,run_01.json,28,13.602000
off,run_01.json,29,0.783000
off,run_01.json,30,1.026000
off,run_01.json,31,1.456000
off,run_01.json,32,2.898000
off,run_01.json,33,10.706000
off,run_01.json,34,0.655000
off,run_01.json,35,0.995000
off,run_01.json,36,0.662000
off,run_01.json,37,1.531000
off,run_01.json,38,13.065000
off,run_01.json,39,0.791000
off,run_01.json,40,0.996000
off,run_01.json,41,1.568000
off,run_01.json,42,1.297000
off,run_01.json,43,12.520000
off,run_01.json,44,0.662000
off,run_01.json,45,0.976000
off,run_01.json,46,0.624000
off,run_01.json,47,1.528000
off,run_01.json,48,13.113000
off,run_01.json,49,0.685000
off,run_01.json,50,0.967000
off,run_01.json,51,0.624000
off,run_01.json,52,1.545000
off,run_01.json,53,13.236000
off,run_01.json,54,0.650000
off,run_01.json,55,0.948000
off,run_01.json,56,0.626000
off,run_01.json,57,1.546000
off,run_01.json,58,12.999000
off,run_01.json,59,0.656000
off,run_01.json,60,0.977000
off,run_01.json,61,0.627000
off,run_01.json,62,2.426000
off,run_01.json,63,12.282000
off,run_01.json,64,0.833000
off,run_01.json,65,0.771000
off,run_01.json,66,0.708000
off,run_01.json,67,2.162000
off,run_01.json,68,11.904000
off,run_01.json,69,0.641000
off,run_01.json,70,1.034000
off,run_01.json,71,0.611000
off,run_01.json,72,2.308000
off,run_01.json,73,10.676000
off,run_01.json,74,0.715000
off,run_01.json,75,0.890000
off,run_01.json,76,0.675000
off,run_01.json,77,1.511000
off,run_01.json,78,1.366000
off,run_01.json,79,11.536000
off,run_01.json,80,0.745000
off,run_01.json,81,0.990000
off,run_01.json,82,1.572000
off,run_01.json,83,1.491000
off,run_01.json,84,11.471000
off,run_01.json,85,0.707000
off,run_01.json,86,0.934000
off,run_01.json,87,0.697000
off,run_01.json,88,1.481000
off,run_01.json,89,11.947000
off,run_01.json,90,0.642000
off,run_01.json,91,0.926000
off,run_01.json,92,0.583000
off,run_01.json,93,1.547000
off,run_01.json,94,1.329000
off,run_01.json,95,11.627000
off,run_01.json,96,0.640000
off,run_01.json,97,0.928000
off,run_01.json,98,0.684000
off,run_01.json,99,1.547000
off,run_01.json,100,11.572000
off,run_01.json,101,0.864000
off,run_01.json,102,1.065000
off,run_01.json,103,0.782000
off,run_01.json,104,2.122000
off,run_01.json,105,11.551000
off,run_01.json,106,1.003000
off,run_01.json,107,0.740000
off,run_01.json,108,1.574000
off,run_01.json,109,13.114000
off,run_01.json,110,0.697000
off,run_01.json,111,0.831000
off,run_01.json,112,0.585000
off,run_01.json,113,1.496000
off,run_01.json,114,1.344000
off,run_01.json,115,11.752000
off,run_01.json,116,0.633000
off,run_01.json,117,0.892000
off,run_01.json,118,0.581000
off,run_01.json,119,1.480000
off,run_01.json,120,12.932000
off,run_01.json,121,0.710000
off,run_01.json,122,0.932000
off,run_01.json,123,0.623000
off,run_01.json,124,1.441000
off,run_01.json,125,1.344000
off,run_01.json,126,11.576000
off,run_01.json,127,0.595000
off,run_01.json,128,0.929000
off,run_01.json,129,0.585000
off,run_01.json,130,1.453000
off,run_01.json,131,1.276000
off,run_01.json,132,11.840000
off,run_01.json,133,0.598000
off,run_01.json,134,1.113000
off,run_01.json,135,0.667000
off,run_01.json,136,1.454000
off,run_01.json,137,12.972000
off,run_01.json,138,0.641000
off,run_01.json,139,1.091000
off,run_01.json,140,0.831000
off,run_01.json,141,1.365000
off,run_01.json,142,0.758000
off,run_01.json,143,12.166000
off,run_01.json,144,0.727000
off,run_01.json,145,0.863000
off,run_01.json,146,0.578000
off,run_01.json,147,1.515000
off,run_01.json,148,0.615000
off,run_01.json,149,1.388000
off,run_01.json,150,10.842000
off,run_01.json,151,0.751000
off,run_01.json,152,0.865000
off,run_01.json,153,0.685000
off,run_01.json,154,1.336000
off,run_01.json,155,1.379000
off,run_01.json,156,11.415000
off,run_01.json,157,0.654000
off,run_01.json,158,0.892000
off,run_01.json,159,0.594000
off,run_01.json,160,1.615000
off,run_01.json,161,0.749000
off,run_01.json,162,1.258000
off,run_01.json,163,10.935000
off,run_01.json,164,0.609000
off,run_01.json,165,0.922000
off,run_01.json,166,0.618000
off,run_01.json,167,1.450000
off,run_01.json,168,0.597000
off,run_01.json,169,0.638000
off,run_01.json,170,11.751000
off,run_01.json,171,0.590000
off,run_01.json,172,0.948000
off,run_01.json,173,0.601000
off,run_01.json,174,1.427000
off,run_01.json,175,0.612000
off,run_01.json,176,0.570000
off,run_01.json,177,12.013000
off,run_01.json,178,0.654000
off,run_01.json,179,0.917000
off,run_01.json,180,0.646000
off,run_01.json,181,1.387000
off,run_01.json,182,0.580000
off,run_01.json,183,0.578000
off,run_01.json,184,11.811000
off,run_01.json,185,0.849000
off,run_01.json,186,0.729000
off,run_01.json,187,0.846000
off,run_01.json,188,1.301000
off,run_01.json,189,0.592000
off,run_01.json,190,1.374000
off,run_01.json,191,11.081000
off,run_01.json,192,0.702000
off,run_01.json,193,0.846000
off,run_01.json,194,0.593000
off,run_01.json,195,1.464000
off,run_01.json,196,0.579000
off,run_01.json,197,0.593000
off,run_01.json,198,13.463000
off,run_01.json,199,0.731000
off,run_01.json,200,0.811000
off,run_01.json,201,0.684000
off,run_01.json,202,13.109000
off,run_01.json,203,0.719000
off,run_01.json,204,0.947000
off,run_01.json,205,0.648000
off,run_01.json,206,1.495000
off,run_01.json,207,0.685000
off,run_01.json,208,12.079000
off,run_01.json,209,1.444000
off,run_01.json,210,0.935000
off,run_01.json,211,1.356000
off,run_01.json,212,0.723000
off,run_01.json,213,1.433000
off,run_01.json,214,10.611000
off,run_01.json,215,0.732000
off,run_01.json,216,0.991000
off,run_01.json,217,0.700000
off,run_01.json,218,1.465000
off,run_01.json,219,0.662000
off,run_01.json,220,1.333000
off,run_01.json,221,10.731000
off,run_01.json,222,0.707000
off,run_01.json,223,0.939000
off,run_01.json,224,0.652000
off,run_01.json,225,1.541000
off,run_01.json,226,0.653000
off,run_01.json,227,1.386000
off,run_01.json,228,10.847000
off,run_01.json,229,0.705000
off,run_01.json,230,1.008000
off,run_01.json,231,0.705000
off,run_01.json,232,1.452000
off,run_01.json,233,0.826000
off,run_01.json,234,1.597000
off,run_01.json,235,10.484000
off,run_01.json,236,0.690000
off,run_01.json,237,1.047000
off,run_01.json,238,0.747000
off,run_01.json,239,1.412000
off,run_01.json,240,0.632000
off,run_01.json,241,12.191000
off,run_01.json,242,0.963000
off,run_01.json,243,0.990000
off,run_01.json,244,1.728000
off,run_01.json,245,0.780000
off,run_01.json,246,1.477000
off,run_01.json,247,11.103000
off,run_01.json,248,1.373000
off,run_01.json,249,0.845000
off,run_01.json,250,1.669000
off,run_01.json,251,1.649000
off,run_01.json,252,10.644000
off,run_01.json,253,0.876000
off,run_01.json,254,1.011000
off,run_01.json,255,0.867000
off,run_01.json,256,1.385000
off,run_01.json,257,0.759000
off,run_01.json,258,11.793000
off,run_01.json,259,0.860000
off,run_01.json,260,0.897000
off,run_01.json,261,0.721000
off,run_01.json,262,1.596000
off,run_01.json,263,0.738000
off,run_01.json,264,11.754000
off,run_01.json,265,0.733000
off,run_01.json,266,0.998000
off,run_01.json,267,0.733000
off,run_01.json,268,1.507000
off,run_01.json,269,0.767000
off,run_01.json,270,12.028000
off,run_01.json,271,0.799000
off,run_01.json,272,0.873000
off,run_01.json,273,0.740000
off,run_01.json,274,1.558000
off,run_01.json,275,0.680000
off,run_01.json,276,12.020000
off,run_01.json,277,0.756000
off,run_01.json,278,0.948000
off,run_01.json,279,0.689000
off,run_01.json,280,1.528000
off,run_01.json,281,0.778000
off,run_01.json,282,12.127000
off,run_01.json,283,1.262000
off,run_01.json,284,0.781000
off,run_01.json,285,1.506000
off,run_01.json,286,0.776000
off,run_01.json,287,1.437000
off,run_01.json,288,11.998000
off,run_01.json,289,0.706000
off,run_01.json,290,0.972000
off,run_01.json,291,0.755000
off,run_01.json,292,1.703000
off,run_01.json,293,1.376000
off,run_01.json,294,11.668000
off,run_01.json,295,0.683000
off,run_01.json,296,1.081000
off,run_01.json,297,1.762000
off,run_01.json,298,0.711000
off,run_01.json,299,1.790000
off,run_01.json,300,10.707000
off,run_01.json,301,0.779000
off,run_01.json,302,1.003000
off,run_01.json,303,1.621000
off,run_01.json,304,0.757000
off,run_01.json,305,1.334000
off,run_01.json,306,9.498000
off,run_01.json,307,0.720000
off,run_01.json,308,1.058000
off,run_01.json,309,1.663000
off,run_01.json,310,0.705000
off,run_01.json,311,1.479000
off,run_01.json,312,10.820000
off,run_01.json,313,0.765000
off,run_01.json,314,1.024000
off,run_01.json,315,1.616000
off,run_01.json,316,0.690000
off,run_01.json,317,0.677000
off,run_01.json,318,1.412000
off,run_01.json,319,10.288000
off,run_01.json,320,0.697000
off,run_01.json,321,0.974000
off,run_01.json,322,0.695000
off,run_01.json,323,1.481000
off,run_01.json,324,0.677000
off,run_01.json,325,1.334000
off,run_01.json,326,14.604000
off,run_01.json,327,0.959000
off,run_01.json,328,0.645000
off,run_01.json,329,0.683000
off,run_01.json,330,1.524000
off,run_01.json,331,0.613000
off,run_01.json,332,1.344000
off,run_01.json,333,11.110000
off,run_01.json,334,0.658000
off,run_01.json,335,0.977000
off,run_01.json,336,0.647000
off,run_01.json,337,1.555000
off,run_01.json,338,0.640000
off,run_01.json,339,1.301000
off,run_01.json,340,10.977000
off,run_01.json,341,0.656000
off,run_01.json,342,1.018000
off,run_01.json,343,1.611000
off,run_01.json,344,0.654000
off,run_01.json,345,0.799000
off,run_01.json,346,1.321000
off,run_01.json,347,10.711000
off,run_01.json,348,0.676000
off,run_01.json,349,1.001000
off,run_01.json,350,0.649000
off,run_01.json,351,1.548000
off,run_01.json,352,0.648000
off,run_01.json,353,11.972000
off,run_01.json,354,0.630000
off,run_01.json,355,1.007000
off,run_01.json,356,0.689000
off,run_01.json,357,1.508000
off,run_01.json,358,0.638000
off,run_01.json,359,1.273000
off,run_01.json,360,10.713000
off,run_01.json,361,0.762000
off,run_01.json,362,0.987000
off,run_01.json,363,3.001000
off,run_01.json,364,1.052000
off,run_01.json,365,10.677000
off,run_01.json,366,1.060000
off,run_01.json,367,0.710000
off,run_01.json,368,0.774000
off,run_01.json,369,1.499000
off,run_01.json,370,0.678000
off,run_01.json,371,1.380000
off,run_01.json,372,10.499000
off,run_01.json,373,2.480000
off,run_01.json,374,0.242000
off,run_01.json,375,0.954000
off,run_01.json,376,0.827000
off,run_01.json,377,1.343000
off,run_01.json,378,10.591000
off,run_01.json,379,0.800000
off,run_01.json,380,0.836000
off,run_01.json,381,0.701000
off,run_01.json,382,1.470000
off,run_01.json,383,0.665000
off,run_01.json,384,1.266000
off,run_01.json,385,10.397000
off,run_01.json,386,0.769000
off,run_01.json,387,0.830000
off,run_01.json,388,0.706000
off,run_01.json,389,1.465000
off,run_01.json,390,0.633000
off,run_01.json,391,1.275000
off,run_01.json,392,9.559000
off,run_01.json,393,0.774000
off,run_01.json,394,1.067000
off,run_01.json,395,1.591000
off,run_01.json,396,0.696000
off,run_01.json,397,0.695000
off,run_01.json,398,10.533000
off,run_01.json,399,0.782000
off,run_01.json,400,0.944000
off,run_01.json,401,1.526000
off,run_01.json,402,0.636000
off,run_01.json,403,0.700000
off,run_01.json,404,1.278000
off,run_01.json,405,11.498000
off,run_01.json,406,0.866000
off,run_01.json,407,0.757000
off,run_01.json,408,1.685000
off,run_01.json,409,0.690000
off,run_01.json,410,0.802000
off,run_01.json,411,13.280000
off,run_01.json,412,0.731000
off,run_01.json,413,1.017000
off,run_01.json,414,0.712000
off,run_01.json,415,1.496000
off,run_01.json,416,0.723000
off,run_01.json,417,1.276000
off,run_01.json,418,10.453000
off,run_01.json,419,0.709000
off,run_01.json,420,1.021000
off,run_01.json,421,1.655000
off,run_01.json,422,0.608000
off,run_01.json,423,0.707000
off,run_01.json,424,1.383000
off,run_01.json,425,10.210000
off,run_01.json,426,0.669000
off,run_01.json,427,0.982000
off,run_01.json,428,0.749000
off,run_01.json,429,1.377000
off,run_01.json,430,0.722000
off,run_01.json,431,1.406000
off,run_01.json,432,10.649000
off,run_01.json,433,0.650000
off,run_01.json,434,1.051000
off,run_01.json,435,0.736000
off,run_01.json,436,1.491000
off,run_01.json,437,0.709000
off,run_01.json,438,1.309000
off,run_01.json,439,11.185000
off,run_01.json,440,0.648000
off,run_01.json,441,0.984000
off,run_01.json,442,0.662000
off,run_01.json,443,1.582000
off,run_01.json,444,0.707000
off,run_01.json,445,12.201000
off,run_01.json,446,0.682000
off,run_01.json,447,1.010000
off,run_01.json,448,0.613000
off,run_01.json,449,1.626000
off,run_01.json,450,0.721000
off,run_01.json,451,1.288000
off,run_01.json,452,10.768000
off,run_01.json,453,0.892000
off,run_01.json,454,0.704000
off,run_01.json,455,0.672000
off,run_01.json,456,1.554000
off,run_01.json,457,0.603000
off,run_01.json,458,1.387000
off,run_01.json,459,11.331000
off,run_01.json,460,0.727000
off,run_01.json,461,0.972000
off,run_01.json,462,1.642000
off,run_01.json,463,0.717000
off,run_01.json,464,0.716000
off,run_01.json,465,1.293000
off,run_01.json,466,11.149000
off,run_01.json,467,0.720000
off,run_01.json,468,0.907000
off,run_01.json,469,0.674000
off,run_01.json,470,1.540000
off,run_01.json,471,0.722000
off,run_01.json,472,1.251000
off,run_01.json,473,11.184000
off,run_01.json,474,0.842000
off,run_01.json,475,0.812000
off,run_01.json,476,0.645000
off,run_01.json,477,1.506000
off,run_01.json,478,0.676000
off,run_01.json,479,1.235000
off,run_01.json,480,11.278000
off,run_01.json,481,0.866000
off,run_01.json,482,0.813000
off,run_01.json,483,1.549000
off,run_01.json,484,0.663000
off,run_01.json,485,0.661000
off,run_01.json,486,1.214000
off,run_01.json,487,9.243000
off,run_01.json,488,0.674000
off,run_01.json,489,1.002000
off,run_01.json,490,0.648000
off,run_01.json,491,1.531000
off,run_01.json,492,0.668000
off,run_01.json,493,0.623000
off,run_01.json,494,0.712000
off,run_01.json,495,9.188000
off,run_01.json,496,0.641000
off,run_01.json,497,1.049000
off,run_01.json,498,0.612000
off,run_01.json,499,1.709000
off,run_01.json,500,0.752000
off,run_01.json,501,0.728000
off,run_01.json,502,1.385000
off,run_01.json,503,9.675000
off,run_01.json,504,1.332000
off,run_01.json,505,0.735000
off,run_01.json,506,1.486000
off,run_01.json,507,0.738000
off,run_01.json,508,1.536000
off,run_01.json,509,10.958000
off,run_01.json,510,0.698000
off,run_01.json,511,1.173000
off,run_01.json,512,1.507000
off,run_01.json,513,0.742000
off,run_01.json,514,1.351000
off,run_01.json,515,11.043000
off,run_01.json,516,0.819000
off,run_01.json,517,0.868000
off,run_01.json,518,1.580000
off,run_01.json,519,0.684000
off,run_01.json,520,0.689000
off,run_01.json,521,1.309000
off,run_01.json,522,10.325000
off,run_01.json,523,0.816000
off,run_01.json,524,0.776000
off,run_01.json,525,0.802000
off,run_01.json,526,1.522000
off,run_01.json,527,0.761000
off,run_01.json,528,0.725000
off,run_01.json,529,1.218000
off,run_01.json,530,10.267000
off,run_01.json,531,0.693000
off,run_01.json,532,1.066000
off,run_01.json,533,1.669000
off,run_01.json,534,0.691000
off,run_01.json,535,0.696000
off,run_01.json,536,13.245000
off,run_01.json,537,0.819000
off,run_01.json,538,0.870000
off,run_01.json,539,0.619000
off,run_01.json,540,1.538000
off,run_01.json,541,0.688000
off,run_01.json,542,0.659000
off,run_01.json,543,1.423000
off,run_01.json,544,10.470000
off,run_01.json,545,0.612000
off,run_01.json,546,1.049000
off,run_01.json,547,0.648000
off,run_01.json,548,1.484000
off,run_01.json,549,0.652000
off,run_01.json,550,0.623000
off,run_01.json,551,0.705000
off,run_01.json,552,1.393000
off,run_01.json,553,10.144000
off,run_01.json,554,0.603000
off,run_01.json,555,1.007000
off,run_01.json,556,0.666000
off,run_01.json,557,1.478000
off,run_01.json,558,0.706000
off,run_01.json,559,0.737000
off,run_01.json,560,0.745000
off,run_01.json,561,11.408000
off,run_01.json,562,0.643000
off,run_01.json,563,0.998000
off,run_01.json,564,1.657000
off,run_01.json,565,0.711000
off,run_01.json,566,0.711000
off,run_01.json,567,0.607000
off,run_01.json,568,1.336000
off,run_01.json,569,10.564000
off,run_01.json,570,0.875000
off,run_01.json,571,0.824000
off,run_01.json,572,1.603000
off,run_01.json,573,0.664000
off,run_01.json,574,0.756000
off,run_01.json,575,0.747000
off,run_01.json,576,1.298000
off,run_01.json,577,10.327000
off,run_01.json,578,0.642000
off,run_01.json,579,1.196000
off,run_01.json,580,1.507000
off,run_01.json,581,0.629000
off,run_01.json,582,0.652000
off,run_01.json,583,0.662000
off,run_01.json,584,0.617000
off,run_01.json,585,11.445000
off,run_01.json,586,0.847000
off,run_01.json,587,0.943000
off,run_01.json,588,1.642000
off,run_01.json,589,0.642000
off,run_01.json,590,0.592000
off,run_01.json,591,0.713000
off,run_01.json,592,1.422000
off,run_01.json,593,9.442000
off,run_01.json,594,0.680000
off,run_01.json,595,1.007000
off,run_01.json,596,1.557000
off,run_01.json,597,0.711000
off,run_01.json,598,0.670000
off,run_01.json,599,0.604000
off,run_01.json,600,1.407000
off,run_01.json,601,8.783000
off,run_01.json,602,0.611000
off,run_01.json,603,1.035000
off,run_01.json,604,0.706000
off,run_01.json,605,1.491000
off,run_01.json,606,0.712000
off,run_01.json,607,0.702000
off,run_01.json,608,0.613000
off,run_01.json,609,10.353000
off,run_01.json,610,0.723000
off,run_01.json,611,0.957000
off,run_01.json,612,0.703000
off,run_01.json,613,1.357000
off,run_01.json,614,0.701000
off,run_01.json,615,0.711000
off,run_01.json,616,0.610000
off,run_01.json,617,1.342000
off,run_01.json,618,8.679000
off,run_01.json,619,0.792000
off,run_01.json,620,0.858000
off,run_01.json,621,0.620000
off,run_01.json,622,1.551000
off,run_01.json,623,0.689000
off,run_01.json,624,0.693000
off,run_01.json,625,0.595000
off,run_01.json,626,1.265000
off,run_01.json,627,8.557000
off,run_01.json,628,0.717000
off,run_01.json,629,1.080000
off,run_01.json,630,1.464000
off,run_01.json,631,0.865000
off,run_01.json,632,0.698000
off,run_01.json,633,0.662000
off,run_01.json,634,1.277000
off,run_01.json,635,9.126000
off,run_01.json,636,0.775000
off,run_01.json,637,0.757000
off,run_01.json,638,0.664000
off,run_01.json,639,1.511000
off,run_01.json,640,0.577000
off,run_01.json,641,0.661000
off,run_01.json,642,0.603000
off,run_01.json,643,1.304000
off,run_01.json,644,9.706000
off,run_01.json,645,0.626000
off,run_01.json,646,0.948000
off,run_01.json,647,0.592000
off,run_01.json,648,1.571000
off,run_01.json,649,0.696000
off,run_01.json,650,0.704000
off,run_01.json,651,0.604000
off,run_01.json,652,11.007000
off,run_01.json,653,0.742000
off,run_01.json,654,0.929000
off,run_01.json,655,0.841000
off,run_01.json,656,1.308000
off,run_01.json,657,0.628000
off,run_01.json,658,0.560000
off,run_01.json,659,0.565000
off,run_01.json,660,1.284000
off,run_01.json,661,9.713000
off,run_01.json,662,0.648000
off,run_01.json,663,0.894000
off,run_01.json,664,0.578000
off,run_01.json,665,1.494000
off,run_01.json,666,0.651000
off,run_01.json,667,0.658000
off,run_01.json,668,0.555000
off,run_01.json,669,1.569000
off,run_01.json,670,9.638000
off,run_01.json,671,0.603000
off,run_01.json,672,1.085000
off,run_01.json,673,0.697000
off,run_01.json,674,1.400000
off,run_01.json,675,0.683000
off,run_01.json,676,0.660000
off,run_01.json,677,0.581000
off,run_01.json,678,1.381000
off,run_01.json,679,9.621000
off,run_01.json,680,0.595000
off,run_01.json,681,0.966000
off,run_01.json,682,0.548000
off,run_01.json,683,0.881000
off,run_01.json,684,0.578000
off,run_01.json,685,1.123000
off,run_01.json,686,0.650000
off,run_01.json,687,1.264000
off,run_01.json,688,9.959000
off,run_01.json,689,0.563000
off,run_01.json,690,0.950000
off,run_01.json,691,0.665000
off,run_01.json,692,0.753000
off,run_01.json,693,0.546000
off,run_01.json,694,1.324000
off,run_01.json,695,0.636000
off,run_01.json,696,1.287000
off,run_01.json,697,10.097000
off,run_01.json,698,0.602000
off,run_01.json,699,0.925000
off,run_01.json,700,0.592000
off,run_01.json,701,1.478000
off,run_01.json,702,0.633000
off,run_01.json,703,0.543000
off,run_01.json,704,1.875000
off,run_01.json,705,9.968000
off,run_01.json,706,0.767000
off,run_01.json,707,0.800000
off,run_01.json,708,0.566000
off,run_01.json,709,1.556000
off,run_01.json,710,0.573000
off,run_01.json,711,0.632000
off,run_01.json,712,0.611000
off,run_01.json,713,1.372000
off,run_01.json,714,9.753000
off,run_01.json,715,1.976000
off,run_01.json,716,1.391000
off,run_01.json,717,0.595000
off,run_01.json,718,0.596000
off,run_01.json,719,0.600000
off,run_01.json,720,0.642000
off,run_01.json,721,10.704000
off,run_01.json,722,0.736000
off,run_01.json,723,0.806000
off,run_01.json,724,0.552000
off,run_01.json,725,1.542000
off,run_01.json,726,0.648000
off,run_01.json,727,0.675000
off,run_01.json,728,0.701000
off,run_01.json,729,1.413000
off,run_01.json,730,9.872000
off,run_01.json,731,0.774000
off,run_01.json,732,0.919000
off,run_01.json,733,0.752000
off,run_01.json,734,1.435000
off,run_01.json,735,0.749000
off,run_01.json,736,0.758000
off,run_01.json,737,1.327000
off,run_01.json,738,10.067000
off,run_01.json,739,0.641000
off,run_01.json,740,1.023000
off,run_01.json,741,0.608000
off,run_01.json,742,1.589000
off,run_01.json,743,0.645000
off,run_01.json,744,0.608000
off,run_01.json,745,0.691000
off,run_01.json,746,10.684000
off,run_01.json,747,0.652000
off,run_01.json,748,0.956000
off,run_01.json,749,0.692000
off,run_01.json,750,1.430000
off,run_01.json,751,0.668000
off,run_01.json,752,0.687000
off,run_01.json,753,0.642000
off,run_01.json,754,1.446000
off,run_01.json,755,9.470000
off,run_01.json,756,0.622000
off,run_01.json,757,0.999000
off,run_01.json,758,0.612000
off,run_01.json,759,1.511000
off,run_01.json,760,0.643000
off,run_01.json,761,0.606000
off,run_01.json,762,0.687000
off,run_01.json,763,1.274000
off,run_01.json,764,9.647000
off,run_01.json,765,0.663000
off,run_01.json,766,0.918000
off,run_01.json,767,0.695000
off,run_01.json,768,1.546000
off,run_01.json,769,0.735000
off,run_01.json,770,0.826000
off,run_01.json,771,1.467000
off,run_01.json,772,9.957000
off,run_01.json,773,0.773000
off,run_01.json,774,0.851000
off,run_01.json,775,0.714000
off,run_01.json,776,1.440000
off,run_01.json,777,0.730000
off,run_01.json,778,0.734000
off,run_01.json,779,1.317000
off,run_01.json,780,9.963000
off,run_01.json,781,0.894000
off,run_01.json,782,0.806000
off,run_01.json,783,1.579000
off,run_01.json,784,0.668000
off,run_01.json,785,0.661000
off,run_01.json,786,0.654000
off,run_01.json,787,1.605000
off,run_01.json,788,9.847000
off,run_01.json,789,0.661000
off,run_01.json,790,1.002000
off,run_01.json,791,0.670000
off,run_01.json,792,1.600000
off,run_01.json,793,0.722000
off,run_01.json,794,0.676000
off,run_01.json,795,1.413000
off,run_01.json,796,9.761000
off,run_01.json,797,0.686000
off,run_01.json,798,1.044000
off,run_01.json,799,0.676000
off,run_01.json,800,1.494000
off,run_01.json,801,0.704000
off,run_01.json,802,0.717000
off,run_01.json,803,1.268000
off,run_01.json,804,10.173000
off,run_01.json,805,0.686000
off,run_01.json,806,1.019000
off,run_01.json,807,1.533000
off,run_01.json,808,0.731000
off,run_01.json,809,0.632000
off,run_01.json,810,0.646000
off,run_01.json,811,1.307000
off,run_01.json,812,11.434000
off,run_01.json,813,0.652000
off,run_01.json,814,1.005000
off,run_01.json,815,0.627000
off,run_01.json,816,1.576000
off,run_01.json,817,0.707000
off,run_01.json,818,0.630000
off,run_01.json,819,1.420000
off,run_01.json,820,10.793000
off,run_01.json,821,0.740000
off,run_01.json,822,0.961000
off,run_01.json,823,1.829000
off,run_01.json,824,0.727000
off,run_01.json,825,0.732000
off,run_01.json,826,0.664000
off,run_01.json,827,1.400000
off,run_01.json,828,7.823000
off,run_01.json,829,0.719000
off,run_01.json,830,1.040000
off,run_01.json,831,1.594000
off,run_01.json,832,0.661000
off,run_01.json,833,0.799000
off,run_01.json,834,0.844000
off,run_01.json,835,1.757000
off,run_01.json,836,9.101000
off,run_01.json,837,1.368000
off,run_01.json,838,0.866000
off,run_01.json,839,1.444000
off,run_01.json,840,0.647000
off,run_01.json,841,0.707000
off,run_01.json,842,1.346000
off,run_01.json,843,10.200000
off,run_01.json,844,0.645000
off,run_01.json,845,1.022000
off,run_01.json,846,0.703000
off,run_01.json,847,1.415000
off,run_01.json,848,0.671000
off,run_01.json,849,0.708000
off,run_01.json,850,0.615000
off,run_01.json,851,14.532000
off,run_01.json,852,0.701000
off,run_01.json,853,1.036000
off,run_01.json,854,1.665000
off,run_01.json,855,0.864000
off,run_01.json,856,0.720000
off,run_01.json,857,0.655000
off,run_01.json,858,1.304000
off,run_01.json,859,10.000000
off,run_01.json,860,0.789000
off,run_01.json,861,0.871000
off,run_01.json,862,1.672000
off,run_01.json,863,0.695000
off,run_01.json,864,0.672000
off,run_01.json,865,0.705000
off,run_01.json,866,1.391000
off,run_01.json,867,9.891000
off,run_01.json,868,0.657000
off,run_01.json,869,1.040000
off,run_01.json,870,1.716000
off,run_01.json,871,0.705000
off,run_01.json,872,0.625000
off,run_01.json,873,0.673000
off,run_01.json,874,1.358000
off,run_01.json,875,9.985000
off,run_01.json,876,0.863000
off,run_01.json,877,0.817000
off,run_01.json,878,0.941000
off,run_01.json,879,1.452000
off,run_01.json,880,0.700000
off,run_01.json,881,0.703000
off,run_01.json,882,1.335000
off,run_01.json,883,9.616000
off,run_01.json,884,0.841000
off,run_01.json,885,0.925000
off,run_01.json,886,1.549000
off,run_01.json,887,0.727000
off,run_01.json,888,0.613000
off,run_01.json,889,0.616000
off,run_01.json,890,1.475000
off,run_01.json,891,9.772000
off,run_01.json,892,0.674000
off,run_01.json,893,1.068000
off,run_01.json,894,1.694000
off,run_01.json,895,0.614000
off,run_01.json,896,0.722000
off,run_01.json,897,0.764000
off,run_01.json,898,1.258000
off,run_01.json,899,9.417000
off,run_01.json,900,0.780000
off,run_01.json,901,0.951000
off,run_01.json,902,0.692000
off,run_01.json,903,1.469000
off,run_01.json,904,0.704000
off,run_01.json,905,0.706000
off,run_01.json,906,1.302000
off,run_01.json,907,9.903000
off,run_01.json,908,0.823000
off,run_01.json,909,0.958000
off,run_01.json,910,1.534000
off,run_01.json,911,0.771000
off,run_01.json,912,0.637000
off,run_01.json,913,0.668000
off,run_01.json,914,1.388000
off,run_01.json,915,8.521000
off,run_01.json,916,0.666000
off,run_01.json,917,0.991000
off,run_01.json,918,0.713000
off,run_01.json,919,1.531000
off,run_01.json,920,0.704000
off,run_01.json,921,0.636000
off,run_01.json,922,1.364000
off,run_01.json,923,8.419000
off,run_01.json,924,0.837000
off,run_01.json,925,0.949000
off,run_01.json,926,0.855000
off,run_01.json,927,1.331000
off,run_01.json,928,0.660000
off,run_01.json,929,0.699000
off,run_01.json,930,1.418000
off,run_01.json,931,10.598000
off,run_01.json,932,0.858000
off,run_01.json,933,1.088000
off,run_01.json,934,1.637000
off,run_01.json,935,0.827000
off,run_01.json,936,0.812000
off,run_01.json,937,1.467000
off,run_01.json,938,11.233000
off,run_01.json,939,0.680000
off,run_01.json,940,1.081000
off,run_01.json,941,1.999000
off,run_01.json,942,1.011000
off,run_01.json,943,0.891000
off,run_01.json,944,1.486000
off,run_01.json,945,9.367000
off,run_01.json,946,0.855000
off,run_01.json,947,1.030000
off,run_01.json,948,1.571000
off,run_01.json,949,0.780000
off,run_01.json,950,0.875000
off,run_01.json,951,0.713000
off,run_01.json,952,10.637000
off,run_01.json,953,0.718000
off,run_01.json,954,1.072000
off,run_01.json,955,1.675000
off,run_01.json,956,0.812000
off,run_01.json,957,0.867000
off,run_01.json,958,1.498000
off,run_01.json,959,10.300000
off,run_01.json,960,1.396000
off,run_01.json,961,0.798000
off,run_01.json,962,1.589000
off,run_01.json,963,0.721000
off,run_01.json,964,0.749000
off,run_01.json,965,1.313000
off,run_01.json,966,10.143000
off,run_01.json,967,0.771000
off,run_01.json,968,0.985000
off,run_01.json,969,0.782000
off,run_01.json,970,1.444000
off,run_01.json,971,0.696000
off,run_01.json,972,0.658000
off,run_01.json,973,11.383000
off,run_01.json,974,0.897000
off,run_01.json,975,0.917000
off,run_01.json,976,1.816000
off,run_01.json,977,0.770000
off,run_01.json,978,0.772000
off,run_01.json,979,0.735000
off,run_01.json,980,11.039000
off,run_01.json,981,0.895000
off,run_01.json,982,0.987000
off,run_01.json,983,1.523000
off,run_01.json,984,0.748000
off,run_01.json,985,0.655000
off,run_01.json,986,0.675000
off,run_01.json,987,1.400000
off,run_01.json,988,10.220000
off,run_01.json,989,0.838000
off,run_01.json,990,0.971000
off,run_01.json,991,1.601000
off,run_01.json,992,0.685000
off,run_01.json,993,0.730000
off,run_01.json,994,0.748000
off,run_01.json,995,1.360000
off,run_01.json,996,10.116000
off,run_01.json,997,0.708000
off,run_01.json,998,1.093000
off,run_01.json,999,1.614000
off,run_01.json,1000,0.706000
off,run_01.json,1001,0.642000
off,run_01.json,1002,0.693000
off,run_01.json,1003,1.305000
off,run_01.json,1004,10.421000
off,run_01.json,1005,0.741000
off,run_01.json,1006,1.113000
off,run_01.json,1007,0.660000
off,run_01.json,1008,1.498000
off,run_01.json,1009,0.589000
off,run_01.json,1010,0.588000
off,run_01.json,1011,0.643000
off,run_01.json,1012,9.184000
off,run_01.json,1013,0.737000
off,run_01.json,1014,0.999000
off,run_01.json,1015,1.627000
off,run_01.json,1016,0.672000
off,run_01.json,1017,0.665000
off,run_01.json,1018,0.628000
off,run_01.json,1019,1.317000
off,run_01.json,1020,8.499000
off,run_01.json,1021,0.650000
off,run_01.json,1022,0.964000
off,run_01.json,1023,0.615000
off,run_01.json,1024,1.578000
off,run_01.json,1025,0.626000
off,run_01.json,1026,0.658000
off,run_01.json,1027,0.678000
off,run_01.json,1028,1.346000
off,run_01.json,1029,8.995000
off,run_01.json,1030,0.636000
off,run_01.json,1031,0.959000
off,run_01.json,1032,0.612000
off,run_01.json,1033,1.581000
off,run_01.json,1034,0.656000
off,run_01.json,1035,0.606000
off,run_01.json,1036,0.675000
off,run_01.json,1037,1.187000
off,run_01.json,1038,9.772000
off,run_01.json,1039,0.721000
off,run_01.json,1040,1.112000
off,run_01.json,1041,0.682000
off,run_01.json,1042,1.547000
off,run_01.json,1043,0.680000
off,run_01.json,1044,0.659000
off,run_01.json,1045,2.596000
off,run_01.json,1046,8.815000
off,run_01.json,1047,0.720000
off,run_01.json,1048,0.978000
off,run_01.json,1049,0.723000
off,run_01.json,1050,1.553000
off,run_01.json,1051,0.660000
off,run_01.json,1052,0.670000
off,run_01.json,1053,1.337000
off,run_01.json,1054,9.862000
off,run_01.json,1055,0.760000
off,run_01.json,1056,2.575000
off,run_01.json,1057,0.607000
off,run_01.json,1058,0.714000
off,run_01.json,1059,0.676000
off,run_01.json,1060,1.253000
off,run_01.json,1061,11.710000
off,run_01.json,1062,1.288000
off,run_01.json,1063,0.863000
off,run_01.json,1064,1.539000
off,run_01.json,1065,0.741000
off,run_01.json,1066,0.744000
off,run_01.json,1067,12.024000
off,run_01.json,1068,0.844000
off,run_01.json,1069,0.864000
off,run_01.json,1070,0.688000
off,run_01.json,1071,1.516000
off,run_01.json,1072,0.693000
off,run_01.json,1073,0.649000
off,run_01.json,1074,1.363000
off,run_01.json,1075,10.444000
off,run_01.json,1076,0.858000
off,run_01.json,1077,1.033000
off,run_01.json,1078,1.692000
off,run_01.json,1079,0.634000
off,run_01.json,1080,0.731000
off,run_01.json,1081,0.731000
off,run_01.json,1082,1.341000
off,run_01.json,1083,10.554000
off,run_01.json,1084,1.061000
off,run_01.json,1085,1.180000
off,run_01.json,1086,1.496000
off,run_01.json,1087,0.985000
off,run_01.json,1088,0.780000
off,run_01.json,1089,1.462000
off,run_01.json,1090,10.008000
off,run_01.json,1091,0.800000
off,run_01.json,1092,1.084000
off,run_01.json,1093,1.673000
off,run_01.json,1094,0.852000
off,run_01.json,1095,0.761000
off,run_01.json,1096,1.442000
off,run_01.json,1097,10.562000
off,run_01.json,1098,0.994000
off,run_01.json,1099,0.813000
off,run_01.json,1100,1.629000
off,run_01.json,1101,0.895000
off,run_01.json,1102,0.822000
off,run_01.json,1103,0.757000
off,run_01.json,1104,11.055000
off,run_01.json,1105,0.823000
off,run_01.json,1106,1.100000
off,run_01.json,1107,1.638000
off,run_01.json,1108,0.950000
off,run_01.json,1109,0.745000
off,run_01.json,1110,1.516000
off,run_01.json,1111,10.079000
off,run_01.json,1112,0.749000
off,run_01.json,1113,1.068000
off,run_01.json,1114,1.872000
off,run_01.json,1115,0.746000
off,run_01.json,1116,0.770000
off,run_01.json,1117,1.764000
off,run_01.json,1118,9.434000
off,run_01.json,1119,0.727000
off,run_01.json,1120,0.956000
off,run_01.json,1121,0.663000
off,run_01.json,1122,1.589000
off,run_01.json,1123,0.659000
off,run_01.json,1124,0.632000
off,run_01.json,1125,1.407000
off,run_01.json,1126,8.733000
off,run_01.json,1127,0.780000
off,run_01.json,1128,0.964000
off,run_01.json,1129,1.731000
off,run_01.json,1130,0.659000
off,run_01.json,1131,0.716000
off,run_01.json,1132,0.695000
off,run_01.json,1133,1.301000
off,run_01.json,1134,9.295000
off,run_01.json,1135,0.743000
off,run_01.json,1136,1.074000
off,run_01.json,1137,1.669000
off,run_01.json,1138,0.783000
off,run_01.json,1139,0.742000
off,run_01.json,1140,0.700000
off,run_01.json,1141,0.704000
off,run_01.json,1142,1.321000
off,run_01.json,1143,8.143000
off,run_01.json,1144,0.655000
off,run_01.json,1145,1.000000
off,run_01.json,1146,0.641000
off,run_01.json,1147,1.562000
off,run_01.json,1148,0.679000
off,run_01.json,1149,0.634000
off,run_01.json,1150,0.848000
off,run_01.json,1151,0.690000
off,run_01.json,1152,1.431000
off,run_01.json,1153,7.238000
off,run_01.json,1154,0.616000
off,run_01.json,1155,0.958000
off,run_01.json,1156,0.634000
off,run_01.json,1157,1.482000
off,run_01.json,1158,0.606000
off,run_01.json,1159,0.605000
off,run_01.json,1160,0.594000
off,run_01.json,1161,0.633000
off,run_01.json,1162,0.625000
off,run_01.json,1163,9.260000
off,run_01.json,1164,0.660000
off,run_01.json,1165,0.946000
off,run_01.json,1166,0.595000
off,run_01.json,1167,1.510000
off,run_01.json,1168,0.646000
off,run_01.json,1169,0.637000
off,run_01.json,1170,0.634000
off,run_01.json,1171,0.652000
off,run_01.json,1172,0.592000
off,run_01.json,1173,9.916000
off,run_01.json,1174,0.619000
off,run_01.json,1175,1.062000
off,run_01.json,1176,0.652000
off,run_01.json,1177,1.452000
off,run_01.json,1178,0.636000
off,run_01.json,1179,0.641000
off,run_01.json,1180,0.592000
off,run_01.json,1181,1.246000
off,run_01.json,1182,9.759000
off,run_01.json,1183,0.635000
off,run_01.json,1184,0.957000
off,run_01.json,1185,0.609000
off,run_01.json,1186,1.620000
off,run_01.json,1187,0.606000
off,run_01.json,1188,0.595000
off,run_01.json,1189,0.625000
off,run_01.json,1190,0.625000
off,run_01.json,1191,1.392000
off,run_01.json,1192,8.921000
off,run_01.json,1193,0.601000
off,run_01.json,1194,0.973000
off,run_01.json,1195,0.582000
off,run_01.json,1196,1.488000
off,run_01.json,1197,0.590000
off,run_01.json,1198,0.625000
off,run_01.json,1199,0.571000
off,run_01.json,1200,0.604000
off,run_01.json,1201,0.577000
off,run_01.json,1202,1.238000
off,run_01.json,1203,8.792000
off,run_01.json,1204,0.591000
off,run_01.json,1205,1.023000
off,run_01.json,1206,0.572000
off,run_01.json,1207,1.541000
off,run_01.json,1208,0.610000
off,run_01.json,1209,0.573000
off,run_01.json,1210,0.625000
off,run_01.json,1211,0.569000
off,run_01.json,1212,0.624000
off,run_01.json,1213,1.286000
off,run_01.json,1214,8.743000
off,run_01.json,1215,0.857000
off,run_01.json,1216,1.110000
off,run_01.json,1217,1.462000
off,run_01.json,1218,0.915000
off,run_01.json,1219,0.939000
off,run_01.json,1220,0.720000
off,run_01.json,1221,0.994000
off,run_01.json,1222,9.634000
off,run_01.json,1223,0.711000
off,run_01.json,1224,0.913000
off,run_01.json,1225,0.632000
off,run_01.json,1226,1.630000
off,run_01.json,1227,0.595000
off,run_01.json,1228,0.664000
off,run_01.json,1229,0.649000
off,run_01.json,1230,0.641000
off,run_01.json,1231,1.446000
off,run_01.json,1232,8.671000
off,run_01.json,1233,0.567000
off,run_01.json,1234,1.063000
off,run_01.json,1235,0.604000
off,run_01.json,1236,1.517000
off,run_01.json,1237,0.627000
off,run_01.json,1238,0.555000
off,run_01.json,1239,0.629000
off,run_01.json,1240,0.642000
off,run_01.json,1241,0.616000
off,run_01.json,1242,9.959000
off,run_01.json,1243,0.625000
off,run_01.json,1244,0.925000
off,run_01.json,1245,0.564000
off,run_01.json,1246,0.568000
off,run_01.json,1247,1.525000
off,run_01.json,1248,0.608000
off,run_01.json,1249,0.638000
off,run_01.json,1250,0.659000
off,run_01.json,1251,0.665000
off,run_01.json,1252,10.092000
off,run_01.json,1253,0.749000
off,run_01.json,1254,0.954000
off,run_01.json,1255,0.643000
off,run_01.json,1256,1.594000
off,run_01.json,1257,0.707000
off,run_01.json,1258,0.657000
off,run_01.json,1259,0.714000
off,run_01.json,1260,0.677000
off,run_01.json,1261,9.742000
off,run_01.json,1262,0.803000
off,run_01.json,1263,0.984000
off,run_01.json,1264,0.776000
off,run_01.json,1265,0.750000
off,run_01.json,1266,1.677000
off,run_01.json,1267,0.737000
off,run_01.json,1268,0.717000
off,run_01.json,1269,1.423000
off,run_01.json,1270,8.883000
off,run_01.json,1271,0.726000
off,run_01.json,1272,0.983000
off,run_01.json,1273,0.773000
off,run_01.json,1274,1.494000
off,run_01.json,1275,0.824000
off,run_01.json,1276,0.744000
off,run_01.json,1277,0.634000
off,run_01.json,1278,0.717000
off,run_01.json,1279,9.717000
off,run_01.json,1280,0.673000
off,run_01.json,1281,1.037000
off,run_01.json,1282,0.719000
off,run_01.json,1283,1.500000
off,run_01.json,1284,0.703000
off,run_01.json,1285,0.668000
off,run_01.json,1286,0.737000
off,run_01.json,1287,0.742000
off,run_01.json,1288,9.908000
off,run_01.json,1289,0.680000
off,run_01.json,1290,1.036000
off,run_01.json,1291,0.765000
off,run_01.json,1292,1.566000
off,run_01.json,1293,0.667000
off,run_01.json,1294,0.744000
off,run_01.json,1295,0.712000
off,run_01.json,1296,0.664000
off,run_01.json,1297,9.802000
off,run_01.json,1298,0.804000
off,run_01.json,1299,1.055000
off,run_01.json,1300,1.775000
off,run_01.json,1301,0.722000
off,run_01.json,1302,0.710000
off,run_01.json,1303,0.758000
off,run_01.json,1304,0.765000
off,run_01.json,1305,1.424000
off,run_01.json,1306,8.640000
off,run_01.json,1307,0.814000
off,run_01.json,1308,0.963000
off,run_01.json,1309,1.594000
off,run_01.json,1310,0.714000
off,run_01.json,1311,0.752000
off,run_01.json,1312,0.686000
off,run_01.json,1313,0.853000
off,run_01.json,1314,1.461000
off,run_01.json,1315,9.047000
off,run_01.json,1316,0.947000
off,run_01.json,1317,0.863000
off,run_01.json,1318,1.825000
off,run_01.json,1319,0.874000
off,run_01.json,1320,0.936000
off,run_01.json,1321,0.921000
off,run_01.json,1322,1.500000
off,run_01.json,1323,8.678000
off,run_01.json,1324,0.712000
off,run_01.json,1325,1.184000
off,run_01.json,1326,1.655000
off,run_01.json,1327,0.971000
off,run_01.json,1328,0.734000
off,run_01.json,1329,0.731000
off,run_01.json,1330,0.755000
off,run_01.json,1331,1.510000
off,run_01.json,1332,8.503000
off,run_01.json,1333,0.834000
off,run_01.json,1334,1.166000
off,run_01.json,1335,1.467000
off,run_01.json,1336,0.924000
off,run_01.json,1337,0.903000
off,run_01.json,1338,0.928000
off,run_01.json,1339,1.443000
off,run_01.json,1340,10.267000
off,run_01.json,1341,1.099000
off,run_01.json,1342,0.786000
off,run_01.json,1343,2.153000
off,run_01.json,1344,0.910000
off,run_01.json,1345,0.849000
off,run_01.json,1346,0.702000
off,run_01.json,1347,1.455000
off,run_01.json,1348,9.103000
off,run_01.json,1349,0.854000
off,run_01.json,1350,0.963000
off,run_01.json,1351,1.567000
off,run_01.json,1352,0.750000
off,run_01.json,1353,0.781000
off,run_01.json,1354,0.786000
off,run_01.json,1355,0.707000
off,run_01.json,1356,1.460000
off,run_01.json,1357,7.162000
off,run_01.json,1358,0.858000
off,run_01.json,1359,1.063000
off,run_01.json,1360,1.424000
off,run_01.json,1361,0.717000
off,run_01.json,1362,0.750000
off,run_01.json,1363,0.722000
off,run_01.json,1364,0.731000
off,run_01.json,1365,1.417000
off,run_01.json,1366,8.819000
off,run_01.json,1367,0.790000
off,run_01.json,1368,0.951000
off,run_01.json,1369,1.653000
off,run_01.json,1370,0.740000
off,run_01.json,1371,0.657000
off,run_01.json,1372,0.737000
off,run_01.json,1373,0.726000
off,run_01.json,1374,1.356000
off,run_01.json,1375,12.760000
off,run_01.json,1376,0.820000
off,run_01.json,1377,0.953000
off,run_01.json,1378,1.754000
off,run_01.json,1379,0.860000
off,run_01.json,1380,0.727000
off,run_01.json,1381,0.674000
off,run_01.json,1382,0.682000
off,run_01.json,1383,1.522000
off,run_01.json,1384,8.800000
off,run_01.json,1385,0.706000
off,run_01.json,1386,2.324000
off,run_01.json,1387,0.595000
off,run_01.json,1388,0.661000
off,run_01.json,1389,0.669000
off,run_01.json,1390,0.660000
off,run_01.json,1391,0.668000
off,run_01.json,1392,1.398000
off,run_01.json,1393,8.997000
off,run_01.json,1394,0.653000
off,run_01.json,1395,1.037000
off,run_01.json,1396,0.675000
off,run_01.json,1397,2.802000
off,run_01.json,1398,0.701000
off,run_01.json,1399,0.776000
off,run_01.json,1400,1.615000
off,run_01.json,1401,8.442000
off,run_01.json,1402,0.766000
off,run_01.json,1403,1.023000
off,run_01.json,1404,1.687000
off,run_01.json,1405,0.661000
off,run_01.json,1406,0.692000
off,run_01.json,1407,0.689000
off,run_01.json,1408,0.661000
off,run_01.json,1409,0.693000
off,run_01.json,1410,9.442000
off,run_01.json,1411,0.680000
off,run_01.json,1412,0.986000
off,run_01.json,1413,0.780000
off,run_01.json,1414,1.453000
off,run_01.json,1415,0.736000
off,run_01.json,1416,0.690000
off,run_01.json,1417,0.833000
off,run_01.json,1418,0.660000
off,run_01.json,1419,1.663000
off,run_01.json,1420,8.126000
off,run_01.json,1421,0.673000
off,run_01.json,1422,0.989000
off,run_01.json,1423,0.697000
off,run_01.json,1424,1.563000
off,run_01.json,1425,0.685000
off,run_01.json,1426,0.601000
off,run_01.json,1427,0.697000
off,run_01.json,1428,0.693000
off,run_01.json,1429,1.233000
off,run_01.json,1430,8.284000
off,run_01.json,1431,0.676000
off,run_01.json,1432,0.939000
off,run_01.json,1433,0.633000
off,run_01.json,1434,1.581000
off,run_01.json,1435,0.622000
off,run_01.json,1436,0.590000
off,run_01.json,1437,0.611000
off,run_01.json,1438,0.578000
off,run_01.json,1439,0.663000
off,run_01.json,1440,8.661000
off,run_01.json,1441,0.723000
off,run_01.json,1442,0.918000
off,run_01.json,1443,1.703000
off,run_01.json,1444,0.705000
off,run_01.json,1445,0.627000
off,run_01.json,1446,0.710000
off,run_01.json,1447,0.684000
off,run_01.json,1448,0.664000
off,run_01.json,1449,1.500000
off,run_01.json,1450,6.695000
off,run_01.json,1451,0.713000
off,run_01.json,1452,0.961000
off,run_01.json,1453,0.722000
off,run_01.json,1454,1.524000
off,run_01.json,1455,0.689000
off,run_01.json,1456,0.712000
off,run_01.json,1457,0.744000
off,run_01.json,1458,0.630000
off,run_01.json,1459,1.320000
off,run_01.json,1460,10.199000
off,run_01.json,1461,0.854000
off,run_01.json,1462,0.895000
off,run_01.json,1463,1.604000
off,run_01.json,1464,0.708000
off,run_01.json,1465,0.643000
off,run_01.json,1466,0.634000
off,run_01.json,1467,0.662000
off,run_01.json,1468,0.710000
off,run_01.json,1469,1.305000
off,run_01.json,1470,8.466000
off,run_01.json,1471,0.860000
off,run_01.json,1472,0.867000
off,run_01.json,1473,1.635000
off,run_01.json,1474,0.628000
off,run_01.json,1475,0.654000
off,run_01.json,1476,0.723000
off,run_01.json,1477,0.620000
off,run_01.json,1478,0.699000
off,run_01.json,1479,1.395000
off,run_01.json,1480,8.350000
off,run_01.json,1481,0.742000
off,run_01.json,1482,0.994000
off,run_01.json,1483,1.666000
off,run_01.json,1484,0.804000
off,run_01.json,1485,0.715000
off,run_01.json,1486,0.673000
off,run_01.json,1487,0.744000
off,run_01.json,1488,1.357000
off,run_01.json,1489,9.502000
off,run_01.json,1490,0.830000
off,run_01.json,1491,0.898000
off,run_01.json,1492,1.499000
off,run_01.json,1493,0.736000
off,run_01.json,1494,0.740000
off,run_01.json,1495,0.701000
off,run_01.json,1496,0.930000
off,run_01.json,1497,1.393000
off,run_01.json,1498,8.957000
off,run_01.json,1499,0.672000
off,run_01.json,1500,1.058000
off,run_01.json,1501,1.611000
off,run_01.json,1502,0.748000
off,run_01.json,1503,0.654000
off,run_01.json,1504,0.750000
off,run_01.json,1505,0.732000
off,run_01.json,1506,1.300000
off,run_01.json,1507,9.522000
off,run_01.json,1508,0.762000
off,run_01.json,1509,1.060000
off,run_01.json,1510,1.600000
off,run_01.json,1511,0.755000
off,run_01.json,1512,0.753000
off,run_01.json,1513,0.772000
off,run_01.json,1514,0.777000
off,run_01.json,1515,1.460000
off,run_01.json,1516,9.534000
off,run_01.json,1517,0.761000
off,run_01.json,1518,0.913000
off,run_01.json,1519,0.753000
off,run_01.json,1520,1.469000
off,run_01.json,1521,0.780000
off,run_01.json,1522,0.761000
off,run_01.json,1523,0.638000
off,run_01.json,1524,0.708000
off,run_01.json,1525,10.292000
off,run_01.json,1526,0.652000
off,run_01.json,1527,0.937000
off,run_01.json,1528,0.607000
off,run_01.json,1529,1.552000
off,run_01.json,1530,0.607000
off,run_01.json,1531,0.604000
off,run_01.json,1532,0.651000
off,run_01.json,1533,0.586000
off,run_01.json,1534,0.662000
off,run_01.json,1535,8.157000
off,run_01.json,1536,0.694000
off,run_01.json,1537,1.010000
off,run_01.json,1538,1.664000
off,run_01.json,1539,0.657000
off,run_01.json,1540,0.702000
off,run_01.json,1541,0.697000
off,run_01.json,1542,0.644000
off,run_01.json,1543,0.690000
off,run_01.json,1544,1.264000
off,run_01.json,1545,7.155000
off,run_01.json,1546,0.715000
off,run_01.json,1547,1.148000
off,run_01.json,1548,1.520000
off,run_01.json,1549,0.779000
off,run_01.json,1550,0.777000
off,run_01.json,1551,0.701000
off,run_01.json,1552,0.682000
off,run_01.json,1553,1.272000
off,run_01.json,1554,8.758000
off,run_01.json,1555,0.644000
off,run_01.json,1556,1.017000
off,run_01.json,1557,0.702000
off,run_01.json,1558,1.487000
off,run_01.json,1559,0.593000
off,run_01.json,1560,0.675000
off,run_01.json,1561,0.693000
off,run_01.json,1562,0.634000
off,run_01.json,1563,1.417000
off,run_01.json,1564,8.838000
off,run_01.json,1565,0.850000
off,run_01.json,1566,0.956000
off,run_01.json,1567,1.550000
off,run_01.json,1568,0.776000
off,run_01.json,1569,0.755000
off,run_01.json,1570,0.711000
off,run_01.json,1571,0.734000
off,run_01.json,1572,1.314000
off,run_01.json,1573,8.848000
off,run_01.json,1574,0.704000
off,run_01.json,1575,0.982000
off,run_01.json,1576,1.598000
off,run_01.json,1577,0.722000
off,run_01.json,1578,0.660000
off,run_01.json,1579,0.649000
off,run_01.json,1580,0.634000
off,run_01.json,1581,0.631000
off,run_01.json,1582,1.212000
off,run_01.json,1583,9.652000
off,run_01.json,1584,0.666000
off,run_01.json,1585,0.998000
off,run_01.json,1586,0.680000
off,run_01.json,1587,1.473000
off,run_01.json,1588,0.637000
off,run_01.json,1589,0.665000
off,run_01.json,1590,0.612000
off,run_01.json,1591,0.627000
off,run_01.json,1592,1.333000
off,run_01.json,1593,10.059000
off,run_01.json,1594,0.761000
off,run_01.json,1595,0.871000
off,run_01.json,1596,0.691000
off,run_01.json,1597,1.459000
off,run_01.json,1598,0.647000
off,run_01.json,1599,0.002000
off,run_02.json,0,0.772000
off,run_02.json,1,0.893000
off,run_02.json,2,0.764000
off,run_02.json,3,1.391000
off,run_02.json,4,0.655000
off,run_02.json,5,1.455000
off,run_02.json,6,10.664000
off,run_02.json,7,0.828000
off,run_02.json,8,1.011000
off,run_02.json,9,1.724000
off,run_02.json,10,0.703000
off,run_02.json,11,1.390000
off,run_02.json,12,12.230000
off,run_02.json,13,0.789000
off,run_02.json,14,0.965000
off,run_02.json,15,1.596000
off,run_02.json,16,0.653000
off,run_02.json,17,0.654000
off,run_02.json,18,1.428000
off,run_02.json,19,11.130000
off,run_02.json,20,0.636000
off,run_02.json,21,0.979000
off,run_02.json,22,1.976000
off,run_02.json,23,0.473000
off,run_02.json,24,0.623000
off,run_02.json,25,1.366000
off,run_02.json,26,10.944000
off,run_02.json,27,0.678000
off,run_02.json,28,0.967000
off,run_02.json,29,0.607000
off,run_02.json,30,1.585000
off,run_02.json,31,0.701000
off,run_02.json,32,2.843000
off,run_02.json,33,10.299000
off,run_02.json,34,0.776000
off,run_02.json,35,1.036000
off,run_02.json,36,0.793000
off,run_02.json,37,1.380000
off,run_02.json,38,0.685000
off,run_02.json,39,1.333000
off,run_02.json,40,10.913000
off,run_02.json,41,0.847000
off,run_02.json,42,0.835000
off,run_02.json,43,0.679000
off,run_02.json,44,1.486000
off,run_02.json,45,0.653000
off,run_02.json,46,1.341000
off,run_02.json,47,11.489000
off,run_02.json,48,0.758000
off,run_02.json,49,1.010000
off,run_02.json,50,0.688000
off,run_02.json,51,1.502000
off,run_02.json,52,0.695000
off,run_02.json,53,1.398000
off,run_02.json,54,10.990000
off,run_02.json,55,0.784000
off,run_02.json,56,0.891000
off,run_02.json,57,0.722000
off,run_02.json,58,1.532000
off,run_02.json,59,0.651000
off,run_02.json,60,1.637000
off,run_02.json,61,10.816000
off,run_02.json,62,0.687000
off,run_02.json,63,1.039000
off,run_02.json,64,0.679000
off,run_02.json,65,1.496000
off,run_02.json,66,0.699000
off,run_02.json,67,1.345000
off,run_02.json,68,10.375000
off,run_02.json,69,0.598000
off,run_02.json,70,0.985000
off,run_02.json,71,0.701000
off,run_02.json,72,1.375000
off,run_02.json,73,0.692000
off,run_02.json,74,1.367000
off,run_02.json,75,11.100000
off,run_02.json,76,0.839000
off,run_02.json,77,0.862000
off,run_02.json,78,0.731000
off,run_02.json,79,1.526000
off,run_02.json,80,1.793000
off,run_02.json,81,9.506000
off,run_02.json,82,0.751000
off,run_02.json,83,0.913000
off,run_02.json,84,0.781000
off,run_02.json,85,0.720000
off,run_02.json,86,1.549000
off,run_02.json,87,11.419000
off,run_02.json,88,0.696000
off,run_02.json,89,0.943000
off,run_02.json,90,0.723000
off,run_02.json,91,1.023000
off,run_02.json,92,1.303000
off,run_02.json,93,11.487000
off,run_02.json,94,0.764000
off,run_02.json,95,0.879000
off,run_02.json,96,0.681000
off,run_02.json,97,0.776000
off,run_02.json,98,1.629000
off,run_02.json,99,11.178000
off,run_02.json,100,0.702000
off,run_02.json,101,0.910000
off,run_02.json,102,0.663000
off,run_02.json,103,1.519000
off,run_02.json,104,0.640000
off,run_02.json,105,1.679000
off,run_02.json,106,9.294000
off,run_02.json,107,0.678000
off,run_02.json,108,0.904000
off,run_02.json,109,0.672000
off,run_02.json,110,1.596000
off,run_02.json,111,0.623000
off,run_02.json,112,12.058000
off,run_02.json,113,0.776000
off,run_02.json,114,0.753000
off,run_02.json,115,0.590000
off,run_02.json,116,1.536000
off,run_02.json,117,0.664000
off,run_02.json,118,1.406000
off,run_02.json,119,11.059000
off,run_02.json,120,0.796000
off,run_02.json,121,0.805000
off,run_02.json,122,0.739000
off,run_02.json,123,1.353000
off,run_02.json,124,0.753000
off,run_02.json,125,1.566000
off,run_02.json,126,10.757000
off,run_02.json,127,0.705000
off,run_02.json,128,0.657000
off,run_02.json,129,0.632000
off,run_02.json,130,1.879000
off,run_02.json,131,0.583000
off,run_02.json,132,12.005000
off,run_02.json,133,0.767000
off,run_02.json,134,1.030000
off,run_02.json,135,0.831000
off,run_02.json,136,0.671000
off,run_02.json,137,1.450000
off,run_02.json,138,0.582000
off,run_02.json,139,1.406000
off,run_02.json,140,9.855000
off,run_02.json,141,0.683000
off,run_02.json,142,1.120000
off,run_02.json,143,0.722000
off,run_02.json,144,1.384000
off,run_02.json,145,0.734000
off,run_02.json,146,0.686000
off,run_02.json,147,1.431000
off,run_02.json,148,9.846000
off,run_02.json,149,0.838000
off,run_02.json,150,0.751000
off,run_02.json,151,0.603000
off,run_02.json,152,1.471000
off,run_02.json,153,0.736000
off,run_02.json,154,0.615000
off,run_02.json,155,0.641000
off,run_02.json,156,1.272000
off,run_02.json,157,9.691000
off,run_02.json,158,0.700000
off,run_02.json,159,0.830000
off,run_02.json,160,0.580000
off,run_02.json,161,1.445000
off,run_02.json,162,0.633000
off,run_02.json,163,0.641000
off,run_02.json,164,0.612000
off,run_02.json,165,1.337000
off,run_02.json,166,9.924000
off,run_02.json,167,0.691000
off,run_02.json,168,0.882000
off,run_02.json,169,0.605000
off,run_02.json,170,1.450000
off,run_02.json,171,0.635000
off,run_02.json,172,0.555000
off,run_02.json,173,0.659000
off,run_02.json,174,1.282000
off,run_02.json,175,9.980000
off,run_02.json,176,0.617000
off,run_02.json,177,0.974000
off,run_02.json,178,0.570000
off,run_02.json,179,1.542000
off,run_02.json,180,0.628000
off,run_02.json,181,0.624000
off,run_02.json,182,0.646000
off,run_02.json,183,1.237000
off,run_02.json,184,9.879000
off,run_02.json,185,0.711000
off,run_02.json,186,0.879000
off,run_02.json,187,0.616000
off,run_02.json,188,1.435000
off,run_02.json,189,0.640000
off,run_02.json,190,0.633000
off,run_02.json,191,0.554000
off,run_02.json,192,1.431000
off,run_02.json,193,9.544000
off,run_02.json,194,0.651000
off,run_02.json,195,0.631000
off,run_02.json,196,0.634000
off,run_02.json,197,1.409000
off,run_02.json,198,0.797000
off,run_02.json,199,0.596000
off,run_02.json,200,0.625000
off,run_02.json,201,0.556000
off,run_02.json,202,10.967000
off,run_02.json,203,0.721000
off,run_02.json,204,0.991000
off,run_02.json,205,1.680000
off,run_02.json,206,0.700000
off,run_02.json,207,0.704000
off,run_02.json,208,0.671000
off,run_02.json,209,1.327000
off,run_02.json,210,9.960000
off,run_02.json,211,0.825000
off,run_02.json,212,0.966000
off,run_02.json,213,1.572000
off,run_02.json,214,0.736000
off,run_02.json,215,0.723000
off,run_02.json,216,0.687000
off,run_02.json,217,1.576000
off,run_02.json,218,9.527000
off,run_02.json,219,0.722000
off,run_02.json,220,1.048000
off,run_02.json,221,1.625000
off,run_02.json,222,0.866000
off,run_02.json,223,0.682000
off,run_02.json,224,0.721000
off,run_02.json,225,1.413000
off,run_02.json,226,9.712000
off,run_02.json,227,0.854000
off,run_02.json,228,0.932000
off,run_02.json,229,1.826000
off,run_02.json,230,0.756000
off,run_02.json,231,0.707000
off,run_02.json,232,1.550000
off,run_02.json,233,9.971000
off,run_02.json,234,0.823000
off,run_02.json,235,0.847000
off,run_02.json,236,0.665000
off,run_02.json,237,1.569000
off,run_02.json,238,0.744000
off,run_02.json,239,0.668000
off,run_02.json,240,1.441000
off,run_02.json,241,9.671000
off,run_02.json,242,0.736000
off,run_02.json,243,1.028000
off,run_02.json,244,1.636000
off,run_02.json,245,0.669000
off,run_02.json,246,0.753000
off,run_02.json,247,0.726000
off,run_02.json,248,1.406000
off,run_02.json,249,9.956000
off,run_02.json,250,0.769000
off,run_02.json,251,0.954000
off,run_02.json,252,0.750000
off,run_02.json,253,1.482000
off,run_02.json,254,0.669000
off,run_02.json,255,0.692000
off,run_02.json,256,1.657000
off,run_02.json,257,9.727000
off,run_02.json,258,0.925000
off,run_02.json,259,0.891000
off,run_02.json,260,1.625000
off,run_02.json,261,0.716000
off,run_02.json,262,0.709000
off,run_02.json,263,0.707000
off,run_02.json,264,10.928000
off,run_02.json,265,0.866000
off,run_02.json,266,0.939000
off,run_02.json,267,1.594000
off,run_02.json,268,0.737000
off,run_02.json,269,0.671000
off,run_02.json,270,0.726000
off,run_02.json,271,1.611000
off,run_02.json,272,9.619000
off,run_02.json,273,0.737000
off,run_02.json,274,0.994000
off,run_02.json,275,0.759000
off,run_02.json,276,1.465000
off,run_02.json,277,0.672000
off,run_02.json,278,0.735000
off,run_02.json,279,1.402000
off,run_02.json,280,9.816000
off,run_02.json,281,0.927000
off,run_02.json,282,0.795000
off,run_02.json,283,1.726000
off,run_02.json,284,0.752000
off,run_02.json,285,0.732000
off,run_02.json,286,0.683000
off,run_02.json,287,1.424000
off,run_02.json,288,10.857000
off,run_02.json,289,0.710000
off,run_02.json,290,0.908000
off,run_02.json,291,0.702000
off,run_02.json,292,1.556000
off,run_02.json,293,0.699000
off,run_02.json,294,0.746000
off,run_02.json,295,1.357000
off,run_02.json,296,10.835000
off,run_02.json,297,1.410000
off,run_02.json,298,0.939000
off,run_02.json,299,1.445000
off,run_02.json,300,0.829000
off,run_02.json,301,0.762000
off,run_02.json,302,1.436000
off,run_02.json,303,8.014000
off,run_02.json,304,0.771000
off,run_02.json,305,0.967000
off,run_02.json,306,1.731000
off,run_02.json,307,0.657000
off,run_02.json,308,0.746000
off,run_02.json,309,0.746000
off,run_02.json,310,10.872000
off,run_02.json,311,0.791000
off,run_02.json,312,1.110000
off,run_02.json,313,1.741000
off,run_02.json,314,0.972000
off,run_02.json,315,0.809000
off,run_02.json,316,1.617000
off,run_02.json,317,9.577000
off,run_02.json,318,0.695000
off,run_02.json,319,0.982000
off,run_02.json,320,0.708000
off,run_02.json,321,1.504000
off,run_02.json,322,0.690000
off,run_02.json,323,0.682000
off,run_02.json,324,1.479000
off,run_02.json,325,9.785000
off,run_02.json,326,0.636000
off,run_02.json,327,1.026000
off,run_02.json,328,1.679000
off,run_02.json,329,0.721000
off,run_02.json,330,0.670000
off,run_02.json,331,0.698000
off,run_02.json,332,1.462000
off,run_02.json,333,13.681000
off,run_02.json,334,0.924000
off,run_02.json,335,1.060000
off,run_02.json,336,1.486000
off,run_02.json,337,0.760000
off,run_02.json,338,0.690000
off,run_02.json,339,0.710000
off,run_02.json,340,1.456000
off,run_02.json,341,9.862000
off,run_02.json,342,0.754000
off,run_02.json,343,0.946000
off,run_02.json,344,0.729000
off,run_02.json,345,1.456000
off,run_02.json,346,0.724000
off,run_02.json,347,0.729000
off,run_02.json,348,1.427000
off,run_02.json,349,9.826000
off,run_02.json,350,0.713000
off,run_02.json,351,1.016000
off,run_02.json,352,1.660000
off,run_02.json,353,0.736000
off,run_02.json,354,0.649000
off,run_02.json,355,0.605000
off,run_02.json,356,1.460000
off,run_02.json,357,9.806000
off,run_02.json,358,0.694000
off,run_02.json,359,0.997000
off,run_02.json,360,0.620000
off,run_02.json,361,1.529000
off,run_02.json,362,0.728000
off,run_02.json,363,1.827000
off,run_02.json,364,9.956000
off,run_02.json,365,0.641000
off,run_02.json,366,1.009000
off,run_02.json,367,1.765000
off,run_02.json,368,0.794000
off,run_02.json,369,0.798000
off,run_02.json,370,0.714000
off,run_02.json,371,10.550000
off,run_02.json,372,0.755000
off,run_02.json,373,2.547000
off,run_02.json,374,0.163000
off,run_02.json,375,0.734000
off,run_02.json,376,0.667000
off,run_02.json,377,0.790000
off,run_02.json,378,1.279000
off,run_02.json,379,9.526000
off,run_02.json,380,0.649000
off,run_02.json,381,0.967000
off,run_02.json,382,0.692000
off,run_02.json,383,1.412000
off,run_02.json,384,0.592000
off,run_02.json,385,0.636000
off,run_02.json,386,0.659000
off,run_02.json,387,1.357000
off,run_02.json,388,9.022000
off,run_02.json,389,0.628000
off,run_02.json,390,0.927000
off,run_02.json,391,0.638000
off,run_02.json,392,1.417000
off,run_02.json,393,0.632000
off,run_02.json,394,0.630000
off,run_02.json,395,0.635000
off,run_02.json,396,1.286000
off,run_02.json,397,8.381000
off,run_02.json,398,0.656000
off,run_02.json,399,0.934000
off,run_02.json,400,0.684000
off,run_02.json,401,1.504000
off,run_02.json,402,0.710000
off,run_02.json,403,0.696000
off,run_02.json,404,0.670000
off,run_02.json,405,10.107000
off,run_02.json,406,0.853000
off,run_02.json,407,0.940000
off,run_02.json,408,1.598000
off,run_02.json,409,0.711000
off,run_02.json,410,0.681000
off,run_02.json,411,0.780000
off,run_02.json,412,1.431000
off,run_02.json,413,11.393000
off,run_02.json,414,0.691000
off,run_02.json,415,1.022000
off,run_02.json,416,0.718000
off,run_02.json,417,1.479000
off,run_02.json,418,0.623000
off,run_02.json,419,0.621000
off,run_02.json,420,1.463000
off,run_02.json,421,9.506000
off,run_02.json,422,0.641000
off,run_02.json,423,0.999000
off,run_02.json,424,0.631000
off,run_02.json,425,1.568000
off,run_02.json,426,0.662000
off,run_02.json,427,0.680000
off,run_02.json,428,0.655000
off,run_02.json,429,10.773000
off,run_02.json,430,0.708000
off,run_02.json,431,0.969000
off,run_02.json,432,1.663000
off,run_02.json,433,0.702000
off,run_02.json,434,0.721000
off,run_02.json,435,0.623000
off,run_02.json,436,1.335000
off,run_02.json,437,10.320000
off,run_02.json,438,0.814000
off,run_02.json,439,0.973000
off,run_02.json,440,1.667000
off,run_02.json,441,0.703000
off,run_02.json,442,0.713000
off,run_02.json,443,0.662000
off,run_02.json,444,1.630000
off,run_02.json,445,9.634000
off,run_02.json,446,0.749000
off,run_02.json,447,0.890000
off,run_02.json,448,0.766000
off,run_02.json,449,1.459000
off,run_02.json,450,0.630000
off,run_02.json,451,0.688000
off,run_02.json,452,1.382000
off,run_02.json,453,10.388000
off,run_02.json,454,0.857000
off,run_02.json,455,0.847000
off,run_02.json,456,1.750000
off,run_02.json,457,0.732000
off,run_02.json,458,0.686000
off,run_02.json,459,0.690000
off,run_02.json,460,1.460000
off,run_02.json,461,9.980000
off,run_02.json,462,0.795000
off,run_02.json,463,0.957000
off,run_02.json,464,1.499000
off,run_02.json,465,0.705000
off,run_02.json,466,0.631000
off,run_02.json,467,0.694000
off,run_02.json,468,1.556000
off,run_02.json,469,10.524000
off,run_02.json,470,0.888000
off,run_02.json,471,1.038000
off,run_02.json,472,1.673000
off,run_02.json,473,0.621000
off,run_02.json,474,0.649000
off,run_02.json,475,0.625000
off,run_02.json,476,1.430000
off,run_02.json,477,10.048000
off,run_02.json,478,0.630000
off,run_02.json,479,0.948000
off,run_02.json,480,0.651000
off,run_02.json,481,1.423000
off,run_02.json,482,0.561000
off,run_02.json,483,0.637000
off,run_02.json,484,0.675000
off,run_02.json,485,1.329000
off,run_02.json,486,8.153000
off,run_02.json,487,0.715000
off,run_02.json,488,0.817000
off,run_02.json,489,0.631000
off,run_02.json,490,1.544000
off,run_02.json,491,0.662000
off,run_02.json,492,0.705000
off,run_02.json,493,0.653000
off,run_02.json,494,1.357000
off,run_02.json,495,7.904000
off,run_02.json,496,0.704000
off,run_02.json,497,0.955000
off,run_02.json,498,0.616000
off,run_02.json,499,1.591000
off,run_02.json,500,0.669000
off,run_02.json,501,0.652000
off,run_02.json,502,0.665000
off,run_02.json,503,10.698000
off,run_02.json,504,0.714000
off,run_02.json,505,1.003000
off,run_02.json,506,1.743000
off,run_02.json,507,0.821000
off,run_02.json,508,0.766000
off,run_02.json,509,0.662000
off,run_02.json,510,1.405000
off,run_02.json,511,9.555000
off,run_02.json,512,0.805000
off,run_02.json,513,1.029000
off,run_02.json,514,1.595000
off,run_02.json,515,0.680000
off,run_02.json,516,0.850000
off,run_02.json,517,0.670000
off,run_02.json,518,1.354000
off,run_02.json,519,9.592000
off,run_02.json,520,0.663000
off,run_02.json,521,0.942000
off,run_02.json,522,0.677000
off,run_02.json,523,1.492000
off,run_02.json,524,0.675000
off,run_02.json,525,0.667000
off,run_02.json,526,0.676000
off,run_02.json,527,1.272000
off,run_02.json,528,9.578000
off,run_02.json,529,0.834000
off,run_02.json,530,0.832000
off,run_02.json,531,1.725000
off,run_02.json,532,0.658000
off,run_02.json,533,0.701000
off,run_02.json,534,0.621000
off,run_02.json,535,1.286000
off,run_02.json,536,11.092000
off,run_02.json,537,0.867000
off,run_02.json,538,0.967000
off,run_02.json,539,1.651000
off,run_02.json,540,0.743000
off,run_02.json,541,0.872000
off,run_02.json,542,0.711000
off,run_02.json,543,11.955000
off,run_02.json,544,0.978000
off,run_02.json,545,0.926000
off,run_02.json,546,1.573000
off,run_02.json,547,0.793000
off,run_02.json,548,0.846000
off,run_02.json,549,1.666000
off,run_02.json,550,10.400000
off,run_02.json,551,0.791000
off,run_02.json,552,0.940000
off,run_02.json,553,1.555000
off,run_02.json,554,0.747000
off,run_02.json,555,0.721000
off,run_02.json,556,0.674000
off,run_02.json,557,1.413000
off,run_02.json,558,10.254000
off,run_02.json,559,0.678000
off,run_02.json,560,0.902000
off,run_02.json,561,0.617000
off,run_02.json,562,1.583000
off,run_02.json,563,0.916000
off,run_02.json,564,0.692000
off,run_02.json,565,1.313000
off,run_02.json,566,10.364000
off,run_02.json,567,0.745000
off,run_02.json,568,0.923000
off,run_02.json,569,1.615000
off,run_02.json,570,0.651000
off,run_02.json,571,0.668000
off,run_02.json,572,0.628000
off,run_02.json,573,1.344000
off,run_02.json,574,10.788000
off,run_02.json,575,0.798000
off,run_02.json,576,0.847000
off,run_02.json,577,0.669000
off,run_02.json,578,1.537000
off,run_02.json,579,0.676000
off,run_02.json,580,0.662000
off,run_02.json,581,1.411000
off,run_02.json,582,10.393000
off,run_02.json,583,0.659000
off,run_02.json,584,1.226000
off,run_02.json,585,0.685000
off,run_02.json,586,1.514000
off,run_02.json,587,0.624000
off,run_02.json,588,0.698000
off,run_02.json,589,1.410000
off,run_02.json,590,10.233000
off,run_02.json,591,0.913000
off,run_02.json,592,0.836000
off,run_02.json,593,1.830000
off,run_02.json,594,0.772000
off,run_02.json,595,0.792000
off,run_02.json,596,1.553000
off,run_02.json,597,9.199000
off,run_02.json,598,0.878000
off,run_02.json,599,0.957000
off,run_02.json,600,1.030000
off,run_02.json,601,1.390000
off,run_02.json,602,0.907000
off,run_02.json,603,0.759000
off,run_02.json,604,9.885000
off,run_02.json,605,0.973000
off,run_02.json,606,0.990000
off,run_02.json,607,1.369000
off,run_02.json,608,0.744000
off,run_02.json,609,0.892000
off,run_02.json,610,0.854000
off,run_02.json,611,10.453000
off,run_02.json,612,1.016000
off,run_02.json,613,0.912000
off,run_02.json,614,1.469000
off,run_02.json,615,0.805000
off,run_02.json,616,0.776000
off,run_02.json,617,0.824000
off,run_02.json,618,10.016000
off,run_02.json,619,0.858000
off,run_02.json,620,0.888000
off,run_02.json,621,0.723000
off,run_02.json,622,1.354000
off,run_02.json,623,0.939000
off,run_02.json,624,0.716000
off,run_02.json,625,1.508000
off,run_02.json,626,8.263000
off,run_02.json,627,0.636000
off,run_02.json,628,0.886000
off,run_02.json,629,0.596000
off,run_02.json,630,1.582000
off,run_02.json,631,0.798000
off,run_02.json,632,0.661000
off,run_02.json,633,0.846000
off,run_02.json,634,10.136000
off,run_02.json,635,0.728000
off,run_02.json,636,0.902000
off,run_02.json,637,1.711000
off,run_02.json,638,0.755000
off,run_02.json,639,0.845000
off,run_02.json,640,0.834000
off,run_02.json,641,11.014000
off,run_02.json,642,1.343000
off,run_02.json,643,0.928000
off,run_02.json,644,1.348000
off,run_02.json,645,0.966000
off,run_02.json,646,0.753000
off,run_02.json,647,1.530000
off,run_02.json,648,9.779000
off,run_02.json,649,1.265000
off,run_02.json,650,0.714000
off,run_02.json,651,1.555000
off,run_02.json,652,0.673000
off,run_02.json,653,0.672000
off,run_02.json,654,0.641000
off,run_02.json,655,1.318000
off,run_02.json,656,9.560000
off,run_02.json,657,0.594000
off,run_02.json,658,0.984000
off,run_02.json,659,0.703000
off,run_02.json,660,1.323000
off,run_02.json,661,0.590000
off,run_02.json,662,0.625000
off,run_02.json,663,0.599000
off,run_02.json,664,1.293000
off,run_02.json,665,9.848000
off,run_02.json,666,0.610000
off,run_02.json,667,0.947000
off,run_02.json,668,0.588000
off,run_02.json,669,1.468000
off,run_02.json,670,0.650000
off,run_02.json,671,0.614000
off,run_02.json,672,0.634000
off,run_02.json,673,0.559000
off,run_02.json,674,0.631000
off,run_02.json,675,1.199000
off,run_02.json,676,8.870000
off,run_02.json,677,0.650000
off,run_02.json,678,0.988000
off,run_02.json,679,1.541000
off,run_02.json,680,0.631000
off,run_02.json,681,0.705000
off,run_02.json,682,0.566000
off,run_02.json,683,0.641000
off,run_02.json,684,1.190000
off,run_02.json,685,9.692000
off,run_02.json,686,0.578000
off,run_02.json,687,0.913000
off,run_02.json,688,0.578000
off,run_02.json,689,1.508000
off,run_02.json,690,0.638000
off,run_02.json,691,0.603000
off,run_02.json,692,0.644000
off,run_02.json,693,0.621000
off,run_02.json,694,0.550000
off,run_02.json,695,1.298000
off,run_02.json,696,8.819000
off,run_02.json,697,0.572000
off,run_02.json,698,1.058000
off,run_02.json,699,0.603000
off,run_02.json,700,1.518000
off,run_02.json,701,0.631000
off,run_02.json,702,0.551000
off,run_02.json,703,0.610000
off,run_02.json,704,1.934000
off,run_02.json,705,9.349000
off,run_02.json,706,0.587000
off,run_02.json,707,1.016000
off,run_02.json,708,0.586000
off,run_02.json,709,1.489000
off,run_02.json,710,0.589000
off,run_02.json,711,0.628000
off,run_02.json,712,0.581000
off,run_02.json,713,1.262000
off,run_02.json,714,9.804000
off,run_02.json,715,2.030000
off,run_02.json,716,1.206000
off,run_02.json,717,0.633000
off,run_02.json,718,0.548000
off,run_02.json,719,0.622000
off,run_02.json,720,0.617000
off,run_02.json,721,0.640000
off,run_02.json,722,0.613000
off,run_02.json,723,9.601000
off,run_02.json,724,0.607000
off,run_02.json,725,1.002000
off,run_02.json,726,0.663000
off,run_02.json,727,1.552000
off,run_02.json,728,0.773000
off,run_02.json,729,0.776000
off,run_02.json,730,0.729000
off,run_02.json,731,0.798000
off,run_02.json,732,9.893000
off,run_02.json,733,0.677000
off,run_02.json,734,0.960000
off,run_02.json,735,0.725000
off,run_02.json,736,1.405000
off,run_02.json,737,0.650000
off,run_02.json,738,0.651000
off,run_02.json,739,0.804000
off,run_02.json,740,0.661000
off,run_02.json,741,1.282000
off,run_02.json,742,8.825000
off,run_02.json,743,0.693000
off,run_02.json,744,0.955000
off,run_02.json,745,0.864000
off,run_02.json,746,1.334000
off,run_02.json,747,0.612000
off,run_02.json,748,0.678000
off,run_02.json,749,0.809000
off,run_02.json,750,0.698000
off,run_02.json,751,1.320000
off,run_02.json,752,8.869000
off,run_02.json,753,1.346000
off,run_02.json,754,0.997000
off,run_02.json,755,1.431000
off,run_02.json,756,0.835000
off,run_02.json,757,0.697000
off,run_02.json,758,0.723000
off,run_02.json,759,0.606000
off,run_02.json,760,9.927000
off,run_02.json,761,0.827000
off,run_02.json,762,1.094000
off,run_02.json,763,0.848000
off,run_02.json,764,0.794000
off,run_02.json,765,1.523000
off,run_02.json,766,0.777000
off,run_02.json,767,0.733000
off,run_02.json,768,1.384000
off,run_02.json,769,8.768000
off,run_02.json,770,0.784000
off,run_02.json,771,0.858000
off,run_02.json,772,0.685000
off,run_02.json,773,1.604000
off,run_02.json,774,0.786000
off,run_02.json,775,0.671000
off,run_02.json,776,0.694000
off,run_02.json,777,0.734000
off,run_02.json,778,9.634000
off,run_02.json,779,0.712000
off,run_02.json,780,0.937000
off,run_02.json,781,0.722000
off,run_02.json,782,1.497000
off,run_02.json,783,0.685000
off,run_02.json,784,0.717000
off,run_02.json,785,0.618000
off,run_02.json,786,0.716000
off,run_02.json,787,1.362000
off,run_02.json,788,8.773000
off,run_02.json,789,0.832000
off,run_02.json,790,0.929000
off,run_02.json,791,1.644000
off,run_02.json,792,0.739000
off,run_02.json,793,0.895000
off,run_02.json,794,0.725000
off,run_02.json,795,0.745000
off,run_02.json,796,1.306000
off,run_02.json,797,8.804000
off,run_02.json,798,0.635000
off,run_02.json,799,0.985000
off,run_02.json,800,0.722000
off,run_02.json,801,1.453000
off,run_02.json,802,0.683000
off,run_02.json,803,0.696000
off,run_02.json,804,0.731000
off,run_02.json,805,0.621000
off,run_02.json,806,1.445000
off,run_02.json,807,8.799000
off,run_02.json,808,0.668000
off,run_02.json,809,0.952000
off,run_02.json,810,0.631000
off,run_02.json,811,1.554000
off,run_02.json,812,0.695000
off,run_02.json,813,0.697000
off,run_02.json,814,0.658000
off,run_02.json,815,0.700000
off,run_02.json,816,1.512000
off,run_02.json,817,9.750000
off,run_02.json,818,0.766000
off,run_02.json,819,0.986000
off,run_02.json,820,0.689000
off,run_02.json,821,0.684000
off,run_02.json,822,0.738000
off,run_02.json,823,1.480000
off,run_02.json,824,0.683000
off,run_02.json,825,0.719000
off,run_02.json,826,1.571000
off,run_02.json,827,9.090000
off,run_02.json,828,0.788000
off,run_02.json,829,0.976000
off,run_02.json,830,1.625000
off,run_02.json,831,0.760000
off,run_02.json,832,0.786000
off,run_02.json,833,0.722000
off,run_02.json,834,0.770000
off,run_02.json,835,1.410000
off,run_02.json,836,6.964000
off,run_02.json,837,0.784000
off,run_02.json,838,0.983000
off,run_02.json,839,1.626000
off,run_02.json,840,0.684000
off,run_02.json,841,0.652000
off,run_02.json,842,0.697000
off,run_02.json,843,0.681000
off,run_02.json,844,0.660000
off,run_02.json,845,9.878000
off,run_02.json,846,0.911000
off,run_02.json,847,1.229000
off,run_02.json,848,1.376000
off,run_02.json,849,0.767000
off,run_02.json,850,0.776000
off,run_02.json,851,0.795000
off,run_02.json,852,0.677000
off,run_02.json,853,1.437000
off,run_02.json,854,12.591000
off,run_02.json,855,1.022000
off,run_02.json,856,1.047000
off,run_02.json,857,1.232000
off,run_02.json,858,0.871000
off,run_02.json,859,0.665000
off,run_02.json,860,0.729000
off,run_02.json,861,0.699000
off,run_02.json,862,1.463000
off,run_02.json,863,9.105000
off,run_02.json,864,0.663000
off,run_02.json,865,1.010000
off,run_02.json,866,0.749000
off,run_02.json,867,1.414000
off,run_02.json,868,0.720000
off,run_02.json,869,0.741000
off,run_02.json,870,0.785000
off,run_02.json,871,0.666000
off,run_02.json,872,9.944000
off,run_02.json,873,1.098000
off,run_02.json,874,0.883000
off,run_02.json,875,1.655000
off,run_02.json,876,0.875000
off,run_02.json,877,0.749000
off,run_02.json,878,0.690000
off,run_02.json,879,0.756000
off,run_02.json,880,9.927000
off,run_02.json,881,0.938000
off,run_02.json,882,0.960000
off,run_02.json,883,1.669000
off,run_02.json,884,0.987000
off,run_02.json,885,0.860000
off,run_02.json,886,0.924000
off,run_02.json,887,1.478000
off,run_02.json,888,8.466000
off,run_02.json,889,0.626000
off,run_02.json,890,1.039000
off,run_02.json,891,0.692000
off,run_02.json,892,1.527000
off,run_02.json,893,0.687000
off,run_02.json,894,0.637000
off,run_02.json,895,0.687000
off,run_02.json,896,0.683000
off,run_02.json,897,1.356000
off,run_02.json,898,8.346000
off,run_02.json,899,0.707000
off,run_02.json,900,1.019000
off,run_02.json,901,0.650000
off,run_02.json,902,1.453000
off,run_02.json,903,0.636000
off,run_02.json,904,0.675000
off,run_02.json,905,0.580000
off,run_02.json,906,0.638000
off,run_02.json,907,1.377000
off,run_02.json,908,8.594000
off,run_02.json,909,0.588000
off,run_02.json,910,0.927000
off,run_02.json,911,0.664000
off,run_02.json,912,1.379000
off,run_02.json,913,0.631000
off,run_02.json,914,0.635000
off,run_02.json,915,0.617000
off,run_02.json,916,0.642000
off,run_02.json,917,0.628000
off,run_02.json,918,1.252000
off,run_02.json,919,7.015000
off,run_02.json,920,0.586000
off,run_02.json,921,0.974000
off,run_02.json,922,0.813000
off,run_02.json,923,1.404000
off,run_02.json,924,0.668000
off,run_02.json,925,0.690000
off,run_02.json,926,0.696000
off,run_02.json,927,0.636000
off,run_02.json,928,1.339000
off,run_02.json,929,7.444000
off,run_02.json,930,0.696000
off,run_02.json,931,0.953000
off,run_02.json,932,1.569000
off,run_02.json,933,0.661000
off,run_02.json,934,0.662000
off,run_02.json,935,0.685000
off,run_02.json,936,0.659000
off,run_02.json,937,0.709000
off,run_02.json,938,1.281000
off,run_02.json,939,10.663000
off,run_02.json,940,0.623000
off,run_02.json,941,0.984000
off,run_02.json,942,0.691000
off,run_02.json,943,1.426000
off,run_02.json,944,0.723000
off,run_02.json,945,0.713000
off,run_02.json,946,0.684000
off,run_02.json,947,0.686000
off,run_02.json,948,1.413000
off,run_02.json,949,8.497000
off,run_02.json,950,0.725000
off,run_02.json,951,1.000000
off,run_02.json,952,1.601000
off,run_02.json,953,0.719000
off,run_02.json,954,0.700000
off,run_02.json,955,0.604000
off,run_02.json,956,0.706000
off,run_02.json,957,0.697000
off,run_02.json,958,1.270000
off,run_02.json,959,8.361000
off,run_02.json,960,0.699000
off,run_02.json,961,0.978000
off,run_02.json,962,1.577000
off,run_02.json,963,0.666000
off,run_02.json,964,0.702000
off,run_02.json,965,0.684000
off,run_02.json,966,0.682000
off,run_02.json,967,0.635000
off,run_02.json,968,1.280000
off,run_02.json,969,9.237000
off,run_02.json,970,0.674000
off,run_02.json,971,0.973000
off,run_02.json,972,0.687000
off,run_02.json,973,1.462000
off,run_02.json,974,0.683000
off,run_02.json,975,0.691000
off,run_02.json,976,0.639000
off,run_02.json,977,0.680000
off,run_02.json,978,1.438000
off,run_02.json,979,8.899000
off,run_02.json,980,0.668000
off,run_02.json,981,0.941000
off,run_02.json,982,0.637000
off,run_02.json,983,1.572000
off,run_02.json,984,0.684000
off,run_02.json,985,0.645000
off,run_02.json,986,0.653000
off,run_02.json,987,0.689000
off,run_02.json,988,1.308000
off,run_02.json,989,9.583000
off,run_02.json,990,0.619000
off,run_02.json,991,0.968000
off,run_02.json,992,0.613000
off,run_02.json,993,1.577000
off,run_02.json,994,0.641000
off,run_02.json,995,0.699000
off,run_02.json,996,0.687000
off,run_02.json,997,0.613000
off,run_02.json,998,1.378000
off,run_02.json,999,9.484000
off,run_02.json,1000,0.812000
off,run_02.json,1001,0.852000
off,run_02.json,1002,0.666000
off,run_02.json,1003,1.485000
off,run_02.json,1004,0.626000
off,run_02.json,1005,0.637000
off,run_02.json,1006,0.594000
off,run_02.json,1007,0.560000
off,run_02.json,1008,0.596000
off,run_02.json,1009,9.498000
off,run_02.json,1010,0.611000
off,run_02.json,1011,0.953000
off,run_02.json,1012,0.673000
off,run_02.json,1013,1.506000
off,run_02.json,1014,0.683000
off,run_02.json,1015,0.615000
off,run_02.json,1016,0.678000
off,run_02.json,1017,0.645000
off,run_02.json,1018,1.264000
off,run_02.json,1019,7.572000
off,run_02.json,1020,0.669000
off,run_02.json,1021,0.956000
off,run_02.json,1022,0.680000
off,run_02.json,1023,1.433000
off,run_02.json,1024,0.681000
off,run_02.json,1025,0.680000
off,run_02.json,1026,0.631000
off,run_02.json,1027,0.664000
off,run_02.json,1028,1.355000
off,run_02.json,1029,7.303000
off,run_02.json,1030,0.674000
off,run_02.json,1031,0.937000
off,run_02.json,1032,0.656000
off,run_02.json,1033,1.450000
off,run_02.json,1034,0.665000
off,run_02.json,1035,0.666000
off,run_02.json,1036,0.579000
off,run_02.json,1037,0.664000
off,run_02.json,1038,1.290000
off,run_02.json,1039,9.203000
off,run_02.json,1040,0.660000
off,run_02.json,1041,1.185000
off,run_02.json,1042,1.592000
off,run_02.json,1043,0.891000
off,run_02.json,1044,0.592000
off,run_02.json,1045,1.884000
off,run_02.json,1046,1.240000
off,run_02.json,1047,8.628000
off,run_02.json,1048,0.704000
off,run_02.json,1049,0.937000
off,run_02.json,1050,0.618000
off,run_02.json,1051,1.497000
off,run_02.json,1052,0.700000
off,run_02.json,1053,0.643000
off,run_02.json,1054,0.654000
off,run_02.json,1055,0.653000
off,run_02.json,1056,2.810000
off,run_02.json,1057,7.428000
off,run_02.json,1058,0.638000
off,run_02.json,1059,0.985000
off,run_02.json,1060,0.699000
off,run_02.json,1061,1.390000
off,run_02.json,1062,0.627000
off,run_02.json,1063,0.659000
off,run_02.json,1064,0.579000
off,run_02.json,1065,0.663000
off,run_02.json,1066,0.658000
off,run_02.json,1067,11.256000
off,run_02.json,1068,0.746000
off,run_02.json,1069,0.895000
off,run_02.json,1070,1.664000
off,run_02.json,1071,0.663000
off,run_02.json,1072,0.625000
off,run_02.json,1073,0.645000
off,run_02.json,1074,0.631000
off,run_02.json,1075,0.588000
off,run_02.json,1076,1.462000
off,run_02.json,1077,9.739000
off,run_02.json,1078,0.704000
off,run_02.json,1079,0.939000
off,run_02.json,1080,1.613000
off,run_02.json,1081,0.596000
off,run_02.json,1082,0.641000
off,run_02.json,1083,0.639000
off,run_02.json,1084,0.598000
off,run_02.json,1085,0.633000
off,run_02.json,1086,1.523000
off,run_02.json,1087,9.611000
off,run_02.json,1088,0.843000
off,run_02.json,1089,0.997000
off,run_02.json,1090,1.531000
off,run_02.json,1091,0.840000
off,run_02.json,1092,0.783000
off,run_02.json,1093,0.764000
off,run_02.json,1094,0.731000
off,run_02.json,1095,1.376000
off,run_02.json,1096,9.652000
off,run_02.json,1097,0.928000
off,run_02.json,1098,0.978000
off,run_02.json,1099,0.860000
off,run_02.json,1100,1.531000
off,run_02.json,1101,0.863000
off,run_02.json,1102,0.797000
off,run_02.json,1103,0.833000
off,run_02.json,1104,10.311000
off,run_02.json,1105,0.687000
off,run_02.json,1106,0.936000
off,run_02.json,1107,0.708000
off,run_02.json,1108,1.442000
off,run_02.json,1109,0.688000
off,run_02.json,1110,0.710000
off,run_02.json,1111,0.670000
off,run_02.json,1112,0.664000
off,run_02.json,1113,1.370000
off,run_02.json,1114,8.842000
off,run_02.json,1115,0.644000
off,run_02.json,1116,0.969000
off,run_02.json,1117,0.666000
off,run_02.json,1118,1.464000
off,run_02.json,1119,0.683000
off,run_02.json,1120,0.606000
off,run_02.json,1121,0.624000
off,run_02.json,1122,0.639000
off,run_02.json,1123,1.302000
off,run_02.json,1124,8.443000
off,run_02.json,1125,0.700000
off,run_02.json,1126,0.888000
off,run_02.json,1127,0.684000
off,run_02.json,1128,1.438000
off,run_02.json,1129,0.678000
off,run_02.json,1130,0.636000
off,run_02.json,1131,0.664000
off,run_02.json,1132,0.693000
off,run_02.json,1133,1.332000
off,run_02.json,1134,7.697000
off,run_02.json,1135,0.601000
off,run_02.json,1136,0.936000
off,run_02.json,1137,0.588000
off,run_02.json,1138,1.709000
off,run_02.json,1139,0.573000
off,run_02.json,1140,0.641000
off,run_02.json,1141,0.646000
off,run_02.json,1142,0.618000
off,run_02.json,1143,1.339000
off,run_02.json,1144,8.175000
off,run_02.json,1145,0.604000
off,run_02.json,1146,0.908000
off,run_02.json,1147,0.585000
off,run_02.json,1148,1.494000
off,run_02.json,1149,0.633000
off,run_02.json,1150,0.650000
off,run_02.json,1151,0.612000
off,run_02.json,1152,0.642000
off,run_02.json,1153,0.560000
off,run_02.json,1154,1.350000
off,run_02.json,1155,6.922000
off,run_02.json,1156,0.582000
off,run_02.json,1157,0.956000
off,run_02.json,1158,0.640000
off,run_02.json,1159,1.411000
off,run_02.json,1160,0.678000
off,run_02.json,1161,0.624000
off,run_02.json,1162,0.571000
off,run_02.json,1163,0.625000
off,run_02.json,1164,0.592000
off,run_02.json,1165,1.512000
off,run_02.json,1166,8.200000
off,run_02.json,1167,0.662000
off,run_02.json,1168,0.888000
off,run_02.json,1169,0.608000
off,run_02.json,1170,1.545000
off,run_02.json,1171,0.570000
off,run_02.json,1172,0.679000
off,run_02.json,1173,0.597000
off,run_02.json,1174,0.566000
off,run_02.json,1175,0.662000
off,run_02.json,1176,10.051000
off,run_02.json,1177,0.626000
off,run_02.json,1178,0.853000
off,run_02.json,1179,0.561000
off,run_02.json,1180,1.464000
off,run_02.json,1181,0.662000
off,run_02.json,1182,0.667000
off,run_02.json,1183,0.552000
off,run_02.json,1184,0.664000
off,run_02.json,1185,0.615000
off,run_02.json,1186,1.273000
off,run_02.json,1187,8.897000
off,run_02.json,1188,0.682000
off,run_02.json,1189,0.895000
off,run_02.json,1190,0.677000
off,run_02.json,1191,1.375000
off,run_02.json,1192,0.646000
off,run_02.json,1193,0.565000
off,run_02.json,1194,0.650000
off,run_02.json,1195,0.827000
off,run_02.json,1196,1.354000
off,run_02.json,1197,8.863000
off,run_02.json,1198,0.612000
off,run_02.json,1199,0.920000
off,run_02.json,1200,0.602000
off,run_02.json,1201,1.443000
off,run_02.json,1202,0.656000
off,run_02.json,1203,0.601000
off,run_02.json,1204,0.596000
off,run_02.json,1205,0.596000
off,run_02.json,1206,0.622000
off,run_02.json,1207,1.289000
off,run_02.json,1208,8.585000
off,run_02.json,1209,0.623000
off,run_02.json,1210,0.873000
off,run_02.json,1211,0.590000
off,run_02.json,1212,1.388000
off,run_02.json,1213,0.586000
off,run_02.json,1214,0.596000
off,run_02.json,1215,0.626000
off,run_02.json,1216,0.674000
off,run_02.json,1217,0.610000
off,run_02.json,1218,1.263000
off,run_02.json,1219,8.811000
off,run_02.json,1220,0.652000
off,run_02.json,1221,1.247000
off,run_02.json,1222,1.500000
off,run_02.json,1223,0.696000
off,run_02.json,1224,0.645000
off,run_02.json,1225,0.656000
off,run_02.json,1226,0.579000
off,run_02.json,1227,0.540000
off,run_02.json,1228,1.338000
off,run_02.json,1229,8.801000
off,run_02.json,1230,0.585000
off,run_02.json,1231,0.970000
off,run_02.json,1232,0.537000
off,run_02.json,1233,1.531000
off,run_02.json,1234,0.543000
off,run_02.json,1235,0.624000
off,run_02.json,1236,0.571000
off,run_02.json,1237,0.640000
off,run_02.json,1238,0.648000
off,run_02.json,1239,1.218000
off,run_02.json,1240,8.739000
off,run_02.json,1241,0.555000
off,run_02.json,1242,0.940000
off,run_02.json,1243,0.635000
off,run_02.json,1244,1.378000
off,run_02.json,1245,0.608000
off,run_02.json,1246,0.536000
off,run_02.json,1247,0.626000
off,run_02.json,1248,0.636000
off,run_02.json,1249,0.620000
off,run_02.json,1250,1.360000
off,run_02.json,1251,8.733000
off,run_02.json,1252,0.653000
off,run_02.json,1253,1.021000
off,run_02.json,1254,0.735000
off,run_02.json,1255,1.438000
off,run_02.json,1256,0.669000
off,run_02.json,1257,0.647000
off,run_02.json,1258,0.738000
off,run_02.json,1259,0.712000
off,run_02.json,1260,1.329000
off,run_02.json,1261,8.906000
off,run_02.json,1262,0.799000
off,run_02.json,1263,1.046000
off,run_02.json,1264,1.656000
off,run_02.json,1265,0.706000
off,run_02.json,1266,0.685000
off,run_02.json,1267,0.686000
off,run_02.json,1268,0.605000
off,run_02.json,1269,0.680000
off,run_02.json,1270,9.719000
off,run_02.json,1271,0.634000
off,run_02.json,1272,0.924000
off,run_02.json,1273,0.633000
off,run_02.json,1274,1.484000
off,run_02.json,1275,0.685000
off,run_02.json,1276,0.681000
off,run_02.json,1277,0.648000
off,run_02.json,1278,0.676000
off,run_02.json,1279,1.252000
off,run_02.json,1280,9.020000
off,run_02.json,1281,0.665000
off,run_02.json,1282,1.031000
off,run_02.json,1283,0.685000
off,run_02.json,1284,1.437000
off,run_02.json,1285,0.706000
off,run_02.json,1286,0.694000
off,run_02.json,1287,0.636000
off,run_02.json,1288,0.651000
off,run_02.json,1289,1.330000
off,run_02.json,1290,8.994000
off,run_02.json,1291,1.250000
off,run_02.json,1292,0.763000
off,run_02.json,1293,1.575000
off,run_02.json,1294,0.721000
off,run_02.json,1295,0.719000
off,run_02.json,1296,0.709000
off,run_02.json,1297,0.896000
off,run_02.json,1298,11.542000
off,run_02.json,1299,1.077000
off,run_02.json,1300,0.981000
off,run_02.json,1301,1.412000
off,run_02.json,1302,0.917000
off,run_02.json,1303,0.909000
off,run_02.json,1304,1.360000
off,run_02.json,1305,8.586000
off,run_02.json,1306,1.324000
off,run_02.json,1307,1.004000
off,run_02.json,1308,0.900000
off,run_02.json,1309,1.217000
off,run_02.json,1310,0.878000
off,run_02.json,1311,0.811000
off,run_02.json,1312,1.239000
off,run_02.json,1313,9.249000
off,run_02.json,1314,1.184000
off,run_02.json,1315,0.782000
off,run_02.json,1316,1.019000
off,run_02.json,1317,1.424000
off,run_02.json,1318,0.771000
off,run_02.json,1319,0.795000
off,run_02.json,1320,0.758000
off,run_02.json,1321,9.942000
off,run_02.json,1322,0.957000
off,run_02.json,1323,0.867000
off,run_02.json,1324,1.598000
off,run_02.json,1325,0.913000
off,run_02.json,1326,0.875000
off,run_02.json,1327,0.838000
off,run_02.json,1328,1.425000
off,run_02.json,1329,9.510000
off,run_02.json,1330,0.933000
off,run_02.json,1331,0.750000
off,run_02.json,1332,1.607000
off,run_02.json,1333,0.675000
off,run_02.json,1334,0.643000
off,run_02.json,1335,0.669000
off,run_02.json,1336,0.669000
off,run_02.json,1337,1.316000
off,run_02.json,1338,10.076000
off,run_02.json,1339,0.612000
off,run_02.json,1340,1.032000
off,run_02.json,1341,0.788000
off,run_02.json,1342,1.596000
off,run_02.json,1343,0.964000
off,run_02.json,1344,0.708000
off,run_02.json,1345,0.788000
off,run_02.json,1346,1.333000
off,run_02.json,1347,9.649000
off,run_02.json,1348,0.941000
off,run_02.json,1349,0.943000
off,run_02.json,1350,1.448000
off,run_02.json,1351,0.740000
off,run_02.json,1352,0.749000
off,run_02.json,1353,0.636000
off,run_02.json,1354,0.721000
off,run_02.json,1355,1.325000
off,run_02.json,1356,7.231000
off,run_02.json,1357,0.663000
off,run_02.json,1358,1.037000
off,run_02.json,1359,1.659000
off,run_02.json,1360,0.667000
off,run_02.json,1361,0.672000
off,run_02.json,1362,0.731000
off,run_02.json,1363,0.712000
off,run_02.json,1364,0.606000
off,run_02.json,1365,1.263000
off,run_02.json,1366,8.556000
off,run_02.json,1367,0.726000
off,run_02.json,1368,0.938000
off,run_02.json,1369,1.482000
off,run_02.json,1370,0.656000
off,run_02.json,1371,0.629000
off,run_02.json,1372,0.886000
off,run_02.json,1373,0.672000
off,run_02.json,1374,0.628000
off,run_02.json,1375,1.275000
off,run_02.json,1376,12.442000
off,run_02.json,1377,0.849000
off,run_02.json,1378,0.981000
off,run_02.json,1379,1.602000
off,run_02.json,1380,0.880000
off,run_02.json,1381,0.688000
off,run_02.json,1382,0.688000
off,run_02.json,1383,0.675000
off,run_02.json,1384,1.281000
off,run_02.json,1385,9.363000
off,run_02.json,1386,1.959000
off,run_02.json,1387,1.415000
off,run_02.json,1388,0.636000
off,run_02.json,1389,0.737000
off,run_02.json,1390,0.631000
off,run_02.json,1391,0.604000
off,run_02.json,1392,0.681000
off,run_02.json,1393,1.264000
off,run_02.json,1394,8.801000
off,run_02.json,1395,0.606000
off,run_02.json,1396,1.054000
off,run_02.json,1397,2.093000
off,run_02.json,1398,0.460000
off,run_02.json,1399,0.686000
off,run_02.json,1400,0.669000
off,run_02.json,1401,0.640000
off,run_02.json,1402,1.468000
off,run_02.json,1403,8.973000
off,run_02.json,1404,0.819000
off,run_02.json,1405,1.002000
off,run_02.json,1406,1.552000
off,run_02.json,1407,0.709000
off,run_02.json,1408,0.712000
off,run_02.json,1409,0.652000
off,run_02.json,1410,0.663000
off,run_02.json,1411,0.688000
off,run_02.json,1412,9.782000
off,run_02.json,1413,0.709000
off,run_02.json,1414,1.083000
off,run_02.json,1415,1.551000
off,run_02.json,1416,0.685000
off,run_02.json,1417,0.844000
off,run_02.json,1418,0.759000
off,run_02.json,1419,0.717000
off,run_02.json,1420,1.353000
off,run_02.json,1421,8.528000
off,run_02.json,1422,0.811000
off,run_02.json,1423,0.927000
off,run_02.json,1424,1.644000
off,run_02.json,1425,0.708000
off,run_02.json,1426,0.664000
off,run_02.json,1427,0.688000
off,run_02.json,1428,0.702000
off,run_02.json,1429,0.693000
off,run_02.json,1430,9.522000
off,run_02.json,1431,0.692000
off,run_02.json,1432,1.087000
off,run_02.json,1433,1.595000
off,run_02.json,1434,0.666000
off,run_02.json,1435,0.699000
off,run_02.json,1436,0.602000
off,run_02.json,1437,0.701000
off,run_02.json,1438,0.689000
off,run_02.json,1439,1.343000
off,run_02.json,1440,7.445000
off,run_02.json,1441,0.796000
off,run_02.json,1442,0.816000
off,run_02.json,1443,0.772000
off,run_02.json,1444,1.425000
off,run_02.json,1445,0.658000
off,run_02.json,1446,0.781000
off,run_02.json,1447,0.643000
off,run_02.json,1448,0.675000
off,run_02.json,1449,1.349000
off,run_02.json,1450,6.821000
off,run_02.json,1451,0.628000
off,run_02.json,1452,1.009000
off,run_02.json,1453,0.688000
off,run_02.json,1454,1.475000
off,run_02.json,1455,0.648000
off,run_02.json,1456,0.872000
off,run_02.json,1457,0.652000
off,run_02.json,1458,0.637000
off,run_02.json,1459,1.319000
off,run_02.json,1460,10.511000
off,run_02.json,1461,0.679000
off,run_02.json,1462,0.961000
off,run_02.json,1463,0.688000
off,run_02.json,1464,1.445000
off,run_02.json,1465,0.710000
off,run_02.json,1466,0.673000
off,run_02.json,1467,0.678000
off,run_02.json,1468,0.676000
off,run_02.json,1469,1.481000
off,run_02.json,1470,8.346000
off,run_02.json,1471,0.638000
off,run_02.json,1472,1.006000
off,run_02.json,1473,0.605000
off,run_02.json,1474,1.544000
off,run_02.json,1475,0.870000
off,run_02.json,1476,0.628000
off,run_02.json,1477,0.670000
off,run_02.json,1478,0.674000
off,run_02.json,1479,1.288000
off,run_02.json,1480,8.523000
off,run_02.json,1481,0.686000
off,run_02.json,1482,0.924000
off,run_02.json,1483,0.654000
off,run_02.json,1484,1.485000
off,run_02.json,1485,0.659000
off,run_02.json,1486,0.655000
off,run_02.json,1487,0.652000
off,run_02.json,1488,0.646000
off,run_02.json,1489,1.312000
off,run_02.json,1490,9.330000
off,run_02.json,1491,0.641000
off,run_02.json,1492,0.983000
off,run_02.json,1493,0.614000
off,run_02.json,1494,1.491000
off,run_02.json,1495,0.602000
off,run_02.json,1496,0.599000
off,run_02.json,1497,0.657000
off,run_02.json,1498,0.640000
off,run_02.json,1499,0.637000
off,run_02.json,1500,10.005000
off,run_02.json,1501,0.739000
off,run_02.json,1502,0.876000
off,run_02.json,1503,0.644000
off,run_02.json,1504,1.488000
off,run_02.json,1505,0.682000
off,run_02.json,1506,0.606000
off,run_02.json,1507,0.647000
off,run_02.json,1508,0.644000
off,run_02.json,1509,1.245000
off,run_02.json,1510,9.638000
off,run_02.json,1511,0.689000
off,run_02.json,1512,0.947000
off,run_02.json,1513,1.638000
off,run_02.json,1514,0.669000
off,run_02.json,1515,0.666000
off,run_02.json,1516,0.660000
off,run_02.json,1517,0.673000
off,run_02.json,1518,0.892000
off,run_02.json,1519,10.459000
off,run_02.json,1520,0.734000
off,run_02.json,1521,0.948000
off,run_02.json,1522,0.701000
off,run_02.json,1523,1.437000
off,run_02.json,1524,0.597000
off,run_02.json,1525,0.618000
off,run_02.json,1526,0.583000
off,run_02.json,1527,0.617000
off,run_02.json,1528,0.616000
off,run_02.json,1529,10.460000
off,run_02.json,1530,0.693000
off,run_02.json,1531,1.007000
off,run_02.json,1532,0.729000
off,run_02.json,1533,1.323000
off,run_02.json,1534,0.645000
off,run_02.json,1535,0.648000
off,run_02.json,1536,0.685000
off,run_02.json,1537,0.600000
off,run_02.json,1538,1.598000
off,run_02.json,1539,6.949000
off,run_02.json,1540,0.662000
off,run_02.json,1541,0.945000
off,run_02.json,1542,0.620000
off,run_02.json,1543,1.539000
off,run_02.json,1544,0.591000
off,run_02.json,1545,0.632000
off,run_02.json,1546,0.661000
off,run_02.json,1547,0.619000
off,run_02.json,1548,1.348000
off,run_02.json,1549,7.354000
off,run_02.json,1550,0.664000
off,run_02.json,1551,0.956000
off,run_02.json,1552,1.668000
off,run_02.json,1553,0.661000
off,run_02.json,1554,0.707000
off,run_02.json,1555,0.624000
off,run_02.json,1556,0.715000
off,run_02.json,1557,0.662000
off,run_02.json,1558,1.347000
off,run_02.json,1559,8.514000
off,run_02.json,1560,0.675000
off,run_02.json,1561,0.992000
off,run_02.json,1562,0.670000
off,run_02.json,1563,1.433000
off,run_02.json,1564,0.684000
off,run_02.json,1565,0.697000
off,run_02.json,1566,0.610000
off,run_02.json,1567,0.678000
off,run_02.json,1568,1.489000
off,run_02.json,1569,8.865000
off,run_02.json,1570,0.809000
off,run_02.json,1571,1.002000
off,run_02.json,1572,1.624000
off,run_02.json,1573,0.593000
off,run_02.json,1574,0.688000
off,run_02.json,1575,0.641000
off,run_02.json,1576,0.580000
off,run_02.json,1577,0.649000
off,run_02.json,1578,1.681000
off,run_02.json,1579,8.133000
off,run_02.json,1580,0.668000
off,run_02.json,1581,0.909000
off,run_02.json,1582,0.696000
off,run_02.json,1583,1.375000
off,run_02.json,1584,0.585000
off,run_02.json,1585,0.690000
off,run_02.json,1586,0.654000
off,run_02.json,1587,0.690000
off,run_02.json,1588,0.705000
off,run_02.json,1589,0.582000
off,run_02.json,1590,1.348000
off,run_02.json,1591,9.098000
off,run_02.json,1592,0.594000
off,run_02.json,1593,0.930000
off,run_02.json,1594,0.623000
off,run_02.json,1595,1.423000
off,run_02.json,1596,0.665000
off,run_02.json,1597,0.667000
off,run_02.json,1598,0.590000
off,run_02.json,1599,0.002000
off,run_03.json,0,0.673000
off,run_03.json,1,0.678000
off,run_03.json,2,12.009000
off,run_03.json,3,0.719000
off,run_03.json,4,1.082000
off,run_03.json,5,1.686000
off,run_03.json,6,0.631000
off,run_03.json,7,0.636000
off,run_03.json,8,12.422000
off,run_03.json,9,0.814000
off,run_03.json,10,0.823000
off,run_03.json,11,0.757000
off,run_03.json,12,1.355000
off,run_03.json,13,0.594000
off,run_03.json,14,1.339000
off,run_03.json,15,11.827000
off,run_03.json,16,0.768000
off,run_03.json,17,0.985000
off,run_03.json,18,0.784000
off,run_03.json,19,1.414000
off,run_03.json,20,0.700000
off,run_03.json,21,12.691000
off,run_03.json,22,2.340000
off,run_03.json,23,0.881000
off,run_03.json,24,0.783000
off,run_03.json,25,0.631000
off,run_03.json,26,12.489000
off,run_03.json,27,0.794000
off,run_03.json,28,0.937000
off,run_03.json,29,0.744000
off,run_03.json,30,1.475000
off,run_03.json,31,0.741000
off,run_03.json,32,13.813000
off,run_03.json,33,0.284000
off,run_03.json,34,1.563000
off,run_03.json,35,0.793000
off,run_03.json,36,0.706000
off,run_03.json,37,12.145000
off,run_03.json,38,0.778000
off,run_03.json,39,0.983000
off,run_03.json,40,1.881000
off,run_03.json,41,0.882000
off,run_03.json,42,1.590000
off,run_03.json,43,11.065000
off,run_03.json,44,0.643000
off,run_03.json,45,0.946000
off,run_03.json,46,0.643000
off,run_03.json,47,1.508000
off,run_03.json,48,0.643000
off,run_03.json,49,1.440000
off,run_03.json,50,11.214000
off,run_03.json,51,0.759000
off,run_03.json,52,1.083000
off,run_03.json,53,1.598000
off,run_03.json,54,0.701000
off,run_03.json,55,0.683000
off,run_03.json,56,12.137000
off,run_03.json,57,0.732000
off,run_03.json,58,0.921000
off,run_03.json,59,1.585000
off,run_03.json,60,0.682000
off,run_03.json,61,0.689000
off,run_03.json,62,1.278000
off,run_03.json,63,10.867000
off,run_03.json,64,0.612000
off,run_03.json,65,1.008000
off,run_03.json,66,0.667000
off,run_03.json,67,1.388000
off,run_03.json,68,0.615000
off,run_03.json,69,1.357000
off,run_03.json,70,10.825000
off,run_03.json,71,0.688000
off,run_03.json,72,0.920000
off,run_03.json,73,0.586000
off,run_03.json,74,1.488000
off,run_03.json,75,0.651000
off,run_03.json,76,1.382000
off,run_03.json,77,9.788000
off,run_03.json,78,0.731000
off,run_03.json,79,0.858000
off,run_03.json,80,0.734000
off,run_03.json,81,1.292000
off,run_03.json,82,0.652000
off,run_03.json,83,0.616000
off,run_03.json,84,11.294000
off,run_03.json,85,0.757000
off,run_03.json,86,0.860000
off,run_03.json,87,0.674000
off,run_03.json,88,1.538000
off,run_03.json,89,0.569000
off,run_03.json,90,1.307000
off,run_03.json,91,10.175000
off,run_03.json,92,0.691000
off,run_03.json,93,0.936000
off,run_03.json,94,0.720000
off,run_03.json,95,1.390000
off,run_03.json,96,0.651000
off,run_03.json,97,0.649000
off,run_03.json,98,0.603000
off,run_03.json,99,1.377000
off,run_03.json,100,8.915000
off,run_03.json,101,0.568000
off,run_03.json,102,0.951000
off,run_03.json,103,0.607000
off,run_03.json,104,1.437000
off,run_03.json,105,0.649000
off,run_03.json,106,0.638000
off,run_03.json,107,0.665000
off,run_03.json,108,1.172000
off,run_03.json,109,8.735000
off,run_03.json,110,0.680000
off,run_03.json,111,1.023000
off,run_03.json,112,1.629000
off,run_03.json,113,0.576000
off,run_03.json,114,0.593000
off,run_03.json,115,0.565000
off,run_03.json,116,0.623000
off,run_03.json,117,1.353000
off,run_03.json,118,9.501000
off,run_03.json,119,0.662000
off,run_03.json,120,0.873000
off,run_03.json,121,0.632000
off,run_03.json,122,1.434000
off,run_03.json,123,0.628000
off,run_03.json,124,0.628000
off,run_03.json,125,0.588000
off,run_03.json,126,1.254000
off,run_03.json,127,10.110000
off,run_03.json,128,0.580000
off,run_03.json,129,1.154000
off,run_03.json,130,0.732000
off,run_03.json,131,1.383000
off,run_03.json,132,0.644000
off,run_03.json,133,1.359000
off,run_03.json,134,10.737000
off,run_03.json,135,0.703000
off,run_03.json,136,0.850000
off,run_03.json,137,0.578000
off,run_03.json,138,1.480000
off,run_03.json,139,0.591000
off,run_03.json,140,0.591000
off,run_03.json,141,0.583000
off,run_03.json,142,1.391000
off,run_03.json,143,9.874000
off,run_03.json,144,0.558000
off,run_03.json,145,0.920000
off,run_03.json,146,0.579000
off,run_03.json,147,1.429000
off,run_03.json,148,0.591000
off,run_03.json,149,0.551000
off,run_03.json,150,0.578000
off,run_03.json,151,0.626000
off,run_03.json,152,10.878000
off,run_03.json,153,0.674000
off,run_03.json,154,1.094000
off,run_03.json,155,0.647000
off,run_03.json,156,1.445000
off,run_03.json,157,0.637000
off,run_03.json,158,0.663000
off,run_03.json,159,0.623000
off,run_03.json,160,1.369000
off,run_03.json,161,9.403000
off,run_03.json,162,0.674000
off,run_03.json,163,0.906000
off,run_03.json,164,0.595000
off,run_03.json,165,1.499000
off,run_03.json,166,0.599000
off,run_03.json,167,0.612000
off,run_03.json,168,0.627000
off,run_03.json,169,1.354000
off,run_03.json,170,9.895000
off,run_03.json,171,0.691000
off,run_03.json,172,0.890000
off,run_03.json,173,0.597000
off,run_03.json,174,1.437000
off,run_03.json,175,0.621000
off,run_03.json,176,0.580000
off,run_03.json,177,0.580000
off,run_03.json,178,1.322000
off,run_03.json,179,10.001000
off,run_03.json,180,0.568000
off,run_03.json,181,0.986000
off,run_03.json,182,0.601000
off,run_03.json,183,1.477000
off,run_03.json,184,0.619000
off,run_03.json,185,0.593000
off,run_03.json,186,0.622000
off,run_03.json,187,1.313000
off,run_03.json,188,9.955000
off,run_03.json,189,0.636000
off,run_03.json,190,1.045000
off,run_03.json,191,1.543000
off,run_03.json,192,0.638000
off,run_03.json,193,0.603000
off,run_03.json,194,0.548000
off,run_03.json,195,0.582000
off,run_03.json,196,1.290000
off,run_03.json,197,9.813000
off,run_03.json,198,0.586000
off,run_03.json,199,0.963000
off,run_03.json,200,0.612000
off,run_03.json,201,1.691000
off,run_03.json,202,0.618000
off,run_03.json,203,0.655000
off,run_03.json,204,0.659000
off,run_03.json,205,1.369000
off,run_03.json,206,9.709000
off,run_03.json,207,0.844000
off,run_03.json,208,0.783000
off,run_03.json,209,0.657000
off,run_03.json,210,1.586000
off,run_03.json,211,0.640000
off,run_03.json,212,0.630000
off,run_03.json,213,1.356000
off,run_03.json,214,9.851000
off,run_03.json,215,0.715000
off,run_03.json,216,0.940000
off,run_03.json,217,1.674000
off,run_03.json,218,0.809000
off,run_03.json,219,0.663000
off,run_03.json,220,0.637000
off,run_03.json,221,1.331000
off,run_03.json,222,9.755000
off,run_03.json,223,0.634000
off,run_03.json,224,0.952000
off,run_03.json,225,0.616000
off,run_03.json,226,1.500000
off,run_03.json,227,0.624000
off,run_03.json,228,0.632000
off,run_03.json,229,0.621000
off,run_03.json,230,1.320000
off,run_03.json,231,9.868000
off,run_03.json,232,0.654000
off,run_03.json,233,1.067000
off,run_03.json,234,0.742000
off,run_03.json,235,1.419000
off,run_03.json,236,0.733000
off,run_03.json,237,0.661000
off,run_03.json,238,0.636000
off,run_03.json,239,10.819000
off,run_03.json,240,0.754000
off,run_03.json,241,0.881000
off,run_03.json,242,0.631000
off,run_03.json,243,1.523000
off,run_03.json,244,0.614000
off,run_03.json,245,0.829000
off,run_03.json,246,0.664000
off,run_03.json,247,10.861000
off,run_03.json,248,0.859000
off,run_03.json,249,0.864000
off,run_03.json,250,1.681000
off,run_03.json,251,0.714000
off,run_03.json,252,0.850000
off,run_03.json,253,0.843000
off,run_03.json,254,10.727000
off,run_03.json,255,0.692000
off,run_03.json,256,1.001000
off,run_03.json,257,0.700000
off,run_03.json,258,1.444000
off,run_03.json,259,0.670000
off,run_03.json,260,0.665000
off,run_03.json,261,0.689000
off,run_03.json,262,10.856000
off,run_03.json,263,0.751000
off,run_03.json,264,1.010000
off,run_03.json,265,1.748000
off,run_03.json,266,0.677000
off,run_03.json,267,0.716000
off,run_03.json,268,0.761000
off,run_03.json,269,1.493000
off,run_03.json,270,9.538000
off,run_03.json,271,0.800000
off,run_03.json,272,1.092000
off,run_03.json,273,1.609000
off,run_03.json,274,0.722000
off,run_03.json,275,0.676000
off,run_03.json,276,0.666000
off,run_03.json,277,1.475000
off,run_03.json,278,9.510000
off,run_03.json,279,0.711000
off,run_03.json,280,0.915000
off,run_03.json,281,0.718000
off,run_03.json,282,1.477000
off,run_03.json,283,0.709000
off,run_03.json,284,0.700000
off,run_03.json,285,1.337000
off,run_03.json,286,10.975000
off,run_03.json,287,0.704000
off,run_03.json,288,1.087000
off,run_03.json,289,1.624000
off,run_03.json,290,0.709000
off,run_03.json,291,0.698000
off,run_03.json,292,0.876000
off,run_03.json,293,11.728000
off,run_03.json,294,0.844000
off,run_03.json,295,0.905000
off,run_03.json,296,1.763000
off,run_03.json,297,0.790000
off,run_03.json,298,0.757000
off,run_03.json,299,0.836000
off,run_03.json,300,11.099000
off,run_03.json,301,0.774000
off,run_03.json,302,1.056000
off,run_03.json,303,1.635000
off,run_03.json,304,0.803000
off,run_03.json,305,0.697000
off,run_03.json,306,0.718000
off,run_03.json,307,9.229000
off,run_03.json,308,0.861000
off,run_03.json,309,0.959000
off,run_03.json,310,1.630000
off,run_03.json,311,0.748000
off,run_03.json,312,0.815000
off,run_03.json,313,0.756000
off,run_03.json,314,1.480000
off,run_03.json,315,9.269000
off,run_03.json,316,0.898000
off,run_03.json,317,0.888000
off,run_03.json,318,1.625000
off,run_03.json,319,0.813000
off,run_03.json,320,0.749000
off,run_03.json,321,0.763000
off,run_03.json,322,10.918000
off,run_03.json,323,0.943000
off,run_03.json,324,1.145000
off,run_03.json,325,1.475000
off,run_03.json,326,0.860000
off,run_03.json,327,0.765000
off,run_03.json,328,0.640000
off,run_03.json,329,14.660000
off,run_03.json,330,0.833000
off,run_03.json,331,0.833000
off,run_03.json,332,0.647000
off,run_03.json,333,1.575000
off,run_03.json,334,0.690000
off,run_03.json,335,0.650000
off,run_03.json,336,1.477000
off,run_03.json,337,10.220000
off,run_03.json,338,0.833000
off,run_03.json,339,0.890000
off,run_03.json,340,1.615000
off,run_03.json,341,0.720000
off,run_03.json,342,0.641000
off,run_03.json,343,0.649000
off,run_03.json,344,1.443000
off,run_03.json,345,9.840000
off,run_03.json,346,0.694000
off,run_03.json,347,1.197000
off,run_03.json,348,1.707000
off,run_03.json,349,0.730000
off,run_03.json,350,0.740000
off,run_03.json,351,0.603000
off,run_03.json,352,1.425000
off,run_03.json,353,9.659000
off,run_03.json,354,0.810000
off,run_03.json,355,0.895000
off,run_03.json,356,1.576000
off,run_03.json,357,0.698000
off,run_03.json,358,0.779000
off,run_03.json,359,0.734000
off,run_03.json,360,1.488000
off,run_03.json,361,9.335000
off,run_03.json,362,0.744000
off,run_03.json,363,2.387000
off,run_03.json,364,0.519000
off,run_03.json,365,0.639000
off,run_03.json,366,0.649000
off,run_03.json,367,0.689000
off,run_03.json,368,10.822000
off,run_03.json,369,0.770000
off,run_03.json,370,0.903000
off,run_03.json,371,0.652000
off,run_03.json,372,1.546000
off,run_03.json,373,2.061000
off,run_03.json,374,0.159000
off,run_03.json,375,10.259000
off,run_03.json,376,0.830000
off,run_03.json,377,0.843000
off,run_03.json,378,0.687000
off,run_03.json,379,1.426000
off,run_03.json,380,0.838000
off,run_03.json,381,0.600000
off,run_03.json,382,0.601000
off,run_03.json,383,10.581000
off,run_03.json,384,0.737000
off,run_03.json,385,0.874000
off,run_03.json,386,0.661000
off,run_03.json,387,1.450000
off,run_03.json,388,0.661000
off,run_03.json,389,0.653000
off,run_03.json,390,0.657000
off,run_03.json,391,1.298000
off,run_03.json,392,8.408000
off,run_03.json,393,0.636000
off,run_03.json,394,0.891000
off,run_03.json,395,0.583000
off,run_03.json,396,1.576000
off,run_03.json,397,0.675000
off,run_03.json,398,0.588000
off,run_03.json,399,0.672000
off,run_03.json,400,1.260000
off,run_03.json,401,8.159000
off,run_03.json,402,0.835000
off,run_03.json,403,0.909000
off,run_03.json,404,1.684000
off,run_03.json,405,0.897000
off,run_03.json,406,0.670000
off,run_03.json,407,0.692000
off,run_03.json,408,1.684000
off,run_03.json,409,10.659000
off,run_03.json,410,0.827000
off,run_03.json,411,0.917000
off,run_03.json,412,0.739000
off,run_03.json,413,1.434000
off,run_03.json,414,0.695000
off,run_03.json,415,0.703000
off,run_03.json,416,1.408000
off,run_03.json,417,10.118000
off,run_03.json,418,0.719000
off,run_03.json,419,1.035000
off,run_03.json,420,0.751000
off,run_03.json,421,1.390000
off,run_03.json,422,0.646000
off,run_03.json,423,0.614000
off,run_03.json,424,0.687000
off,run_03.json,425,10.713000
off,run_03.json,426,0.692000
off,run_03.json,427,0.921000
off,run_03.json,428,1.660000
off,run_03.json,429,0.904000
off,run_03.json,430,0.719000
off,run_03.json,431,0.630000
off,run_03.json,432,1.350000
off,run_03.json,433,9.626000
off,run_03.json,434,0.726000
off,run_03.json,435,0.892000
off,run_03.json,436,0.705000
off,run_03.json,437,1.498000
off,run_03.json,438,0.638000
off,run_03.json,439,0.610000
off,run_03.json,440,0.649000
off,run_03.json,441,1.351000
off,run_03.json,442,10.018000
off,run_03.json,443,0.670000
off,run_03.json,444,0.975000
off,run_03.json,445,0.687000
off,run_03.json,446,1.483000
off,run_03.json,447,0.689000
off,run_03.json,448,0.613000
off,run_03.json,449,1.414000
off,run_03.json,450,10.157000
off,run_03.json,451,0.665000
off,run_03.json,452,0.991000
off,run_03.json,453,0.621000
off,run_03.json,454,1.595000
off,run_03.json,455,0.653000
off,run_03.json,456,0.681000
off,run_03.json,457,0.679000
off,run_03.json,458,11.048000
off,run_03.json,459,0.724000
off,run_03.json,460,0.937000
off,run_03.json,461,0.615000
off,run_03.json,462,1.533000
off,run_03.json,463,0.606000
off,run_03.json,464,0.679000
off,run_03.json,465,0.679000
off,run_03.json,466,1.286000
off,run_03.json,467,10.315000
off,run_03.json,468,0.654000
off,run_03.json,469,1.003000
off,run_03.json,470,0.649000
off,run_03.json,471,1.564000
off,run_03.json,472,0.642000
off,run_03.json,473,0.634000
off,run_03.json,474,0.635000
off,run_03.json,475,11.236000
off,run_03.json,476,0.642000
off,run_03.json,477,0.938000
off,run_03.json,478,0.857000
off,run_03.json,479,1.314000
off,run_03.json,480,0.668000
off,run_03.json,481,0.622000
off,run_03.json,482,0.610000
off,run_03.json,483,11.235000
off,run_03.json,484,0.738000
off,run_03.json,485,0.928000
off,run_03.json,486,1.731000
off,run_03.json,487,0.602000
off,run_03.json,488,0.635000
off,run_03.json,489,0.682000
off,run_03.json,490,1.341000
off,run_03.json,491,8.191000
off,run_03.json,492,0.731000
off,run_03.json,493,0.979000
off,run_03.json,494,0.661000
off,run_03.json,495,1.553000
off,run_03.json,496,0.688000
off,run_03.json,497,0.632000
off,run_03.json,498,0.637000
off,run_03.json,499,9.123000
off,run_03.json,500,0.698000
off,run_03.json,501,0.969000
off,run_03.json,502,0.646000
off,run_03.json,503,1.476000
off,run_03.json,504,0.675000
off,run_03.json,505,0.682000
off,run_03.json,506,0.623000
off,run_03.json,507,1.374000
off,run_03.json,508,9.577000
off,run_03.json,509,0.640000
off,run_03.json,510,0.930000
off,run_03.json,511,0.632000
off,run_03.json,512,1.524000
off,run_03.json,513,0.669000
off,run_03.json,514,0.674000
off,run_03.json,515,0.610000
off,run_03.json,516,1.354000
off,run_03.json,517,9.637000
off,run_03.json,518,0.750000
off,run_03.json,519,1.183000
off,run_03.json,520,1.596000
off,run_03.json,521,0.877000
off,run_03.json,522,0.671000
off,run_03.json,523,0.626000
off,run_03.json,524,1.395000
off,run_03.json,525,9.543000
off,run_03.json,526,0.794000
off,run_03.json,527,0.818000
off,run_03.json,528,0.638000
off,run_03.json,529,1.555000
off,run_03.json,530,0.641000
off,run_03.json,531,0.902000
off,run_03.json,532,1.354000
off,run_03.json,533,10.515000
off,run_03.json,534,0.669000
off,run_03.json,535,1.065000
off,run_03.json,536,0.623000
off,run_03.json,537,1.510000
off,run_03.json,538,0.720000
off,run_03.json,539,0.656000
off,run_03.json,540,1.304000
off,run_03.json,541,10.903000
off,run_03.json,542,0.624000
off,run_03.json,543,0.961000
off,run_03.json,544,0.712000
off,run_03.json,545,1.490000
off,run_03.json,546,0.614000
off,run_03.json,547,0.698000
off,run_03.json,548,0.657000
off,run_03.json,549,1.228000
off,run_03.json,550,10.535000
off,run_03.json,551,0.747000
off,run_03.json,552,0.908000
off,run_03.json,553,0.716000
off,run_03.json,554,1.398000
off,run_03.json,555,0.829000
off,run_03.json,556,0.727000
off,run_03.json,557,1.336000
off,run_03.json,558,10.920000
off,run_03.json,559,0.700000
off,run_03.json,560,1.053000
off,run_03.json,561,0.643000
off,run_03.json,562,1.581000
off,run_03.json,563,0.615000
off,run_03.json,564,0.704000
off,run_03.json,565,1.423000
off,run_03.json,566,10.365000
off,run_03.json,567,0.660000
off,run_03.json,568,1.035000
off,run_03.json,569,0.689000
off,run_03.json,570,1.530000
off,run_03.json,571,0.682000
off,run_03.json,572,0.650000
off,run_03.json,573,1.399000
off,run_03.json,574,10.655000
off,run_03.json,575,0.637000
off,run_03.json,576,1.004000
off,run_03.json,577,0.648000
off,run_03.json,578,1.549000
off,run_03.json,579,0.652000
off,run_03.json,580,0.608000
off,run_03.json,581,0.686000
off,run_03.json,582,1.345000
off,run_03.json,583,9.992000
off,run_03.json,584,0.625000
off,run_03.json,585,1.043000
off,run_03.json,586,0.706000
off,run_03.json,587,1.478000
off,run_03.json,588,0.652000
off,run_03.json,589,0.672000
off,run_03.json,590,0.616000
off,run_03.json,591,1.236000
off,run_03.json,592,9.690000
off,run_03.json,593,0.616000
off,run_03.json,594,0.957000
off,run_03.json,595,0.599000
off,run_03.json,596,0.657000
off,run_03.json,597,1.417000
off,run_03.json,598,0.653000
off,run_03.json,599,0.653000
off,run_03.json,600,0.586000
off,run_03.json,601,0.653000
off,run_03.json,602,8.415000
off,run_03.json,603,0.637000
off,run_03.json,604,0.934000
off,run_03.json,605,0.627000
off,run_03.json,606,1.493000
off,run_03.json,607,0.642000
off,run_03.json,608,0.619000
off,run_03.json,609,0.614000
off,run_03.json,610,0.625000
off,run_03.json,611,0.591000
off,run_03.json,612,1.291000
off,run_03.json,613,8.172000
off,run_03.json,614,0.666000
off,run_03.json,615,0.913000
off,run_03.json,616,0.681000
off,run_03.json,617,1.374000
off,run_03.json,618,0.628000
off,run_03.json,619,0.636000
off,run_03.json,620,0.658000
off,run_03.json,621,0.604000
off,run_03.json,622,0.571000
off,run_03.json,623,1.264000
off,run_03.json,624,7.552000
off,run_03.json,625,0.664000
off,run_03.json,626,0.892000
off,run_03.json,627,0.578000
off,run_03.json,628,1.528000
off,run_03.json,629,0.586000
off,run_03.json,630,0.608000
off,run_03.json,631,0.631000
off,run_03.json,632,0.580000
off,run_03.json,633,0.627000
off,run_03.json,634,1.402000
off,run_03.json,635,6.974000
off,run_03.json,636,0.753000
off,run_03.json,637,0.910000
off,run_03.json,638,0.746000
off,run_03.json,639,1.568000
off,run_03.json,640,0.847000
off,run_03.json,641,0.749000
off,run_03.json,642,0.709000
off,run_03.json,643,1.307000
off,run_03.json,644,9.011000
off,run_03.json,645,0.790000
off,run_03.json,646,1.304000
off,run_03.json,647,1.514000
off,run_03.json,648,0.651000
off,run_03.json,649,0.647000
off,run_03.json,650,0.567000
off,run_03.json,651,0.567000
off,run_03.json,652,0.578000
off,run_03.json,653,1.300000
off,run_03.json,654,8.601000
off,run_03.json,655,0.649000
off,run_03.json,656,0.852000
off,run_03.json,657,0.575000
off,run_03.json,658,1.541000
off,run_03.json,659,0.643000
off,run_03.json,660,0.614000
off,run_03.json,661,0.632000
off,run_03.json,662,0.566000
off,run_03.json,663,0.627000
off,run_03.json,664,1.209000
off,run_03.json,665,8.742000
off,run_03.json,666,0.586000
off,run_03.json,667,0.979000
off,run_03.json,668,0.609000
off,run_03.json,669,1.479000
off,run_03.json,670,0.565000
off,run_03.json,671,0.586000
off,run_03.json,672,0.576000
off,run_03.json,673,0.750000
off,run_03.json,674,0.696000
off,run_03.json,675,1.464000
off,run_03.json,676,8.529000
off,run_03.json,677,0.818000
off,run_03.json,678,0.809000
off,run_03.json,679,1.824000
off,run_03.json,680,0.796000
off,run_03.json,681,0.798000
off,run_03.json,682,0.565000
off,run_03.json,683,0.615000
off,run_03.json,684,1.244000
off,run_03.json,685,9.121000
off,run_03.json,686,0.640000
off,run_03.json,687,0.927000
off,run_03.json,688,0.586000
off,run_03.json,689,1.522000
off,run_03.json,690,0.650000
off,run_03.json,691,0.599000
off,run_03.json,692,0.631000
off,run_03.json,693,0.640000
off,run_03.json,694,0.670000
off,run_03.json,695,9.793000
off,run_03.json,696,0.622000
off,run_03.json,697,0.942000
off,run_03.json,698,0.569000
off,run_03.json,699,1.499000
off,run_03.json,700,0.571000
off,run_03.json,701,0.591000
off,run_03.json,702,0.582000
off,run_03.json,703,0.572000
off,run_03.json,704,1.771000
off,run_03.json,705,8.895000
off,run_03.json,706,0.603000
off,run_03.json,707,0.945000
off,run_03.json,708,0.597000
off,run_03.json,709,1.427000
off,run_03.json,710,0.627000
off,run_03.json,711,0.597000
off,run_03.json,712,0.613000
off,run_03.json,713,0.614000
off,run_03.json,714,0.555000
off,run_03.json,715,2.809000
off,run_03.json,716,7.332000
off,run_03.json,717,0.607000
off,run_03.json,718,0.934000
off,run_03.json,719,0.736000
off,run_03.json,720,1.441000
off,run_03.json,721,0.711000
off,run_03.json,722,0.610000
off,run_03.json,723,0.776000
off,run_03.json,724,0.624000
off,run_03.json,725,1.346000
off,run_03.json,726,8.844000
off,run_03.json,727,0.667000
off,run_03.json,728,0.964000
off,run_03.json,729,0.612000
off,run_03.json,730,1.552000
off,run_03.json,731,0.646000
off,run_03.json,732,0.706000
off,run_03.json,733,0.715000
off,run_03.json,734,0.716000
off,run_03.json,735,1.276000
off,run_03.json,736,8.858000
off,run_03.json,737,0.662000
off,run_03.json,738,0.969000
off,run_03.json,739,0.722000
off,run_03.json,740,1.518000
off,run_03.json,741,0.643000
off,run_03.json,742,0.708000
off,run_03.json,743,0.667000
off,run_03.json,744,0.621000
off,run_03.json,745,1.312000
off,run_03.json,746,8.964000
off,run_03.json,747,0.662000
off,run_03.json,748,0.997000
off,run_03.json,749,1.681000
off,run_03.json,750,0.685000
off,run_03.json,751,0.644000
off,run_03.json,752,0.669000
off,run_03.json,753,0.637000
off,run_03.json,754,0.692000
off,run_03.json,755,1.477000
off,run_03.json,756,8.415000
off,run_03.json,757,0.690000
off,run_03.json,758,0.896000
off,run_03.json,759,0.606000
off,run_03.json,760,1.598000
off,run_03.json,761,0.675000
off,run_03.json,762,0.620000
off,run_03.json,763,0.692000
off,run_03.json,764,0.687000
off,run_03.json,765,1.346000
off,run_03.json,766,8.770000
off,run_03.json,767,0.654000
off,run_03.json,768,0.941000
off,run_03.json,769,0.646000
off,run_03.json,770,1.477000
off,run_03.json,771,0.613000
off,run_03.json,772,0.666000
off,run_03.json,773,0.615000
off,run_03.json,774,0.656000
off,run_03.json,775,2.949000
off,run_03.json,776,7.382000
off,run_03.json,777,0.636000
off,run_03.json,778,1.007000
off,run_03.json,779,0.646000
off,run_03.json,780,1.539000
off,run_03.json,781,0.677000
off,run_03.json,782,0.625000
off,run_03.json,783,0.620000
off,run_03.json,784,0.732000
off,run_03.json,785,1.314000
off,run_03.json,786,8.926000
off,run_03.json,787,0.649000
off,run_03.json,788,1.028000
off,run_03.json,789,0.634000
off,run_03.json,790,1.508000
off,run_03.json,791,0.644000
off,run_03.json,792,0.656000
off,run_03.json,793,0.701000
off,run_03.json,794,0.623000
off,run_03.json,795,1.362000
off,run_03.json,796,8.916000
off,run_03.json,797,0.649000
off,run_03.json,798,1.001000
off,run_03.json,799,0.650000
off,run_03.json,800,1.574000
off,run_03.json,801,0.672000
off,run_03.json,802,0.719000
off,run_03.json,803,0.671000
off,run_03.json,804,0.679000
off,run_03.json,805,1.426000
off,run_03.json,806,8.615000
off,run_03.json,807,0.736000
off,run_03.json,808,0.695000
off,run_03.json,809,0.627000
off,run_03.json,810,2.043000
off,run_03.json,811,0.708000
off,run_03.json,812,0.718000
off,run_03.json,813,0.730000
off,run_03.json,814,1.277000
off,run_03.json,815,10.364000
off,run_03.json,816,0.828000
off,run_03.json,817,0.887000
off,run_03.json,818,0.696000
off,run_03.json,819,1.492000
off,run_03.json,820,0.698000
off,run_03.json,821,0.928000
off,run_03.json,822,0.730000
off,run_03.json,823,1.405000
off,run_03.json,824,9.665000
off,run_03.json,825,0.798000
off,run_03.json,826,0.903000
off,run_03.json,827,0.673000
off,run_03.json,828,1.521000
off,run_03.json,829,0.699000
off,run_03.json,830,0.744000
off,run_03.json,831,0.749000
off,run_03.json,832,0.677000
off,run_03.json,833,1.472000
off,run_03.json,834,6.641000
off,run_03.json,835,0.776000
off,run_03.json,836,0.973000
off,run_03.json,837,0.723000
off,run_03.json,838,1.561000
off,run_03.json,839,0.685000
off,run_03.json,840,0.723000
off,run_03.json,841,0.669000
off,run_03.json,842,0.637000
off,run_03.json,843,1.403000
off,run_03.json,844,8.381000
off,run_03.json,845,0.687000
off,run_03.json,846,1.009000
off,run_03.json,847,1.577000
off,run_03.json,848,0.817000
off,run_03.json,849,0.774000
off,run_03.json,850,0.740000
off,run_03.json,851,0.664000
off,run_03.json,852,1.352000
off,run_03.json,853,12.852000
off,run_03.json,854,0.672000
off,run_03.json,855,1.047000
off,run_03.json,856,1.725000
off,run_03.json,857,0.798000
off,run_03.json,858,0.705000
off,run_03.json,859,0.730000
off,run_03.json,860,0.705000
off,run_03.json,861,1.422000
off,run_03.json,862,9.276000
off,run_03.json,863,0.734000
off,run_03.json,864,1.148000
off,run_03.json,865,0.782000
off,run_03.json,866,1.549000
off,run_03.json,867,0.657000
off,run_03.json,868,0.697000
off,run_03.json,869,0.688000
off,run_03.json,870,1.372000
off,run_03.json,871,8.876000
off,run_03.json,872,0.749000
off,run_03.json,873,0.942000
off,run_03.json,874,0.638000
off,run_03.json,875,1.510000
off,run_03.json,876,0.647000
off,run_03.json,877,0.640000
off,run_03.json,878,0.683000
off,run_03.json,879,0.811000
off,run_03.json,880,1.280000
off,run_03.json,881,8.559000
off,run_03.json,882,0.751000
off,run_03.json,883,0.650000
off,run_03.json,884,0.691000
off,run_03.json,885,1.493000
off,run_03.json,886,0.856000
off,run_03.json,887,0.652000
off,run_03.json,888,0.641000
off,run_03.json,889,0.658000
off,run_03.json,890,1.313000
off,run_03.json,891,8.811000
off,run_03.json,892,0.653000
off,run_03.json,893,0.973000
off,run_03.json,894,0.646000
off,run_03.json,895,1.527000
off,run_03.json,896,0.649000
off,run_03.json,897,0.660000
off,run_03.json,898,0.651000
off,run_03.json,899,0.592000
off,run_03.json,900,1.261000
off,run_03.json,901,8.639000
off,run_03.json,902,0.662000
off,run_03.json,903,0.893000
off,run_03.json,904,0.590000
off,run_03.json,905,1.482000
off,run_03.json,906,0.630000
off,run_03.json,907,0.614000
off,run_03.json,908,0.612000
off,run_03.json,909,0.568000
off,run_03.json,910,0.801000
off,run_03.json,911,9.318000
off,run_03.json,912,0.682000
off,run_03.json,913,1.082000
off,run_03.json,914,1.678000
off,run_03.json,915,0.679000
off,run_03.json,916,0.663000
off,run_03.json,917,0.675000
off,run_03.json,918,0.696000
off,run_03.json,919,0.591000
off,run_03.json,920,1.470000
off,run_03.json,921,6.775000
off,run_03.json,922,0.735000
off,run_03.json,923,1.087000
off,run_03.json,924,0.714000
off,run_03.json,925,1.438000
off,run_03.json,926,0.739000
off,run_03.json,927,0.731000
off,run_03.json,928,0.739000
off,run_03.json,929,0.698000
off,run_03.json,930,8.897000
off,run_03.json,931,0.727000
off,run_03.json,932,0.965000
off,run_03.json,933,0.691000
off,run_03.json,934,1.523000
off,run_03.json,935,0.688000
off,run_03.json,936,0.657000
off,run_03.json,937,0.659000
off,run_03.json,938,0.690000
off,run_03.json,939,1.320000
off,run_03.json,940,10.265000
off,run_03.json,941,0.655000
off,run_03.json,942,0.971000
off,run_03.json,943,0.624000
off,run_03.json,944,1.490000
off,run_03.json,945,0.659000
off,run_03.json,946,0.665000
off,run_03.json,947,0.659000
off,run_03.json,948,0.655000
off,run_03.json,949,1.335000
off,run_03.json,950,8.791000
off,run_03.json,951,0.852000
off,run_03.json,952,0.910000
off,run_03.json,953,0.662000
off,run_03.json,954,1.530000
off,run_03.json,955,0.715000
off,run_03.json,956,0.608000
off,run_03.json,957,0.679000
off,run_03.json,958,0.675000
off,run_03.json,959,1.194000
off,run_03.json,960,8.682000
off,run_03.json,961,0.673000
off,run_03.json,962,1.122000
off,run_03.json,963,1.572000
off,run_03.json,964,0.613000
off,run_03.json,965,0.689000
off,run_03.json,966,0.644000
off,run_03.json,967,0.607000
off,run_03.json,968,0.666000
off,run_03.json,969,1.324000
off,run_03.json,970,9.207000
off,run_03.json,971,0.619000
off,run_03.json,972,0.986000
off,run_03.json,973,0.675000
off,run_03.json,974,1.549000
off,run_03.json,975,0.630000
off,run_03.json,976,0.659000
off,run_03.json,977,0.598000
off,run_03.json,978,0.662000
off,run_03.json,979,1.375000
off,run_03.json,980,9.039000
off,run_03.json,981,0.661000
off,run_03.json,982,0.982000
off,run_03.json,983,0.667000
off,run_03.json,984,1.512000
off,run_03.json,985,0.709000
off,run_03.json,986,0.690000
off,run_03.json,987,0.659000
off,run_03.json,988,0.710000
off,run_03.json,989,1.398000
off,run_03.json,990,9.499000
off,run_03.json,991,0.655000
off,run_03.json,992,0.956000
off,run_03.json,993,0.633000
off,run_03.json,994,1.594000
off,run_03.json,995,0.698000
off,run_03.json,996,0.768000
off,run_03.json,997,0.723000
off,run_03.json,998,0.787000
off,run_03.json,999,10.385000
off,run_03.json,1000,0.626000
off,run_03.json,1001,0.939000
off,run_03.json,1002,0.603000
off,run_03.json,1003,1.623000
off,run_03.json,1004,0.647000
off,run_03.json,1005,0.627000
off,run_03.json,1006,0.643000
off,run_03.json,1007,0.567000
off,run_03.json,1008,0.632000
off,run_03.json,1009,9.393000
off,run_03.json,1010,0.607000
off,run_03.json,1011,0.945000
off,run_03.json,1012,0.627000
off,run_03.json,1013,1.491000
off,run_03.json,1014,0.621000
off,run_03.json,1015,0.752000
off,run_03.json,1016,0.677000
off,run_03.json,1017,0.622000
off,run_03.json,1018,1.235000
off,run_03.json,1019,7.448000
off,run_03.json,1020,0.638000
off,run_03.json,1021,0.975000
off,run_03.json,1022,0.594000
off,run_03.json,1023,1.556000
off,run_03.json,1024,0.655000
off,run_03.json,1025,0.587000
off,run_03.json,1026,0.641000
off,run_03.json,1027,0.583000
off,run_03.json,1028,0.575000
off,run_03.json,1029,1.322000
off,run_03.json,1030,7.219000
off,run_03.json,1031,0.618000
off,run_03.json,1032,0.907000
off,run_03.json,1033,0.663000
off,run_03.json,1034,1.394000
off,run_03.json,1035,0.632000
off,run_03.json,1036,0.668000
off,run_03.json,1037,0.572000
off,run_03.json,1038,0.666000
off,run_03.json,1039,0.674000
off,run_03.json,1040,9.830000
off,run_03.json,1041,0.614000
off,run_03.json,1042,0.975000
off,run_03.json,1043,0.658000
off,run_03.json,1044,1.546000
off,run_03.json,1045,1.879000
off,run_03.json,1046,0.610000
off,run_03.json,1047,1.380000
off,run_03.json,1048,9.068000
off,run_03.json,1049,0.763000
off,run_03.json,1050,0.923000
off,run_03.json,1051,1.546000
off,run_03.json,1052,0.703000
off,run_03.json,1053,0.757000
off,run_03.json,1054,0.579000
off,run_03.json,1055,0.663000
off,run_03.json,1056,1.935000
off,run_03.json,1057,8.896000
off,run_03.json,1058,0.669000
off,run_03.json,1059,0.877000
off,run_03.json,1060,0.720000
off,run_03.json,1061,0.654000
off,run_03.json,1062,1.397000
off,run_03.json,1063,0.652000
off,run_03.json,1064,0.702000
off,run_03.json,1065,0.647000
off,run_03.json,1066,1.370000
off,run_03.json,1067,10.223000
off,run_03.json,1068,0.644000
off,run_03.json,1069,0.921000
off,run_03.json,1070,0.684000
off,run_03.json,1071,1.357000
off,run_03.json,1072,0.655000
off,run_03.json,1073,0.677000
off,run_03.json,1074,0.614000
off,run_03.json,1075,0.675000
off,run_03.json,1076,1.383000
off,run_03.json,1077,9.990000
off,run_03.json,1078,0.664000
off,run_03.json,1079,1.009000
off,run_03.json,1080,1.655000
off,run_03.json,1081,0.625000
off,run_03.json,1082,0.617000
off,run_03.json,1083,0.654000
off,run_03.json,1084,0.632000
off,run_03.json,1085,0.683000
off,run_03.json,1086,1.256000
off,run_03.json,1087,9.743000
off,run_03.json,1088,0.643000
off,run_03.json,1089,1.014000
off,run_03.json,1090,0.609000
off,run_03.json,1091,1.544000
off,run_03.json,1092,0.656000
off,run_03.json,1093,0.696000
off,run_03.json,1094,0.654000
off,run_03.json,1095,0.656000
off,run_03.json,1096,1.296000
off,run_03.json,1097,9.845000
off,run_03.json,1098,0.751000
off,run_03.json,1099,1.011000
off,run_03.json,1100,1.523000
off,run_03.json,1101,0.715000
off,run_03.json,1102,0.740000
off,run_03.json,1103,0.768000
off,run_03.json,1104,0.701000
off,run_03.json,1105,0.598000
off,run_03.json,1106,10.346000
off,run_03.json,1107,0.660000
off,run_03.json,1108,0.903000
off,run_03.json,1109,0.626000
off,run_03.json,1110,1.448000
off,run_03.json,1111,0.622000
off,run_03.json,1112,0.672000
off,run_03.json,1113,0.600000
off,run_03.json,1114,0.666000
off,run_03.json,1115,0.646000
off,run_03.json,1116,9.814000
off,run_03.json,1117,0.648000
off,run_03.json,1118,1.006000
off,run_03.json,1119,0.653000
off,run_03.json,1120,1.484000
off,run_03.json,1121,0.649000
off,run_03.json,1122,0.577000
off,run_03.json,1123,0.643000
off,run_03.json,1124,0.648000
off,run_03.json,1125,0.575000
off,run_03.json,1126,8.487000
off,run_03.json,1127,0.663000
off,run_03.json,1128,1.082000
off,run_03.json,1129,0.676000
off,run_03.json,1130,1.465000
off,run_03.json,1131,0.640000
off,run_03.json,1132,0.653000
off,run_03.json,1133,0.645000
off,run_03.json,1134,0.590000
off,run_03.json,1135,1.363000
off,run_03.json,1136,8.286000
off,run_03.json,1137,0.670000
off,run_03.json,1138,0.908000
off,run_03.json,1139,0.582000
off,run_03.json,1140,1.435000
off,run_03.json,1141,0.639000
off,run_03.json,1142,0.627000
off,run_03.json,1143,0.566000
off,run_03.json,1144,0.592000
off,run_03.json,1145,0.563000
off,run_03.json,1146,1.312000
off,run_03.json,1147,7.856000
off,run_03.json,1148,0.612000
off,run_03.json,1149,0.976000
off,run_03.json,1150,0.589000
off,run_03.json,1151,1.455000
off,run_03.json,1152,0.631000
off,run_03.json,1153,0.564000
off,run_03.json,1154,0.629000
off,run_03.json,1155,0.640000
off,run_03.json,1156,0.560000
off,run_03.json,1157,1.267000
off,run_03.json,1158,6.979000
off,run_03.json,1159,0.604000
off,run_03.json,1160,0.950000
off,run_03.json,1161,0.590000
off,run_03.json,1162,1.477000
off,run_03.json,1163,0.629000
off,run_03.json,1164,0.556000
off,run_03.json,1165,0.623000
off,run_03.json,1166,0.584000
off,run_03.json,1167,0.627000
off,run_03.json,1168,1.182000
off,run_03.json,1169,8.670000
off,run_03.json,1170,0.602000
off,run_03.json,1171,0.887000
off,run_03.json,1172,0.628000
off,run_03.json,1173,1.473000
off,run_03.json,1174,0.627000
off,run_03.json,1175,0.695000
off,run_03.json,1176,0.665000
off,run_03.json,1177,0.603000
off,run_03.json,1178,0.608000
off,run_03.json,1179,1.154000
off,run_03.json,1180,8.871000
off,run_03.json,1181,0.713000
off,run_03.json,1182,0.802000
off,run_03.json,1183,0.606000
off,run_03.json,1184,1.432000
off,run_03.json,1185,0.566000
off,run_03.json,1186,0.607000
off,run_03.json,1187,0.601000
off,run_03.json,1188,0.558000
off,run_03.json,1189,0.545000
off,run_03.json,1190,1.271000
off,run_03.json,1191,8.864000
off,run_03.json,1192,0.563000
off,run_03.json,1193,1.042000
off,run_03.json,1194,0.645000
off,run_03.json,1195,1.426000
off,run_03.json,1196,0.631000
off,run_03.json,1197,0.595000
off,run_03.json,1198,0.643000
off,run_03.json,1199,0.597000
off,run_03.json,1200,0.720000
off,run_03.json,1201,10.034000
off,run_03.json,1202,0.854000
off,run_03.json,1203,0.839000
off,run_03.json,1204,0.842000
off,run_03.json,1205,0.668000
off,run_03.json,1206,1.588000
off,run_03.json,1207,0.597000
off,run_03.json,1208,0.621000
off,run_03.json,1209,0.640000
off,run_03.json,1210,1.385000
off,run_03.json,1211,8.376000
off,run_03.json,1212,0.604000
off,run_03.json,1213,0.945000
off,run_03.json,1214,0.669000
off,run_03.json,1215,1.504000
off,run_03.json,1216,0.668000
off,run_03.json,1217,0.649000
off,run_03.json,1218,0.618000
off,run_03.json,1219,0.653000
off,run_03.json,1220,1.296000
off,run_03.json,1221,9.252000
off,run_03.json,1222,0.775000
off,run_03.json,1223,0.736000
off,run_03.json,1224,0.660000
off,run_03.json,1225,1.410000
off,run_03.json,1226,0.661000
off,run_03.json,1227,0.608000
off,run_03.json,1228,0.646000
off,run_03.json,1229,0.644000
off,run_03.json,1230,0.629000
off,run_03.json,1231,9.842000
off,run_03.json,1232,0.944000
off,run_03.json,1233,0.773000
off,run_03.json,1234,0.708000
off,run_03.json,1235,1.366000
off,run_03.json,1236,0.672000
off,run_03.json,1237,0.587000
off,run_03.json,1238,0.684000
off,run_03.json,1239,0.542000
off,run_03.json,1240,1.282000
off,run_03.json,1241,9.151000
off,run_03.json,1242,0.603000
off,run_03.json,1243,0.866000
off,run_03.json,1244,0.647000
off,run_03.json,1245,1.356000
off,run_03.json,1246,0.631000
off,run_03.json,1247,0.625000
off,run_03.json,1248,0.715000
off,run_03.json,1249,0.680000
off,run_03.json,1250,0.677000
off,run_03.json,1251,9.760000
off,run_03.json,1252,0.836000
off,run_03.json,1253,0.993000
off,run_03.json,1254,1.577000
off,run_03.json,1255,0.736000
off,run_03.json,1256,0.664000
off,run_03.json,1257,0.727000
off,run_03.json,1258,0.664000
off,run_03.json,1259,0.677000
off,run_03.json,1260,9.950000
off,run_03.json,1261,0.901000
off,run_03.json,1262,0.937000
off,run_03.json,1263,1.500000
off,run_03.json,1264,0.723000
off,run_03.json,1265,0.652000
off,run_03.json,1266,0.724000
off,run_03.json,1267,0.628000
off,run_03.json,1268,0.731000
off,run_03.json,1269,9.800000
off,run_03.json,1270,0.985000
off,run_03.json,1271,0.866000
off,run_03.json,1272,1.530000
off,run_03.json,1273,0.977000
off,run_03.json,1274,0.962000
off,run_03.json,1275,0.831000
off,run_03.json,1276,0.740000
off,run_03.json,1277,9.787000
off,run_03.json,1278,0.716000
off,run_03.json,1279,1.003000
off,run_03.json,1280,0.712000
off,run_03.json,1281,1.387000
off,run_03.json,1282,0.722000
off,run_03.json,1283,0.721000
off,run_03.json,1284,0.641000
off,run_03.json,1285,0.734000
off,run_03.json,1286,1.357000
off,run_03.json,1287,8.586000
off,run_03.json,1288,0.651000
off,run_03.json,1289,0.997000
off,run_03.json,1290,0.651000
off,run_03.json,1291,1.514000
off,run_03.json,1292,0.660000
off,run_03.json,1293,0.644000
off,run_03.json,1294,0.646000
off,run_03.json,1295,0.694000
off,run_03.json,1296,1.291000
off,run_03.json,1297,8.887000
off,run_03.json,1298,0.800000
off,run_03.json,1299,1.056000
off,run_03.json,1300,1.600000
off,run_03.json,1301,0.890000
off,run_03.json,1302,0.814000
off,run_03.json,1303,0.865000
off,run_03.json,1304,0.653000
off,run_03.json,1305,1.371000
off,run_03.json,1306,8.817000
off,run_03.json,1307,0.638000
off,run_03.json,1308,1.038000
off,run_03.json,1309,0.654000
off,run_03.json,1310,1.463000
off,run_03.json,1311,0.705000
off,run_03.json,1312,0.677000
off,run_03.json,1313,0.639000
off,run_03.json,1314,0.706000
off,run_03.json,1315,1.312000
off,run_03.json,1316,8.596000
off,run_03.json,1317,0.649000
off,run_03.json,1318,0.979000
off,run_03.json,1319,0.654000
off,run_03.json,1320,1.479000
off,run_03.json,1321,0.627000
off,run_03.json,1322,0.607000
off,run_03.json,1323,0.635000
off,run_03.json,1324,0.601000
off,run_03.json,1325,0.657000
off,run_03.json,1326,9.783000
off,run_03.json,1327,0.647000
off,run_03.json,1328,0.957000
off,run_03.json,1329,0.661000
off,run_03.json,1330,1.419000
off,run_03.json,1331,0.636000
off,run_03.json,1332,0.653000
off,run_03.json,1333,0.601000
off,run_03.json,1334,0.651000
off,run_03.json,1335,0.628000
off,run_03.json,1336,10.815000
off,run_03.json,1337,0.739000
off,run_03.json,1338,0.932000
off,run_03.json,1339,1.623000
off,run_03.json,1340,0.657000
off,run_03.json,1341,0.663000
off,run_03.json,1342,0.672000
off,run_03.json,1343,0.613000
off,run_03.json,1344,0.654000
off,run_03.json,1345,1.315000
off,run_03.json,1346,9.674000
off,run_03.json,1347,0.659000
off,run_03.json,1348,0.995000
off,run_03.json,1349,0.625000
off,run_03.json,1350,1.561000
off,run_03.json,1351,0.648000
off,run_03.json,1352,0.679000
off,run_03.json,1353,0.727000
off,run_03.json,1354,0.683000
off,run_03.json,1355,1.557000
off,run_03.json,1356,6.886000
off,run_03.json,1357,0.719000
off,run_03.json,1358,0.904000
off,run_03.json,1359,0.706000
off,run_03.json,1360,1.490000
off,run_03.json,1361,0.702000
off,run_03.json,1362,0.715000
off,run_03.json,1363,0.720000
off,run_03.json,1364,0.707000
off,run_03.json,1365,1.333000
off,run_03.json,1366,8.409000
off,run_03.json,1367,0.667000
off,run_03.json,1368,1.010000
off,run_03.json,1369,1.619000
off,run_03.json,1370,0.623000
off,run_03.json,1371,0.681000
off,run_03.json,1372,0.689000
off,run_03.json,1373,0.640000
off,run_03.json,1374,0.604000
off,run_03.json,1375,1.277000
off,run_03.json,1376,12.479000
off,run_03.json,1377,0.758000
off,run_03.json,1378,0.869000
off,run_03.json,1379,1.892000
off,run_03.json,1380,0.885000
off,run_03.json,1381,0.794000
off,run_03.json,1382,0.660000
off,run_03.json,1383,0.662000
off,run_03.json,1384,1.392000
off,run_03.json,1385,9.171000
off,run_03.json,1386,2.156000
off,run_03.json,1387,1.177000
off,run_03.json,1388,0.740000
off,run_03.json,1389,0.660000
off,run_03.json,1390,0.703000
off,run_03.json,1391,0.701000
off,run_03.json,1392,0.682000
off,run_03.json,1393,10.112000
off,run_03.json,1394,0.791000
off,run_03.json,1395,1.006000
off,run_03.json,1396,1.455000
off,run_03.json,1397,2.030000
off,run_03.json,1398,0.535000
off,run_03.json,1399,0.692000
off,run_03.json,1400,1.432000
off,run_03.json,1401,8.325000
off,run_03.json,1402,0.665000
off,run_03.json,1403,0.895000
off,run_03.json,1404,0.626000
off,run_03.json,1405,1.483000
off,run_03.json,1406,0.611000
off,run_03.json,1407,0.671000
off,run_03.json,1408,0.681000
off,run_03.json,1409,0.628000
off,run_03.json,1410,0.611000
off,run_03.json,1411,9.724000
off,run_03.json,1412,0.658000
off,run_03.json,1413,0.907000
off,run_03.json,1414,0.602000
off,run_03.json,1415,1.508000
off,run_03.json,1416,0.642000
off,run_03.json,1417,0.628000
off,run_03.json,1418,0.649000
off,run_03.json,1419,0.639000
off,run_03.json,1420,10.084000
off,run_03.json,1421,0.627000
off,run_03.json,1422,0.921000
off,run_03.json,1423,0.593000
off,run_03.json,1424,1.507000
off,run_03.json,1425,0.638000
off,run_03.json,1426,0.626000
off,run_03.json,1427,0.589000
off,run_03.json,1428,0.620000
off,run_03.json,1429,0.619000
off,run_03.json,1430,1.248000
off,run_03.json,1431,8.255000
off,run_03.json,1432,0.613000
off,run_03.json,1433,0.965000
off,run_03.json,1434,0.617000
off,run_03.json,1435,1.486000
off,run_03.json,1436,0.610000
off,run_03.json,1437,0.666000
off,run_03.json,1438,0.651000
off,run_03.json,1439,0.627000
off,run_03.json,1440,0.635000
off,run_03.json,1441,8.095000
off,run_03.json,1442,0.590000
off,run_03.json,1443,0.943000
off,run_03.json,1444,0.571000
off,run_03.json,1445,1.486000
off,run_03.json,1446,0.576000
off,run_03.json,1447,0.620000
off,run_03.json,1448,0.581000
off,run_03.json,1449,0.629000
off,run_03.json,1450,0.584000
off,run_03.json,1451,1.226000
off,run_03.json,1452,7.403000
off,run_03.json,1453,0.614000
off,run_03.json,1454,0.978000
off,run_03.json,1455,0.600000
off,run_03.json,1456,1.503000
off,run_03.json,1457,0.638000
off,run_03.json,1458,0.658000
off,run_03.json,1459,0.647000
off,run_03.json,1460,0.681000
off,run_03.json,1461,0.675000
off,run_03.json,1462,11.614000
off,run_03.json,1463,0.616000
off,run_03.json,1464,0.933000
off,run_03.json,1465,0.663000
off,run_03.json,1466,1.612000
off,run_03.json,1467,0.620000
off,run_03.json,1468,0.681000
off,run_03.json,1469,0.618000
off,run_03.json,1470,0.598000
off,run_03.json,1471,1.313000
off,run_03.json,1472,8.866000
off,run_03.json,1473,0.618000
off,run_03.json,1474,0.966000
off,run_03.json,1475,0.629000
off,run_03.json,1476,1.480000
off,run_03.json,1477,0.595000
off,run_03.json,1478,0.594000
off,run_03.json,1479,0.626000
off,run_03.json,1480,0.637000
off,run_03.json,1481,0.641000
off,run_03.json,1482,9.634000
off,run_03.json,1483,0.924000
off,run_03.json,1484,0.809000
off,run_03.json,1485,0.612000
off,run_03.json,1486,1.528000
off,run_03.json,1487,0.621000
off,run_03.json,1488,0.604000
off,run_03.json,1489,0.645000
off,run_03.json,1490,0.631000
off,run_03.json,1491,1.290000
off,run_03.json,1492,9.333000
off,run_03.json,1493,0.617000
off,run_03.json,1494,0.938000
off,run_03.json,1495,0.595000
off,run_03.json,1496,1.580000
off,run_03.json,1497,0.646000
off,run_03.json,1498,0.658000
off,run_03.json,1499,0.660000
off,run_03.json,1500,0.660000
off,run_03.json,1501,1.332000
off,run_03.json,1502,9.136000
off,run_03.json,1503,0.618000
off,run_03.json,1504,0.936000
off,run_03.json,1505,0.594000
off,run_03.json,1506,1.465000
off,run_03.json,1507,0.624000
off,run_03.json,1508,0.621000
off,run_03.json,1509,0.637000
off,run_03.json,1510,0.621000
off,run_03.json,1511,0.595000
off,run_03.json,1512,1.278000
off,run_03.json,1513,9.317000
off,run_03.json,1514,0.674000
off,run_03.json,1515,0.939000
off,run_03.json,1516,0.675000
off,run_03.json,1517,1.460000
off,run_03.json,1518,0.635000
off,run_03.json,1519,0.660000
off,run_03.json,1520,0.668000
off,run_03.json,1521,0.632000
off,run_03.json,1522,1.225000
off,run_03.json,1523,9.712000
off,run_03.json,1524,0.651000
off,run_03.json,1525,0.943000
off,run_03.json,1526,0.588000
off,run_03.json,1527,1.461000
off,run_03.json,1528,0.611000
off,run_03.json,1529,0.817000
off,run_03.json,1530,0.641000
off,run_03.json,1531,0.622000
off,run_03.json,1532,1.214000
off,run_03.json,1533,8.596000
off,run_03.json,1534,0.941000
off,run_03.json,1535,0.938000
off,run_03.json,1536,1.540000
off,run_03.json,1537,0.788000
off,run_03.json,1538,0.747000
off,run_03.json,1539,0.726000
off,run_03.json,1540,0.717000
off,run_03.json,1541,1.329000
off,run_03.json,1542,7.212000
off,run_03.json,1543,0.949000
off,run_03.json,1544,0.756000
off,run_03.json,1545,1.704000
off,run_03.json,1546,0.745000
off,run_03.json,1547,0.898000
off,run_03.json,1548,0.720000
off,run_03.json,1549,0.770000
off,run_03.json,1550,1.311000
off,run_03.json,1551,7.913000
off,run_03.json,1552,0.707000
off,run_03.json,1553,0.888000
off,run_03.json,1554,1.661000
off,run_03.json,1555,0.754000
off,run_03.json,1556,0.753000
off,run_03.json,1557,0.684000
off,run_03.json,1558,0.628000
off,run_03.json,1559,0.581000
off,run_03.json,1560,1.342000
off,run_03.json,1561,8.581000
off,run_03.json,1562,0.632000
off,run_03.json,1563,0.876000
off,run_03.json,1564,0.589000
off,run_03.json,1565,1.451000
off,run_03.json,1566,0.624000
off,run_03.json,1567,0.628000
off,run_03.json,1568,0.855000
off,run_03.json,1569,0.614000
off,run_03.json,1570,0.790000
off,run_03.json,1571,0.626000
off,run_03.json,1572,1.374000
off,run_03.json,1573,7.618000
off,run_03.json,1574,0.629000
off,run_03.json,1575,0.937000
off,run_03.json,1576,0.609000
off,run_03.json,1577,1.438000
off,run_03.json,1578,0.667000
off,run_03.json,1579,0.596000
off,run_03.json,1580,0.628000
off,run_03.json,1581,0.633000
off,run_03.json,1582,0.598000
off,run_03.json,1583,0.627000
off,run_03.json,1584,1.282000
off,run_03.json,1585,8.577000
off,run_03.json,1586,0.594000
off,run_03.json,1587,0.977000
off,run_03.json,1588,0.632000
off,run_03.json,1589,1.424000
off,run_03.json,1590,0.890000
off,run_03.json,1591,0.611000
off,run_03.json,1592,0.585000
off,run_03.json,1593,0.633000
off,run_03.json,1594,0.650000
off,run_03.json,1595,0.605000
off,run_03.json,1596,1.290000
off,run_03.json,1597,9.193000
off,run_03.json,1598,0.690000
off,run_03.json,1599,0.002000
off,run_04.json,0,10.715000
off,run_04.json,1,0.697000
off,run_04.json,2,0.948000
off,run_04.json,3,0.670000
off,run_04.json,4,1.416000
off,run_04.json,5,0.579000
off,run_04.json,6,0.572000
off,run_04.json,7,11.890000
off,run_04.json,8,0.896000
off,run_04.json,9,0.850000
off,run_04.json,10,1.591000
off,run_04.json,11,0.644000
off,run_04.json,12,0.612000
off,run_04.json,13,1.407000
off,run_04.json,14,11.687000
off,run_04.json,15,0.791000
off,run_04.json,16,1.012000
off,run_04.json,17,0.782000
off,run_04.json,18,1.510000
off,run_04.json,19,0.781000
off,run_04.json,20,12.785000
off,run_04.json,21,0.809000
off,run_04.json,22,2.334000
off,run_04.json,23,0.641000
off,run_04.json,24,0.879000
off,run_04.json,25,12.569000
off,run_04.json,26,1.084000
off,run_04.json,27,0.964000
off,run_04.json,28,1.400000
off,run_04.json,29,0.785000
off,run_04.json,30,1.589000
off,run_04.json,31,11.027000
off,run_04.json,32,2.358000
off,run_04.json,33,0.490000
off,run_04.json,34,0.767000
off,run_04.json,35,0.781000
off,run_04.json,36,1.441000
off,run_04.json,37,11.179000
off,run_04.json,38,0.735000
off,run_04.json,39,0.897000
off,run_04.json,40,1.638000
off,run_04.json,41,0.791000
off,run_04.json,42,0.638000
off,run_04.json,43,1.295000
off,run_04.json,44,11.254000
off,run_04.json,45,0.674000
off,run_04.json,46,1.047000
off,run_04.json,47,1.628000
off,run_04.json,48,0.710000
off,run_04.json,49,0.668000
off,run_04.json,50,1.269000
off,run_04.json,51,11.506000
off,run_04.json,52,0.947000
off,run_04.json,53,0.929000
off,run_04.json,54,1.377000
off,run_04.json,55,0.738000
off,run_04.json,56,0.770000
off,run_04.json,57,11.948000
off,run_04.json,58,0.807000
off,run_04.json,59,0.862000
off,run_04.json,60,0.727000
off,run_04.json,61,1.482000
off,run_04.json,62,0.678000
off,run_04.json,63,1.389000
off,run_04.json,64,10.654000
off,run_04.json,65,0.906000
off,run_04.json,66,0.759000
off,run_04.json,67,0.618000
off,run_04.json,68,1.627000
off,run_04.json,69,0.588000
off,run_04.json,70,1.305000
off,run_04.json,71,10.551000
off,run_04.json,72,0.720000
off,run_04.json,73,0.987000
off,run_04.json,74,0.595000
off,run_04.json,75,1.541000
off,run_04.json,76,0.697000
off,run_04.json,77,1.396000
off,run_04.json,78,9.558000
off,run_04.json,79,0.676000
off,run_04.json,80,0.851000
off,run_04.json,81,0.623000
off,run_04.json,82,1.395000
off,run_04.json,83,0.650000
off,run_04.json,84,0.632000
off,run_04.json,85,11.482000
off,run_04.json,86,0.814000
off,run_04.json,87,0.715000
off,run_04.json,88,0.610000
off,run_04.json,89,1.470000
off,run_04.json,90,0.604000
off,run_04.json,91,1.387000
off,run_04.json,92,10.374000
off,run_04.json,93,0.793000
off,run_04.json,94,0.905000
off,run_04.json,95,1.535000
off,run_04.json,96,0.640000
off,run_04.json,97,0.558000
off,run_04.json,98,1.390000
off,run_04.json,99,9.966000
off,run_04.json,100,0.680000
off,run_04.json,101,0.874000
off,run_04.json,102,0.674000
off,run_04.json,103,1.357000
off,run_04.json,104,0.634000
off,run_04.json,105,0.636000
off,run_04.json,106,10.454000
off,run_04.json,107,0.681000
off,run_04.json,108,1.018000
off,run_04.json,109,0.604000
off,run_04.json,110,1.464000
off,run_04.json,111,0.552000
off,run_04.json,112,0.590000
off,run_04.json,113,11.783000
off,run_04.json,114,0.567000
off,run_04.json,115,0.887000
off,run_04.json,116,0.585000
off,run_04.json,117,1.414000
off,run_04.json,118,0.601000
off,run_04.json,119,0.555000
off,run_04.json,120,1.387000
off,run_04.json,121,10.783000
off,run_04.json,122,0.603000
off,run_04.json,123,1.172000
off,run_04.json,124,1.633000
off,run_04.json,125,0.686000
off,run_04.json,126,1.270000
off,run_04.json,127,11.311000
off,run_04.json,128,0.649000
off,run_04.json,129,0.896000
off,run_04.json,130,0.619000
off,run_04.json,131,1.401000
off,run_04.json,132,0.566000
off,run_04.json,133,0.566000
off,run_04.json,134,1.337000
off,run_04.json,135,10.479000
off,run_04.json,136,0.592000
off,run_04.json,137,0.891000
off,run_04.json,138,0.560000
off,run_04.json,139,1.423000
off,run_04.json,140,0.593000
off,run_04.json,141,0.557000
off,run_04.json,142,0.582000
off,run_04.json,143,0.597000
off,run_04.json,144,1.385000
off,run_04.json,145,9.450000
off,run_04.json,146,0.589000
off,run_04.json,147,1.058000
off,run_04.json,148,0.601000
off,run_04.json,149,1.420000
off,run_04.json,150,0.633000
off,run_04.json,151,0.555000
off,run_04.json,152,0.587000
off,run_04.json,153,1.409000
off,run_04.json,154,9.785000
off,run_04.json,155,0.581000
off,run_04.json,156,0.865000
off,run_04.json,157,0.545000
off,run_04.json,158,1.403000
off,run_04.json,159,0.550000
off,run_04.json,160,0.560000
off,run_04.json,161,0.589000
off,run_04.json,162,0.581000
off,run_04.json,163,1.283000
off,run_04.json,164,9.769000
off,run_04.json,165,0.633000
off,run_04.json,166,1.085000
off,run_04.json,167,0.632000
off,run_04.json,168,1.509000
off,run_04.json,169,0.564000
off,run_04.json,170,0.641000
off,run_04.json,171,0.539000
off,run_04.json,172,1.304000
off,run_04.json,173,9.821000
off,run_04.json,174,0.636000
off,run_04.json,175,0.861000
off,run_04.json,176,0.651000
off,run_04.json,177,1.361000
off,run_04.json,178,0.615000
off,run_04.json,179,0.533000
off,run_04.json,180,1.406000
off,run_04.json,181,10.651000
off,run_04.json,182,0.696000
off,run_04.json,183,0.878000
off,run_04.json,184,0.578000
off,run_04.json,185,1.444000
off,run_04.json,186,0.528000
off,run_04.json,187,0.569000
off,run_04.json,188,11.924000
off,run_04.json,189,0.546000
off,run_04.json,190,0.921000
off,run_04.json,191,0.570000
off,run_04.json,192,1.382000
off,run_04.json,193,0.614000
off,run_04.json,194,0.569000
off,run_04.json,195,0.613000
off,run_04.json,196,1.330000
off,run_04.json,197,10.197000
off,run_04.json,198,0.624000
off,run_04.json,199,0.879000
off,run_04.json,200,0.670000
off,run_04.json,201,1.461000
off,run_04.json,202,0.662000
off,run_04.json,203,1.412000
off,run_04.json,204,11.066000
off,run_04.json,205,0.830000
off,run_04.json,206,0.963000
off,run_04.json,207,1.428000
off,run_04.json,208,0.686000
off,run_04.json,209,0.664000
off,run_04.json,210,0.678000
off,run_04.json,211,1.361000
off,run_04.json,212,9.888000
off,run_04.json,213,0.857000
off,run_04.json,214,0.822000
off,run_04.json,215,1.711000
off,run_04.json,216,0.674000
off,run_04.json,217,0.675000
off,run_04.json,218,0.651000
off,run_04.json,219,1.414000
off,run_04.json,220,9.864000
off,run_04.json,221,0.708000
off,run_04.json,222,1.060000
off,run_04.json,223,1.663000
off,run_04.json,224,0.877000
off,run_04.json,225,0.782000
off,run_04.json,226,0.667000
off,run_04.json,227,1.449000
off,run_04.json,228,9.364000
off,run_04.json,229,0.742000
off,run_04.json,230,1.065000
off,run_04.json,231,1.480000
off,run_04.json,232,0.827000
off,run_04.json,233,0.744000
off,run_04.json,234,0.703000
off,run_04.json,235,1.294000
off,run_04.json,236,9.866000
off,run_04.json,237,0.660000
off,run_04.json,238,0.930000
off,run_04.json,239,0.683000
off,run_04.json,240,1.471000
off,run_04.json,241,0.660000
off,run_04.json,242,0.678000
off,run_04.json,243,0.683000
off,run_04.json,244,1.320000
off,run_04.json,245,9.533000
off,run_04.json,246,0.630000
off,run_04.json,247,1.042000
off,run_04.json,248,0.625000
off,run_04.json,249,1.503000
off,run_04.json,250,0.618000
off,run_04.json,251,0.692000
off,run_04.json,252,0.662000
off,run_04.json,253,11.003000
off,run_04.json,254,0.766000
off,run_04.json,255,1.104000
off,run_04.json,256,1.567000
off,run_04.json,257,0.668000
off,run_04.json,258,0.739000
off,run_04.json,259,0.728000
off,run_04.json,260,1.308000
off,run_04.json,261,9.686000
off,run_04.json,262,0.637000
off,run_04.json,263,0.973000
off,run_04.json,264,0.729000
off,run_04.json,265,1.461000
off,run_04.json,266,0.650000
off,run_04.json,267,0.699000
off,run_04.json,268,0.623000
off,run_04.json,269,10.927000
off,run_04.json,270,0.731000
off,run_04.json,271,0.993000
off,run_04.json,272,1.714000
off,run_04.json,273,0.768000
off,run_04.json,274,0.623000
off,run_04.json,275,0.724000
off,run_04.json,276,1.439000
off,run_04.json,277,9.730000
off,run_04.json,278,0.872000
off,run_04.json,279,0.926000
off,run_04.json,280,1.606000
off,run_04.json,281,0.659000
off,run_04.json,282,0.694000
off,run_04.json,283,0.741000
off,run_04.json,284,1.552000
off,run_04.json,285,10.310000
off,run_04.json,286,0.735000
off,run_04.json,287,1.020000
off,run_04.json,288,1.551000
off,run_04.json,289,0.651000
off,run_04.json,290,0.713000
off,run_04.json,291,0.699000
off,run_04.json,292,1.485000
off,run_04.json,293,10.465000
off,run_04.json,294,0.642000
off,run_04.json,295,0.971000
off,run_04.json,296,0.631000
off,run_04.json,297,1.575000
off,run_04.json,298,0.629000
off,run_04.json,299,0.719000
off,run_04.json,300,0.679000
off,run_04.json,301,11.288000
off,run_04.json,302,0.658000
off,run_04.json,303,1.019000
off,run_04.json,304,0.646000
off,run_04.json,305,1.554000
off,run_04.json,306,0.728000
off,run_04.json,307,0.638000
off,run_04.json,308,1.387000
off,run_04.json,309,8.350000
off,run_04.json,310,1.190000
off,run_04.json,311,0.890000
off,run_04.json,312,1.353000
off,run_04.json,313,0.684000
off,run_04.json,314,0.728000
off,run_04.json,315,0.733000
off,run_04.json,316,1.410000
off,run_04.json,317,9.611000
off,run_04.json,318,0.619000
off,run_04.json,319,1.014000
off,run_04.json,320,0.601000
off,run_04.json,321,1.533000
off,run_04.json,322,0.661000
off,run_04.json,323,0.615000
off,run_04.json,324,0.604000
off,run_04.json,325,10.779000
off,run_04.json,326,0.613000
off,run_04.json,327,1.049000
off,run_04.json,328,0.641000
off,run_04.json,329,1.532000
off,run_04.json,330,0.609000
off,run_04.json,331,0.740000
off,run_04.json,332,0.682000
off,run_04.json,333,15.041000
off,run_04.json,334,0.805000
off,run_04.json,335,1.271000
off,run_04.json,336,1.308000
off,run_04.json,337,0.778000
off,run_04.json,338,0.685000
off,run_04.json,339,0.606000
off,run_04.json,340,1.420000
off,run_04.json,341,9.716000
off,run_04.json,342,0.807000
off,run_04.json,343,0.984000
off,run_04.json,344,1.668000
off,run_04.json,345,0.800000
off,run_04.json,346,0.739000
off,run_04.json,347,0.678000
off,run_04.json,348,1.424000
off,run_04.json,349,9.421000
off,run_04.json,350,0.679000
off,run_04.json,351,1.207000
off,run_04.json,352,1.611000
off,run_04.json,353,0.734000
off,run_04.json,354,0.662000
off,run_04.json,355,0.730000
off,run_04.json,356,1.482000
off,run_04.json,357,9.542000
off,run_04.json,358,0.677000
off,run_04.json,359,0.959000
off,run_04.json,360,0.708000
off,run_04.json,361,1.531000
off,run_04.json,362,0.702000
off,run_04.json,363,1.945000
off,run_04.json,364,10.048000
off,run_04.json,365,0.688000
off,run_04.json,366,1.349000
off,run_04.json,367,1.543000
off,run_04.json,368,0.763000
off,run_04.json,369,0.735000
off,run_04.json,370,0.713000
off,run_04.json,371,10.558000
off,run_04.json,372,0.825000
off,run_04.json,373,2.467000
off,run_04.json,374,0.146000
off,run_04.json,375,0.698000
off,run_04.json,376,0.616000
off,run_04.json,377,0.642000
off,run_04.json,378,1.359000
off,run_04.json,379,9.638000
off,run_04.json,380,0.771000
off,run_04.json,381,0.886000
off,run_04.json,382,0.629000
off,run_04.json,383,1.515000
off,run_04.json,384,0.659000
off,run_04.json,385,0.663000
off,run_04.json,386,0.621000
off,run_04.json,387,1.312000
off,run_04.json,388,8.895000
off,run_04.json,389,0.779000
off,run_04.json,390,0.879000
off,run_04.json,391,1.652000
off,run_04.json,392,0.657000
off,run_04.json,393,0.661000
off,run_04.json,394,0.671000
off,run_04.json,395,1.260000
off,run_04.json,396,8.327000
off,run_04.json,397,0.658000
off,run_04.json,398,0.905000
off,run_04.json,399,0.653000
off,run_04.json,400,1.438000
off,run_04.json,401,0.617000
off,run_04.json,402,0.655000
off,run_04.json,403,0.607000
off,run_04.json,404,1.281000
off,run_04.json,405,9.213000
off,run_04.json,406,0.835000
off,run_04.json,407,1.013000
off,run_04.json,408,1.643000
off,run_04.json,409,0.747000
off,run_04.json,410,0.707000
off,run_04.json,411,0.671000
off,run_04.json,412,1.336000
off,run_04.json,413,11.527000
off,run_04.json,414,0.709000
off,run_04.json,415,1.000000
off,run_04.json,416,0.733000
off,run_04.json,417,1.427000
off,run_04.json,418,0.657000
off,run_04.json,419,0.664000
off,run_04.json,420,0.674000
off,run_04.json,421,10.580000
off,run_04.json,422,0.808000
off,run_04.json,423,0.924000
off,run_04.json,424,0.715000
off,run_04.json,425,1.450000
off,run_04.json,426,0.654000
off,run_04.json,427,0.708000
off,run_04.json,428,1.372000
off,run_04.json,429,9.878000
off,run_04.json,430,0.692000
off,run_04.json,431,1.126000
off,run_04.json,432,0.728000
off,run_04.json,433,1.432000
off,run_04.json,434,0.690000
off,run_04.json,435,0.695000
off,run_04.json,436,1.322000
off,run_04.json,437,10.023000
off,run_04.json,438,0.770000
off,run_04.json,439,0.959000
off,run_04.json,440,0.718000
off,run_04.json,441,1.453000
off,run_04.json,442,0.672000
off,run_04.json,443,0.628000
off,run_04.json,444,0.645000
off,run_04.json,445,11.074000
off,run_04.json,446,0.806000
off,run_04.json,447,0.887000
off,run_04.json,448,0.720000
off,run_04.json,449,1.452000
off,run_04.json,450,0.621000
off,run_04.json,451,0.651000
off,run_04.json,452,0.642000
off,run_04.json,453,1.290000
off,run_04.json,454,9.645000
off,run_04.json,455,0.633000
off,run_04.json,456,1.010000
off,run_04.json,457,0.618000
off,run_04.json,458,1.500000
off,run_04.json,459,0.656000
off,run_04.json,460,0.641000
off,run_04.json,461,0.605000
off,run_04.json,462,1.328000
off,run_04.json,463,10.261000
off,run_04.json,464,0.679000
off,run_04.json,465,0.975000
off,run_04.json,466,0.681000
off,run_04.json,467,1.443000
off,run_04.json,468,0.609000
off,run_04.json,469,0.642000
off,run_04.json,470,0.640000
off,run_04.json,471,1.224000
off,run_04.json,472,10.260000
off,run_04.json,473,0.743000
off,run_04.json,474,0.920000
off,run_04.json,475,0.611000
off,run_04.json,476,1.493000
off,run_04.json,477,0.600000
off,run_04.json,478,0.604000
off,run_04.json,479,0.601000
off,run_04.json,480,1.394000
off,run_04.json,481,10.374000
off,run_04.json,482,0.728000
off,run_04.json,483,0.983000
off,run_04.json,484,0.733000
off,run_04.json,485,1.399000
off,run_04.json,486,0.725000
off,run_04.json,487,0.674000
off,run_04.json,488,0.620000
off,run_04.json,489,9.114000
off,run_04.json,490,0.748000
off,run_04.json,491,1.022000
off,run_04.json,492,0.863000
off,run_04.json,493,1.501000
off,run_04.json,494,0.760000
off,run_04.json,495,0.767000
off,run_04.json,496,1.297000
off,run_04.json,497,8.143000
off,run_04.json,498,0.881000
off,run_04.json,499,0.933000
off,run_04.json,500,1.693000
off,run_04.json,501,0.831000
off,run_04.json,502,0.796000
off,run_04.json,503,0.593000
off,run_04.json,504,1.448000
off,run_04.json,505,9.082000
off,run_04.json,506,0.680000
off,run_04.json,507,0.908000
off,run_04.json,508,0.654000
off,run_04.json,509,1.465000
off,run_04.json,510,0.678000
off,run_04.json,511,0.675000
off,run_04.json,512,0.666000
off,run_04.json,513,1.381000
off,run_04.json,514,9.673000
off,run_04.json,515,0.718000
off,run_04.json,516,0.964000
off,run_04.json,517,0.749000
off,run_04.json,518,1.406000
off,run_04.json,519,0.618000
off,run_04.json,520,0.617000
off,run_04.json,521,0.612000
off,run_04.json,522,1.324000
off,run_04.json,523,9.660000
off,run_04.json,524,0.865000
off,run_04.json,525,0.862000
off,run_04.json,526,1.572000
off,run_04.json,527,0.646000
off,run_04.json,528,0.625000
off,run_04.json,529,0.580000
off,run_04.json,530,0.625000
off,run_04.json,531,10.736000
off,run_04.json,532,0.721000
off,run_04.json,533,0.931000
off,run_04.json,534,0.731000
off,run_04.json,535,1.493000
off,run_04.json,536,0.605000
off,run_04.json,537,0.641000
off,run_04.json,538,0.624000
off,run_04.json,539,1.439000
off,run_04.json,540,11.268000
off,run_04.json,541,0.705000
off,run_04.json,542,0.900000
off,run_04.json,543,0.596000
off,run_04.json,544,1.548000
off,run_04.json,545,0.645000
off,run_04.json,546,0.627000
off,run_04.json,547,1.435000
off,run_04.json,548,10.333000
off,run_04.json,549,0.694000
off,run_04.json,550,0.949000
off,run_04.json,551,0.592000
off,run_04.json,552,1.620000
off,run_04.json,553,0.626000
off,run_04.json,554,0.685000
off,run_04.json,555,0.677000
off,run_04.json,556,11.743000
off,run_04.json,557,0.667000
off,run_04.json,558,1.097000
off,run_04.json,559,1.706000
off,run_04.json,560,0.671000
off,run_04.json,561,0.595000
off,run_04.json,562,0.648000
off,run_04.json,563,1.413000
off,run_04.json,564,10.605000
off,run_04.json,565,0.722000
off,run_04.json,566,0.916000
off,run_04.json,567,0.653000
off,run_04.json,568,1.550000
off,run_04.json,569,0.608000
off,run_04.json,570,0.678000
off,run_04.json,571,0.670000
off,run_04.json,572,11.457000
off,run_04.json,573,0.714000
off,run_04.json,574,0.974000
off,run_04.json,575,0.650000
off,run_04.json,576,1.546000
off,run_04.json,577,0.682000
off,run_04.json,578,0.605000
off,run_04.json,579,0.674000
off,run_04.json,580,11.134000
off,run_04.json,581,0.731000
off,run_04.json,582,0.971000
off,run_04.json,583,1.687000
off,run_04.json,584,0.673000
off,run_04.json,585,0.681000
off,run_04.json,586,0.644000
off,run_04.json,587,1.335000
off,run_04.json,588,10.144000
off,run_04.json,589,0.751000
off,run_04.json,590,1.016000
off,run_04.json,591,1.786000
off,run_04.json,592,0.842000
off,run_04.json,593,0.887000
off,run_04.json,594,1.023000
off,run_04.json,595,10.266000
off,run_04.json,596,0.850000
off,run_04.json,597,0.861000
off,run_04.json,598,0.621000
off,run_04.json,599,1.467000
off,run_04.json,600,0.641000
off,run_04.json,601,0.608000
off,run_04.json,602,1.629000
off,run_04.json,603,8.553000
off,run_04.json,604,0.911000
off,run_04.json,605,0.803000
off,run_04.json,606,0.723000
off,run_04.json,607,1.412000
off,run_04.json,608,0.597000
off,run_04.json,609,0.649000
off,run_04.json,610,0.651000
off,run_04.json,611,1.336000
off,run_04.json,612,9.104000
off,run_04.json,613,0.734000
off,run_04.json,614,0.832000
off,run_04.json,615,0.612000
off,run_04.json,616,1.463000
off,run_04.json,617,0.589000
off,run_04.json,618,0.628000
off,run_04.json,619,0.631000
off,run_04.json,620,1.297000
off,run_04.json,621,9.046000
off,run_04.json,622,0.660000
off,run_04.json,623,0.947000
off,run_04.json,624,0.600000
off,run_04.json,625,1.539000
off,run_04.json,626,0.587000
off,run_04.json,627,0.654000
off,run_04.json,628,0.666000
off,run_04.json,629,9.293000
off,run_04.json,630,0.747000
off,run_04.json,631,0.978000
off,run_04.json,632,1.641000
off,run_04.json,633,0.695000
off,run_04.json,634,0.599000
off,run_04.json,635,0.636000
off,run_04.json,636,0.624000
off,run_04.json,637,10.799000
off,run_04.json,638,0.710000
off,run_04.json,639,1.143000
off,run_04.json,640,1.590000
off,run_04.json,641,0.795000
off,run_04.json,642,0.729000
off,run_04.json,643,0.656000
off,run_04.json,644,1.533000
off,run_04.json,645,9.424000
off,run_04.json,646,0.805000
off,run_04.json,647,0.924000
off,run_04.json,648,1.593000
off,run_04.json,649,0.719000
off,run_04.json,650,0.868000
off,run_04.json,651,0.675000
off,run_04.json,652,1.469000
off,run_04.json,653,9.547000
off,run_04.json,654,0.669000
off,run_04.json,655,0.941000
off,run_04.json,656,0.788000
off,run_04.json,657,1.262000
off,run_04.json,658,0.594000
off,run_04.json,659,0.626000
off,run_04.json,660,0.577000
off,run_04.json,661,1.364000
off,run_04.json,662,9.786000
off,run_04.json,663,0.639000
off,run_04.json,664,0.892000
off,run_04.json,665,0.584000
off,run_04.json,666,1.511000
off,run_04.json,667,0.631000
off,run_04.json,668,0.600000
off,run_04.json,669,0.596000
off,run_04.json,670,1.264000
off,run_04.json,671,9.995000
off,run_04.json,672,0.881000
off,run_04.json,673,0.865000
off,run_04.json,674,0.622000
off,run_04.json,675,1.451000
off,run_04.json,676,0.628000
off,run_04.json,677,0.796000
off,run_04.json,678,0.614000
off,run_04.json,679,10.843000
off,run_04.json,680,0.678000
off,run_04.json,681,0.881000
off,run_04.json,682,0.577000
off,run_04.json,683,1.468000
off,run_04.json,684,0.603000
off,run_04.json,685,0.566000
off,run_04.json,686,0.614000
off,run_04.json,687,1.379000
off,run_04.json,688,9.830000
off,run_04.json,689,0.601000
off,run_04.json,690,1.004000
off,run_04.json,691,0.584000
off,run_04.json,692,1.491000
off,run_04.json,693,0.613000
off,run_04.json,694,0.561000
off,run_04.json,695,0.610000
off,run_04.json,696,1.210000
off,run_04.json,697,10.022000
off,run_04.json,698,0.583000
off,run_04.json,699,0.956000
off,run_04.json,700,0.566000
off,run_04.json,701,1.504000
off,run_04.json,702,0.571000
off,run_04.json,703,0.561000
off,run_04.json,704,1.771000
off,run_04.json,705,10.136000
off,run_04.json,706,0.633000
off,run_04.json,707,0.881000
off,run_04.json,708,0.561000
off,run_04.json,709,1.432000
off,run_04.json,710,0.591000
off,run_04.json,711,0.560000
off,run_04.json,712,0.589000
off,run_04.json,713,0.562000
off,run_04.json,714,0.548000
off,run_04.json,715,2.683000
off,run_04.json,716,7.743000
off,run_04.json,717,0.622000
off,run_04.json,718,0.864000
off,run_04.json,719,0.785000
off,run_04.json,720,1.264000
off,run_04.json,721,0.601000
off,run_04.json,722,0.546000
off,run_04.json,723,0.586000
off,run_04.json,724,0.557000
off,run_04.json,725,10.730000
off,run_04.json,726,0.614000
off,run_04.json,727,1.001000
off,run_04.json,728,0.624000
off,run_04.json,729,1.640000
off,run_04.json,730,0.739000
off,run_04.json,731,0.675000
off,run_04.json,732,0.780000
off,run_04.json,733,0.681000
off,run_04.json,734,9.937000
off,run_04.json,735,0.682000
off,run_04.json,736,0.906000
off,run_04.json,737,0.638000
off,run_04.json,738,1.533000
off,run_04.json,739,0.651000
off,run_04.json,740,0.707000
off,run_04.json,741,0.664000
off,run_04.json,742,0.713000
off,run_04.json,743,1.405000
off,run_04.json,744,9.041000
off,run_04.json,745,0.810000
off,run_04.json,746,0.921000
off,run_04.json,747,0.854000
off,run_04.json,748,1.475000
off,run_04.json,749,0.646000
off,run_04.json,750,0.839000
off,run_04.json,751,0.748000
off,run_04.json,752,1.462000
off,run_04.json,753,8.712000
off,run_04.json,754,0.826000
off,run_04.json,755,0.920000
off,run_04.json,756,1.648000
off,run_04.json,757,0.681000
off,run_04.json,758,0.658000
off,run_04.json,759,0.727000
off,run_04.json,760,0.730000
off,run_04.json,761,1.520000
off,run_04.json,762,8.809000
off,run_04.json,763,0.644000
off,run_04.json,764,0.943000
off,run_04.json,765,0.661000
off,run_04.json,766,1.450000
off,run_04.json,767,0.690000
off,run_04.json,768,0.690000
off,run_04.json,769,0.804000
off,run_04.json,770,0.647000
off,run_04.json,771,1.506000
off,run_04.json,772,8.585000
off,run_04.json,773,0.652000
off,run_04.json,774,1.029000
off,run_04.json,775,0.657000
off,run_04.json,776,1.516000
off,run_04.json,777,0.697000
off,run_04.json,778,0.696000
off,run_04.json,779,0.619000
off,run_04.json,780,0.702000
off,run_04.json,781,1.280000
off,run_04.json,782,8.802000
off,run_04.json,783,0.736000
off,run_04.json,784,0.988000
off,run_04.json,785,1.594000
off,run_04.json,786,0.675000
off,run_04.json,787,0.695000
off,run_04.json,788,0.646000
off,run_04.json,789,0.737000
off,run_04.json,790,0.695000
off,run_04.json,791,9.962000
off,run_04.json,792,0.692000
off,run_04.json,793,0.915000
off,run_04.json,794,0.684000
off,run_04.json,795,1.512000
off,run_04.json,796,0.657000
off,run_04.json,797,0.685000
off,run_04.json,798,0.660000
off,run_04.json,799,0.672000
off,run_04.json,800,1.468000
off,run_04.json,801,8.684000
off,run_04.json,802,0.622000
off,run_04.json,803,1.043000
off,run_04.json,804,0.728000
off,run_04.json,805,1.476000
off,run_04.json,806,0.712000
off,run_04.json,807,0.717000
off,run_04.json,808,0.618000
off,run_04.json,809,0.709000
off,run_04.json,810,1.391000
off,run_04.json,811,9.401000
off,run_04.json,812,0.627000
off,run_04.json,813,0.975000
off,run_04.json,814,0.665000
off,run_04.json,815,1.471000
off,run_04.json,816,0.698000
off,run_04.json,817,0.632000
off,run_04.json,818,0.690000
off,run_04.json,819,0.676000
off,run_04.json,820,1.384000
off,run_04.json,821,9.767000
off,run_04.json,822,0.680000
off,run_04.json,823,1.037000
off,run_04.json,824,0.717000
off,run_04.json,825,1.518000
off,run_04.json,826,0.674000
off,run_04.json,827,0.663000
off,run_04.json,828,0.629000
off,run_04.json,829,0.809000
off,run_04.json,830,8.438000
off,run_04.json,831,0.792000
off,run_04.json,832,0.930000
off,run_04.json,833,0.719000
off,run_04.json,834,1.505000
off,run_04.json,835,0.719000
off,run_04.json,836,0.694000
off,run_04.json,837,0.688000
off,run_04.json,838,0.649000
off,run_04.json,839,1.667000
off,run_04.json,840,8.265000
off,run_04.json,841,0.716000
off,run_04.json,842,0.978000
off,run_04.json,843,1.625000
off,run_04.json,844,0.680000
off,run_04.json,845,0.691000
off,run_04.json,846,0.852000
off,run_04.json,847,0.662000
off,run_04.json,848,1.381000
off,run_04.json,849,9.126000
off,run_04.json,850,0.780000
off,run_04.json,851,0.899000
off,run_04.json,852,0.827000
off,run_04.json,853,1.461000
off,run_04.json,854,0.934000
off,run_04.json,855,0.758000
off,run_04.json,856,0.868000
off,run_04.json,857,1.627000
off,run_04.json,858,12.556000
off,run_04.json,859,0.922000
off,run_04.json,860,0.788000
off,run_04.json,861,0.704000
off,run_04.json,862,1.477000
off,run_04.json,863,0.701000
off,run_04.json,864,0.641000
off,run_04.json,865,0.617000
off,run_04.json,866,0.677000
off,run_04.json,867,1.366000
off,run_04.json,868,8.624000
off,run_04.json,869,0.975000
off,run_04.json,870,0.745000
off,run_04.json,871,1.785000
off,run_04.json,872,0.823000
off,run_04.json,873,0.892000
off,run_04.json,874,0.786000
off,run_04.json,875,0.755000
off,run_04.json,876,1.373000
off,run_04.json,877,8.496000
off,run_04.json,878,0.699000
off,run_04.json,879,0.947000
off,run_04.json,880,1.693000
off,run_04.json,881,0.722000
off,run_04.json,882,0.661000
off,run_04.json,883,0.657000
off,run_04.json,884,0.782000
off,run_04.json,885,1.423000
off,run_04.json,886,8.951000
off,run_04.json,887,0.711000
off,run_04.json,888,1.016000
off,run_04.json,889,1.620000
off,run_04.json,890,0.626000
off,run_04.json,891,0.658000
off,run_04.json,892,0.618000
off,run_04.json,893,0.666000
off,run_04.json,894,0.654000
off,run_04.json,895,1.362000
off,run_04.json,896,8.342000
off,run_04.json,897,0.657000
off,run_04.json,898,1.123000
off,run_04.json,899,1.525000
off,run_04.json,900,0.650000
off,run_04.json,901,0.610000
off,run_04.json,902,0.675000
off,run_04.json,903,0.610000
off,run_04.json,904,0.603000
off,run_04.json,905,1.309000
off,run_04.json,906,8.640000
off,run_04.json,907,0.666000
off,run_04.json,908,0.874000
off,run_04.json,909,0.617000
off,run_04.json,910,1.522000
off,run_04.json,911,0.598000
off,run_04.json,912,0.620000
off,run_04.json,913,0.595000
off,run_04.json,914,0.619000
off,run_04.json,915,0.619000
off,run_04.json,916,1.294000
off,run_04.json,917,7.473000
off,run_04.json,918,0.652000
off,run_04.json,919,0.990000
off,run_04.json,920,1.592000
off,run_04.json,921,0.651000
off,run_04.json,922,0.672000
off,run_04.json,923,0.667000
off,run_04.json,924,0.636000
off,run_04.json,925,0.651000
off,run_04.json,926,1.435000
off,run_04.json,927,7.221000
off,run_04.json,928,0.741000
off,run_04.json,929,0.943000
off,run_04.json,930,1.650000
off,run_04.json,931,0.682000
off,run_04.json,932,0.631000
off,run_04.json,933,0.675000
off,run_04.json,934,0.629000
off,run_04.json,935,0.681000
off,run_04.json,936,1.628000
off,run_04.json,937,9.688000
off,run_04.json,938,0.700000
off,run_04.json,939,0.953000
off,run_04.json,940,0.677000
off,run_04.json,941,1.495000
off,run_04.json,942,0.712000
off,run_04.json,943,0.665000
off,run_04.json,944,0.743000
off,run_04.json,945,0.749000
off,run_04.json,946,1.431000
off,run_04.json,947,8.575000
off,run_04.json,948,0.852000
off,run_04.json,949,0.873000
off,run_04.json,950,1.401000
off,run_04.json,951,0.717000
off,run_04.json,952,0.699000
off,run_04.json,953,0.677000
off,run_04.json,954,0.684000
off,run_04.json,955,0.763000
off,run_04.json,956,9.712000
off,run_04.json,957,0.737000
off,run_04.json,958,0.945000
off,run_04.json,959,1.639000
off,run_04.json,960,0.681000
off,run_04.json,961,0.843000
off,run_04.json,962,0.752000
off,run_04.json,963,0.700000
off,run_04.json,964,1.426000
off,run_04.json,965,9.152000
off,run_04.json,966,0.692000
off,run_04.json,967,0.962000
off,run_04.json,968,0.678000
off,run_04.json,969,1.465000
off,run_04.json,970,0.718000
off,run_04.json,971,0.700000
off,run_04.json,972,0.662000
off,run_04.json,973,0.699000
off,run_04.json,974,1.500000
off,run_04.json,975,8.884000
off,run_04.json,976,0.741000
off,run_04.json,977,0.957000
off,run_04.json,978,1.647000
off,run_04.json,979,0.674000
off,run_04.json,980,0.763000
off,run_04.json,981,0.829000
off,run_04.json,982,0.774000
off,run_04.json,983,1.422000
off,run_04.json,984,9.088000
off,run_04.json,985,0.737000
off,run_04.json,986,0.926000
off,run_04.json,987,0.711000
off,run_04.json,988,1.611000
off,run_04.json,989,0.719000
off,run_04.json,990,0.692000
off,run_04.json,991,0.648000
off,run_04.json,992,0.705000
off,run_04.json,993,10.701000
off,run_04.json,994,1.008000
off,run_04.json,995,0.889000
off,run_04.json,996,1.664000
off,run_04.json,997,0.657000
off,run_04.json,998,0.614000
off,run_04.json,999,0.649000
off,run_04.json,1000,0.676000
off,run_04.json,1001,0.579000
off,run_04.json,1002,10.546000
off,run_04.json,1003,0.780000
off,run_04.json,1004,0.819000
off,run_04.json,1005,0.665000
off,run_04.json,1006,1.454000
off,run_04.json,1007,0.619000
off,run_04.json,1008,0.656000
off,run_04.json,1009,0.654000
off,run_04.json,1010,0.607000
off,run_04.json,1011,1.339000
off,run_04.json,1012,7.252000
off,run_04.json,1013,0.723000
off,run_04.json,1014,0.977000
off,run_04.json,1015,1.544000
off,run_04.json,1016,0.633000
off,run_04.json,1017,0.717000
off,run_04.json,1018,0.691000
off,run_04.json,1019,0.685000
off,run_04.json,1020,0.687000
off,run_04.json,1021,8.455000
off,run_04.json,1022,0.852000
off,run_04.json,1023,0.967000
off,run_04.json,1024,1.466000
off,run_04.json,1025,0.684000
off,run_04.json,1026,0.674000
off,run_04.json,1027,0.633000
off,run_04.json,1028,0.692000
off,run_04.json,1029,0.690000
off,run_04.json,1030,1.519000
off,run_04.json,1031,8.227000
off,run_04.json,1032,0.710000
off,run_04.json,1033,0.956000
off,run_04.json,1034,0.678000
off,run_04.json,1035,1.440000
off,run_04.json,1036,0.711000
off,run_04.json,1037,0.679000
off,run_04.json,1038,0.630000
off,run_04.json,1039,0.669000
off,run_04.json,1040,1.364000
off,run_04.json,1041,8.732000
off,run_04.json,1042,0.652000
off,run_04.json,1043,0.979000
off,run_04.json,1044,0.639000
off,run_04.json,1045,2.790000
off,run_04.json,1046,0.563000
off,run_04.json,1047,0.630000
off,run_04.json,1048,0.628000
off,run_04.json,1049,9.747000
off,run_04.json,1050,0.650000
off,run_04.json,1051,0.904000
off,run_04.json,1052,0.610000
off,run_04.json,1053,1.449000
off,run_04.json,1054,0.632000
off,run_04.json,1055,0.644000
off,run_04.json,1056,1.978000
off,run_04.json,1057,10.499000
off,run_04.json,1058,0.861000
off,run_04.json,1059,0.919000
off,run_04.json,1060,1.598000
off,run_04.json,1061,0.699000
off,run_04.json,1062,0.687000
off,run_04.json,1063,0.650000
off,run_04.json,1064,0.691000
off,run_04.json,1065,0.675000
off,run_04.json,1066,10.689000
off,run_04.json,1067,0.678000
off,run_04.json,1068,0.953000
off,run_04.json,1069,0.631000
off,run_04.json,1070,1.464000
off,run_04.json,1071,0.622000
off,run_04.json,1072,0.624000
off,run_04.json,1073,0.727000
off,run_04.json,1074,0.686000
off,run_04.json,1075,1.377000
off,run_04.json,1076,9.766000
off,run_04.json,1077,0.772000
off,run_04.json,1078,0.913000
off,run_04.json,1079,0.639000
off,run_04.json,1080,1.534000
off,run_04.json,1081,0.650000
off,run_04.json,1082,0.626000
off,run_04.json,1083,0.669000
off,run_04.json,1084,0.647000
off,run_04.json,1085,1.281000
off,run_04.json,1086,9.919000
off,run_04.json,1087,0.669000
off,run_04.json,1088,0.917000
off,run_04.json,1089,0.641000
off,run_04.json,1090,1.477000
off,run_04.json,1091,0.650000
off,run_04.json,1092,0.682000
off,run_04.json,1093,0.719000
off,run_04.json,1094,0.675000
off,run_04.json,1095,1.354000
off,run_04.json,1096,9.509000
off,run_04.json,1097,0.673000
off,run_04.json,1098,1.005000
off,run_04.json,1099,0.647000
off,run_04.json,1100,1.528000
off,run_04.json,1101,0.694000
off,run_04.json,1102,0.625000
off,run_04.json,1103,0.677000
off,run_04.json,1104,0.677000
off,run_04.json,1105,1.308000
off,run_04.json,1106,9.459000
off,run_04.json,1107,0.740000
off,run_04.json,1108,0.984000
off,run_04.json,1109,0.692000
off,run_04.json,1110,1.532000
off,run_04.json,1111,0.733000
off,run_04.json,1112,0.694000
off,run_04.json,1113,0.699000
off,run_04.json,1114,0.691000
off,run_04.json,1115,10.000000
off,run_04.json,1116,0.712000
off,run_04.json,1117,0.934000
off,run_04.json,1118,0.693000
off,run_04.json,1119,1.404000
off,run_04.json,1120,0.613000
off,run_04.json,1121,0.653000
off,run_04.json,1122,0.658000
off,run_04.json,1123,0.597000
off,run_04.json,1124,1.297000
off,run_04.json,1125,7.670000
off,run_04.json,1126,0.605000
off,run_04.json,1127,0.982000
off,run_04.json,1128,0.638000
off,run_04.json,1129,1.477000
off,run_04.json,1130,0.641000
off,run_04.json,1131,0.587000
off,run_04.json,1132,0.584000
off,run_04.json,1133,0.648000
off,run_04.json,1134,0.657000
off,run_04.json,1135,9.377000
off,run_04.json,1136,0.627000
off,run_04.json,1137,0.952000
off,run_04.json,1138,0.636000
off,run_04.json,1139,1.464000
off,run_04.json,1140,0.637000
off,run_04.json,1141,0.589000
off,run_04.json,1142,0.643000
off,run_04.json,1143,0.652000
off,run_04.json,1144,0.585000
off,run_04.json,1145,9.103000
off,run_04.json,1146,0.798000
off,run_04.json,1147,0.969000
off,run_04.json,1148,1.517000
off,run_04.json,1149,0.654000
off,run_04.json,1150,0.646000
off,run_04.json,1151,0.641000
off,run_04.json,1152,0.584000
off,run_04.json,1153,0.622000
off,run_04.json,1154,1.305000
off,run_04.json,1155,7.122000
off,run_04.json,1156,0.684000
off,run_04.json,1157,0.907000
off,run_04.json,1158,1.668000
off,run_04.json,1159,0.645000
off,run_04.json,1160,0.595000
off,run_04.json,1161,0.581000
off,run_04.json,1162,0.575000
off,run_04.json,1163,0.632000
off,run_04.json,1164,1.286000
off,run_04.json,1165,8.871000
off,run_04.json,1166,0.616000
off,run_04.json,1167,0.881000
off,run_04.json,1168,0.577000
off,run_04.json,1169,1.441000
off,run_04.json,1170,0.580000
off,run_04.json,1171,0.581000
off,run_04.json,1172,0.640000
off,run_04.json,1173,0.648000
off,run_04.json,1174,0.566000
off,run_04.json,1175,1.334000
off,run_04.json,1176,8.830000
off,run_04.json,1177,0.689000
off,run_04.json,1178,0.887000
off,run_04.json,1179,1.659000
off,run_04.json,1180,0.616000
off,run_04.json,1181,0.609000
off,run_04.json,1182,0.616000
off,run_04.json,1183,0.635000
off,run_04.json,1184,0.615000
off,run_04.json,1185,1.196000
off,run_04.json,1186,9.160000
off,run_04.json,1187,0.688000
off,run_04.json,1188,0.886000
off,run_04.json,1189,1.531000
off,run_04.json,1190,0.626000
off,run_04.json,1191,0.599000
off,run_04.json,1192,0.654000
off,run_04.json,1193,0.639000
off,run_04.json,1194,0.557000
off,run_04.json,1195,0.616000
off,run_04.json,1196,9.893000
off,run_04.json,1197,0.632000
off,run_04.json,1198,0.847000
off,run_04.json,1199,0.567000
off,run_04.json,1200,1.433000
off,run_04.json,1201,0.608000
off,run_04.json,1202,0.607000
off,run_04.json,1203,0.650000
off,run_04.json,1204,0.592000
off,run_04.json,1205,0.567000
off,run_04.json,1206,1.376000
off,run_04.json,1207,8.805000
off,run_04.json,1208,0.633000
off,run_04.json,1209,0.925000
off,run_04.json,1210,0.587000
off,run_04.json,1211,1.491000
off,run_04.json,1212,0.667000
off,run_04.json,1213,0.551000
off,run_04.json,1214,0.660000
off,run_04.json,1215,0.655000
off,run_04.json,1216,0.547000
off,run_04.json,1217,10.004000
off,run_04.json,1218,0.686000
off,run_04.json,1219,0.875000
off,run_04.json,1220,0.611000
off,run_04.json,1221,1.459000
off,run_04.json,1222,0.603000
off,run_04.json,1223,0.658000
off,run_04.json,1224,0.701000
off,run_04.json,1225,0.553000
off,run_04.json,1226,0.636000
off,run_04.json,1227,9.805000
off,run_04.json,1228,0.649000
off,run_04.json,1229,0.841000
off,run_04.json,1230,0.589000
off,run_04.json,1231,1.421000
off,run_04.json,1232,0.573000
off,run_04.json,1233,0.596000
off,run_04.json,1234,0.669000
off,run_04.json,1235,0.602000
off,run_04.json,1236,0.579000
off,run_04.json,1237,1.371000
off,run_04.json,1238,8.641000
off,run_04.json,1239,0.618000
off,run_04.json,1240,0.958000
off,run_04.json,1241,0.698000
off,run_04.json,1242,1.404000
off,run_04.json,1243,0.644000
off,run_04.json,1244,0.554000
off,run_04.json,1245,0.645000
off,run_04.json,1246,0.542000
off,run_04.json,1247,0.626000
off,run_04.json,1248,1.261000
off,run_04.json,1249,8.732000
off,run_04.json,1250,0.643000
off,run_04.json,1251,0.999000
off,run_04.json,1252,0.680000
off,run_04.json,1253,1.477000
off,run_04.json,1254,0.643000
off,run_04.json,1255,0.656000
off,run_04.json,1256,0.658000
off,run_04.json,1257,0.707000
off,run_04.json,1258,1.271000
off,run_04.json,1259,8.906000
off,run_04.json,1260,0.626000
off,run_04.json,1261,1.035000
off,run_04.json,1262,0.736000
off,run_04.json,1263,1.441000
off,run_04.json,1264,0.716000
off,run_04.json,1265,0.715000
off,run_04.json,1266,0.671000
off,run_04.json,1267,0.637000
off,run_04.json,1268,1.382000
off,run_04.json,1269,8.681000
off,run_04.json,1270,0.665000
off,run_04.json,1271,0.984000
off,run_04.json,1272,1.566000
off,run_04.json,1273,0.645000
off,run_04.json,1274,0.686000
off,run_04.json,1275,0.687000
off,run_04.json,1276,0.649000
off,run_04.json,1277,0.684000
off,run_04.json,1278,1.334000
off,run_04.json,1279,8.742000
off,run_04.json,1280,0.718000
off,run_04.json,1281,0.946000
off,run_04.json,1282,1.603000
off,run_04.json,1283,0.694000
off,run_04.json,1284,0.653000
off,run_04.json,1285,0.707000
off,run_04.json,1286,0.680000
off,run_04.json,1287,0.643000
off,run_04.json,1288,1.253000
off,run_04.json,1289,8.922000
off,run_04.json,1290,0.815000
off,run_04.json,1291,0.835000
off,run_04.json,1292,1.826000
off,run_04.json,1293,0.782000
off,run_04.json,1294,0.706000
off,run_04.json,1295,0.705000
off,run_04.json,1296,0.708000
off,run_04.json,1297,1.401000
off,run_04.json,1298,8.933000
off,run_04.json,1299,0.816000
off,run_04.json,1300,1.011000
off,run_04.json,1301,1.503000
off,run_04.json,1302,0.795000
off,run_04.json,1303,0.670000
off,run_04.json,1304,0.700000
off,run_04.json,1305,0.660000
off,run_04.json,1306,0.653000
off,run_04.json,1307,10.111000
off,run_04.json,1308,1.393000
off,run_04.json,1309,1.854000
off,run_04.json,1310,0.995000
off,run_04.json,1311,0.853000
off,run_04.json,1312,0.759000
off,run_04.json,1313,0.733000
off,run_04.json,1314,9.933000
off,run_04.json,1315,0.845000
off,run_04.json,1316,0.985000
off,run_04.json,1317,1.418000
off,run_04.json,1318,0.755000
off,run_04.json,1319,0.733000
off,run_04.json,1320,0.698000
off,run_04.json,1321,0.727000
off,run_04.json,1322,1.330000
off,run_04.json,1323,9.126000
off,run_04.json,1324,0.763000
off,run_04.json,1325,0.990000
off,run_04.json,1326,1.715000
off,run_04.json,1327,0.869000
off,run_04.json,1328,0.995000
off,run_04.json,1329,0.887000
off,run_04.json,1330,1.611000
off,run_04.json,1331,9.110000
off,run_04.json,1332,0.891000
off,run_04.json,1333,0.925000
off,run_04.json,1334,1.656000
off,run_04.json,1335,1.149000
off,run_04.json,1336,0.914000
off,run_04.json,1337,0.698000
off,run_04.json,1338,1.394000
off,run_04.json,1339,10.092000
off,run_04.json,1340,0.880000
off,run_04.json,1341,1.056000
off,run_04.json,1342,1.808000
off,run_04.json,1343,1.012000
off,run_04.json,1344,1.019000
off,run_04.json,1345,0.836000
off,run_04.json,1346,1.580000
off,run_04.json,1347,9.059000
off,run_04.json,1348,0.875000
off,run_04.json,1349,1.130000
off,run_04.json,1350,1.480000
off,run_04.json,1351,0.875000
off,run_04.json,1352,0.896000
off,run_04.json,1353,0.854000
off,run_04.json,1354,1.429000
off,run_04.json,1355,7.525000
off,run_04.json,1356,1.490000
off,run_04.json,1357,1.803000
off,run_04.json,1358,0.971000
off,run_04.json,1359,0.846000
off,run_04.json,1360,0.727000
off,run_04.json,1361,0.802000
off,run_04.json,1362,9.779000
off,run_04.json,1363,0.960000
off,run_04.json,1364,0.971000
off,run_04.json,1365,1.350000
off,run_04.json,1366,0.897000
off,run_04.json,1367,0.908000
off,run_04.json,1368,0.715000
off,run_04.json,1369,0.705000
off,run_04.json,1370,1.476000
off,run_04.json,1371,8.578000
off,run_04.json,1372,0.720000
off,run_04.json,1373,0.935000
off,run_04.json,1374,0.675000
off,run_04.json,1375,1.415000
off,run_04.json,1376,0.700000
off,run_04.json,1377,0.651000
off,run_04.json,1378,0.703000
off,run_04.json,1379,0.686000
off,run_04.json,1380,1.306000
off,run_04.json,1381,12.748000
off,run_04.json,1382,1.008000
off,run_04.json,1383,0.898000
off,run_04.json,1384,1.535000
off,run_04.json,1385,0.771000
off,run_04.json,1386,1.956000
off,run_04.json,1387,0.592000
off,run_04.json,1388,9.961000
off,run_04.json,1389,0.739000
off,run_04.json,1390,0.918000
off,run_04.json,1391,0.760000
off,run_04.json,1392,1.478000
off,run_04.json,1393,0.667000
off,run_04.json,1394,0.623000
off,run_04.json,1395,0.724000
off,run_04.json,1396,0.657000
off,run_04.json,1397,2.868000
off,run_04.json,1398,7.234000
off,run_04.json,1399,0.728000
off,run_04.json,1400,0.959000
off,run_04.json,1401,0.649000
off,run_04.json,1402,1.665000
off,run_04.json,1403,0.692000
off,run_04.json,1404,0.676000
off,run_04.json,1405,0.640000
off,run_04.json,1406,0.681000
off,run_04.json,1407,1.429000
off,run_04.json,1408,8.293000
off,run_04.json,1409,0.662000
off,run_04.json,1410,1.000000
off,run_04.json,1411,0.727000
off,run_04.json,1412,1.469000
off,run_04.json,1413,0.718000
off,run_04.json,1414,0.722000
off,run_04.json,1415,0.723000
off,run_04.json,1416,0.676000
off,run_04.json,1417,1.462000
off,run_04.json,1418,8.337000
off,run_04.json,1419,1.010000
off,run_04.json,1420,1.002000
off,run_04.json,1421,1.448000
off,run_04.json,1422,0.882000
off,run_04.json,1423,0.678000
off,run_04.json,1424,0.752000
off,run_04.json,1425,0.709000
off,run_04.json,1426,1.422000
off,run_04.json,1427,8.466000
off,run_04.json,1428,0.803000
off,run_04.json,1429,0.794000
off,run_04.json,1430,0.711000
off,run_04.json,1431,1.365000
off,run_04.json,1432,0.699000
off,run_04.json,1433,0.688000
off,run_04.json,1434,0.666000
off,run_04.json,1435,0.704000
off,run_04.json,1436,1.416000
off,run_04.json,1437,7.828000
off,run_04.json,1438,0.653000
off,run_04.json,1439,1.002000
off,run_04.json,1440,1.562000
off,run_04.json,1441,0.627000
off,run_04.json,1442,0.615000
off,run_04.json,1443,0.668000
off,run_04.json,1444,0.638000
off,run_04.json,1445,0.659000
off,run_04.json,1446,1.565000
off,run_04.json,1447,6.852000
off,run_04.json,1448,0.637000
off,run_04.json,1449,1.010000
off,run_04.json,1450,0.733000
off,run_04.json,1451,1.497000
off,run_04.json,1452,0.744000
off,run_04.json,1453,0.737000
off,run_04.json,1454,0.632000
off,run_04.json,1455,0.694000
off,run_04.json,1456,1.402000
off,run_04.json,1457,8.937000
off,run_04.json,1458,0.933000
off,run_04.json,1459,0.912000
off,run_04.json,1460,1.657000
off,run_04.json,1461,0.839000
off,run_04.json,1462,0.832000
off,run_04.json,1463,0.736000
off,run_04.json,1464,0.704000
off,run_04.json,1465,1.368000
off,run_04.json,1466,9.678000
off,run_04.json,1467,0.828000
off,run_04.json,1468,1.042000
off,run_04.json,1469,1.390000
off,run_04.json,1470,0.633000
off,run_04.json,1471,0.683000
off,run_04.json,1472,0.624000
off,run_04.json,1473,0.941000
off,run_04.json,1474,0.668000
off,run_04.json,1475,9.414000
off,run_04.json,1476,0.661000
off,run_04.json,1477,0.951000
off,run_04.json,1478,0.652000
off,run_04.json,1479,1.468000
off,run_04.json,1480,0.620000
off,run_04.json,1481,0.654000
off,run_04.json,1482,0.654000
off,run_04.json,1483,0.655000
off,run_04.json,1484,1.327000
off,run_04.json,1485,9.070000
off,run_04.json,1486,0.810000
off,run_04.json,1487,1.000000
off,run_04.json,1488,1.639000
off,run_04.json,1489,0.705000
off,run_04.json,1490,0.706000
off,run_04.json,1491,0.612000
off,run_04.json,1492,0.661000
off,run_04.json,1493,0.654000
off,run_04.json,1494,1.252000
off,run_04.json,1495,8.936000
off,run_04.json,1496,0.679000
off,run_04.json,1497,0.945000
off,run_04.json,1498,0.737000
off,run_04.json,1499,1.531000
off,run_04.json,1500,0.851000
off,run_04.json,1501,0.626000
off,run_04.json,1502,0.674000
off,run_04.json,1503,0.688000
off,run_04.json,1504,1.322000
off,run_04.json,1505,9.023000
off,run_04.json,1506,0.652000
off,run_04.json,1507,1.028000
off,run_04.json,1508,0.607000
off,run_04.json,1509,1.553000
off,run_04.json,1510,0.639000
off,run_04.json,1511,0.688000
off,run_04.json,1512,0.688000
off,run_04.json,1513,0.702000
off,run_04.json,1514,1.309000
off,run_04.json,1515,9.534000
off,run_04.json,1516,1.048000
off,run_04.json,1517,1.023000
off,run_04.json,1518,1.418000
off,run_04.json,1519,0.744000
off,run_04.json,1520,0.608000
off,run_04.json,1521,0.685000
off,run_04.json,1522,0.676000
off,run_04.json,1523,0.622000
off,run_04.json,1524,10.331000
off,run_04.json,1525,0.620000
off,run_04.json,1526,0.935000
off,run_04.json,1527,0.650000
off,run_04.json,1528,1.436000
off,run_04.json,1529,0.643000
off,run_04.json,1530,0.564000
off,run_04.json,1531,0.642000
off,run_04.json,1532,0.655000
off,run_04.json,1533,0.607000
off,run_04.json,1534,1.282000
off,run_04.json,1535,6.944000
off,run_04.json,1536,0.744000
off,run_04.json,1537,0.941000
off,run_04.json,1538,1.690000
off,run_04.json,1539,0.701000
off,run_04.json,1540,0.635000
off,run_04.json,1541,0.689000
off,run_04.json,1542,0.692000
off,run_04.json,1543,0.611000
off,run_04.json,1544,1.463000
off,run_04.json,1545,6.975000
off,run_04.json,1546,0.653000
off,run_04.json,1547,0.922000
off,run_04.json,1548,0.624000
off,run_04.json,1549,1.461000
off,run_04.json,1550,0.649000
off,run_04.json,1551,0.677000
off,run_04.json,1552,0.645000
off,run_04.json,1553,0.623000
off,run_04.json,1554,0.603000
off,run_04.json,1555,0.689000
off,run_04.json,1556,1.361000
off,run_04.json,1557,7.594000
off,run_04.json,1558,0.786000
off,run_04.json,1559,0.872000
off,run_04.json,1560,1.531000
off,run_04.json,1561,0.714000
off,run_04.json,1562,0.664000
off,run_04.json,1563,0.664000
off,run_04.json,1564,0.703000
off,run_04.json,1565,0.708000
off,run_04.json,1566,1.262000
off,run_04.json,1567,8.610000
off,run_04.json,1568,0.597000
off,run_04.json,1569,0.934000
off,run_04.json,1570,0.665000
off,run_04.json,1571,1.473000
off,run_04.json,1572,0.662000
off,run_04.json,1573,0.667000
off,run_04.json,1574,0.619000
off,run_04.json,1575,0.661000
off,run_04.json,1576,0.675000
off,run_04.json,1577,0.616000
off,run_04.json,1578,1.276000
off,run_04.json,1579,7.768000
off,run_04.json,1580,0.709000
off,run_04.json,1581,0.996000
off,run_04.json,1582,1.613000
off,run_04.json,1583,0.642000
off,run_04.json,1584,0.692000
off,run_04.json,1585,0.597000
off,run_04.json,1586,0.674000
off,run_04.json,1587,0.598000
off,run_04.json,1588,0.584000
off,run_04.json,1589,0.700000
off,run_04.json,1590,1.256000
off,run_04.json,1591,9.051000
off,run_04.json,1592,0.869000
off,run_04.json,1593,0.932000
off,run_04.json,1594,1.496000
off,run_04.json,1595,0.607000
off,run_04.json,1596,0.642000
off,run_04.json,1597,0.660000
off,run_04.json,1598,0.598000
off,run_04.json,1599,0.003000
off,run_05.json,0,1.018000
off,run_05.json,1,0.833000
off,run_05.json,2,1.285000
off,run_05.json,3,13.036000
off,run_05.json,4,1.483000
off,run_05.json,5,1.770000
off,run_05.json,6,1.282000
off,run_05.json,7,12.460000
off,run_05.json,8,0.684000
off,run_05.json,9,1.021000
off,run_05.json,10,0.715000
off,run_05.json,11,1.414000
off,run_05.json,12,13.466000
off,run_05.json,13,0.723000
off,run_05.json,14,0.899000
off,run_05.json,15,0.670000
off,run_05.json,16,1.447000
off,run_05.json,17,13.470000
off,run_05.json,18,0.669000
off,run_05.json,19,0.901000
off,run_05.json,20,0.653000
off,run_05.json,21,1.511000
off,run_05.json,22,1.323000
off,run_05.json,23,13.120000
off,run_05.json,24,0.818000
off,run_05.json,25,1.472000
off,run_05.json,26,1.505000
off,run_05.json,27,12.453000
off,run_05.json,28,0.647000
off,run_05.json,29,0.970000
off,run_05.json,30,0.640000
off,run_05.json,31,2.345000
off,run_05.json,32,12.329000
off,run_05.json,33,2.564000
off,run_05.json,34,0.199000
off,run_05.json,35,0.747000
off,run_05.json,36,1.385000
off,run_05.json,37,12.038000
off,run_05.json,38,0.680000
off,run_05.json,39,1.052000
off,run_05.json,40,0.755000
off,run_05.json,41,2.214000
off,run_05.json,42,12.368000
off,run_05.json,43,0.742000
off,run_05.json,44,1.157000
off,run_05.json,45,1.852000
off,run_05.json,46,13.526000
off,run_05.json,47,0.692000
off,run_05.json,48,1.029000
off,run_05.json,49,1.589000
off,run_05.json,50,1.378000
off,run_05.json,51,12.052000
off,run_05.json,52,0.678000
off,run_05.json,53,1.165000
off,run_05.json,54,0.740000
off,run_05.json,55,2.108000
off,run_05.json,56,12.136000
off,run_05.json,57,0.745000
off,run_05.json,58,1.092000
off,run_05.json,59,0.779000
off,run_05.json,60,2.051000
off,run_05.json,61,12.117000
off,run_05.json,62,0.730000
off,run_05.json,63,0.989000
off,run_05.json,64,0.621000
off,run_05.json,65,0.907000
off,run_05.json,66,1.411000
off,run_05.json,67,11.650000
off,run_05.json,68,0.648000
off,run_05.json,69,0.965000
off,run_05.json,70,0.749000
off,run_05.json,71,0.702000
off,run_05.json,72,0.667000
off,run_05.json,73,12.409000
off,run_05.json,74,0.621000
off,run_05.json,75,1.095000
off,run_05.json,76,0.746000
off,run_05.json,77,1.352000
off,run_05.json,78,11.924000
off,run_05.json,79,0.692000
off,run_05.json,80,0.940000
off,run_05.json,81,1.627000
off,run_05.json,82,0.625000
off,run_05.json,83,12.468000
off,run_05.json,84,0.618000
off,run_05.json,85,0.959000
off,run_05.json,86,0.634000
off,run_05.json,87,1.505000
off,run_05.json,88,1.269000
off,run_05.json,89,11.054000
off,run_05.json,90,0.600000
off,run_05.json,91,0.977000
off,run_05.json,92,0.616000
off,run_05.json,93,1.532000
off,run_05.json,94,1.376000
off,run_05.json,95,11.478000
off,run_05.json,96,0.718000
off,run_05.json,97,0.882000
off,run_05.json,98,0.651000
off,run_05.json,99,1.506000
off,run_05.json,100,11.532000
off,run_05.json,101,0.602000
off,run_05.json,102,0.984000
off,run_05.json,103,0.684000
off,run_05.json,104,1.421000
off,run_05.json,105,1.415000
off,run_05.json,106,11.204000
off,run_05.json,107,0.982000
off,run_05.json,108,0.687000
off,run_05.json,109,0.692000
off,run_05.json,110,1.380000
off,run_05.json,111,12.802000
off,run_05.json,112,0.753000
off,run_05.json,113,0.959000
off,run_05.json,114,0.765000
off,run_05.json,115,1.374000
off,run_05.json,116,12.617000
off,run_05.json,117,0.628000
off,run_05.json,118,0.924000
off,run_05.json,119,0.633000
off,run_05.json,120,1.399000
off,run_05.json,121,1.339000
off,run_05.json,122,12.042000
off,run_05.json,123,0.644000
off,run_05.json,124,0.972000
off,run_05.json,125,0.767000
off,run_05.json,126,1.378000
off,run_05.json,127,13.032000
off,run_05.json,128,0.906000
off,run_05.json,129,0.921000
off,run_05.json,130,0.907000
off,run_05.json,131,0.957000
off,run_05.json,132,12.795000
off,run_05.json,133,0.890000
off,run_05.json,134,0.853000
off,run_05.json,135,0.768000
off,run_05.json,136,0.651000
off,run_05.json,137,13.561000
off,run_05.json,138,1.275000
off,run_05.json,139,0.724000
off,run_05.json,140,1.441000
off,run_05.json,141,1.459000
off,run_05.json,142,11.708000
off,run_05.json,143,0.768000
off,run_05.json,144,0.924000
off,run_05.json,145,1.506000
off,run_05.json,146,0.642000
off,run_05.json,147,12.851000
off,run_05.json,148,0.821000
off,run_05.json,149,0.813000
off,run_05.json,150,1.776000
off,run_05.json,151,1.470000
off,run_05.json,152,11.636000
off,run_05.json,153,0.797000
off,run_05.json,154,0.909000
off,run_05.json,155,0.738000
off,run_05.json,156,2.307000
off,run_05.json,157,11.857000
off,run_05.json,158,0.673000
off,run_05.json,159,1.023000
off,run_05.json,160,0.735000
off,run_05.json,161,1.412000
off,run_05.json,162,13.066000
off,run_05.json,163,0.811000
off,run_05.json,164,0.834000
off,run_05.json,165,0.728000
off,run_05.json,166,1.320000
off,run_05.json,167,12.687000
off,run_05.json,168,0.605000
off,run_05.json,169,0.952000
off,run_05.json,170,0.593000
off,run_05.json,171,1.488000
off,run_05.json,172,1.319000
off,run_05.json,173,11.749000
off,run_05.json,174,0.680000
off,run_05.json,175,0.988000
off,run_05.json,176,0.732000
off,run_05.json,177,1.352000
off,run_05.json,178,12.974000
off,run_05.json,179,0.628000
off,run_05.json,180,0.893000
off,run_05.json,181,0.744000
off,run_05.json,182,1.547000
off,run_05.json,183,12.710000
off,run_05.json,184,0.545000
off,run_05.json,185,0.982000
off,run_05.json,186,0.546000
off,run_05.json,187,1.519000
off,run_05.json,188,0.617000
off,run_05.json,189,0.628000
off,run_05.json,190,12.081000
off,run_05.json,191,0.719000
off,run_05.json,192,0.999000
off,run_05.json,193,0.680000
off,run_05.json,194,1.375000
off,run_05.json,195,12.696000
off,run_05.json,196,0.557000
off,run_05.json,197,0.921000
off,run_05.json,198,0.643000
off,run_05.json,199,1.370000
off,run_05.json,200,0.605000
off,run_05.json,201,0.543000
off,run_05.json,202,1.357000
off,run_05.json,203,10.841000
off,run_05.json,204,0.627000
off,run_05.json,205,1.014000
off,run_05.json,206,0.643000
off,run_05.json,207,1.487000
off,run_05.json,208,0.674000
off,run_05.json,209,12.245000
off,run_05.json,210,0.773000
off,run_05.json,211,1.058000
off,run_05.json,212,0.829000
off,run_05.json,213,0.921000
off,run_05.json,214,2.060000
off,run_05.json,215,10.764000
off,run_05.json,216,0.628000
off,run_05.json,217,0.968000
off,run_05.json,218,0.645000
off,run_05.json,219,1.505000
off,run_05.json,220,0.681000
off,run_05.json,221,1.330000
off,run_05.json,222,10.960000
off,run_05.json,223,0.827000
off,run_05.json,224,0.994000
off,run_05.json,225,0.664000
off,run_05.json,226,1.470000
off,run_05.json,227,0.669000
off,run_05.json,228,1.304000
off,run_05.json,229,10.714000
off,run_05.json,230,0.734000
off,run_05.json,231,0.980000
off,run_05.json,232,1.582000
off,run_05.json,233,0.682000
off,run_05.json,234,0.623000
off,run_05.json,235,12.131000
off,run_05.json,236,0.621000
off,run_05.json,237,0.987000
off,run_05.json,238,0.689000
off,run_05.json,239,1.458000
off,run_05.json,240,0.636000
off,run_05.json,241,1.286000
off,run_05.json,242,11.196000
off,run_05.json,243,0.720000
off,run_05.json,244,1.000000
off,run_05.json,245,1.475000
off,run_05.json,246,0.611000
off,run_05.json,247,0.691000
off,run_05.json,248,1.400000
off,run_05.json,249,10.654000
off,run_05.json,250,0.636000
off,run_05.json,251,1.044000
off,run_05.json,252,0.649000
off,run_05.json,253,1.552000
off,run_05.json,254,0.627000
off,run_05.json,255,1.303000
off,run_05.json,256,10.663000
off,run_05.json,257,0.630000
off,run_05.json,258,0.971000
off,run_05.json,259,0.704000
off,run_05.json,260,1.558000
off,run_05.json,261,0.672000
off,run_05.json,262,1.440000
off,run_05.json,263,10.743000
off,run_05.json,264,0.625000
off,run_05.json,265,1.076000
off,run_05.json,266,0.701000
off,run_05.json,267,1.479000
off,run_05.json,268,0.704000
off,run_05.json,269,1.309000
off,run_05.json,270,10.785000
off,run_05.json,271,0.640000
off,run_05.json,272,1.197000
off,run_05.json,273,0.698000
off,run_05.json,274,1.500000
off,run_05.json,275,0.677000
off,run_05.json,276,1.363000
off,run_05.json,277,10.464000
off,run_05.json,278,0.629000
off,run_05.json,279,0.977000
off,run_05.json,280,0.679000
off,run_05.json,281,1.458000
off,run_05.json,282,0.695000
off,run_05.json,283,1.322000
off,run_05.json,284,11.515000
off,run_05.json,285,0.640000
off,run_05.json,286,1.018000
off,run_05.json,287,0.654000
off,run_05.json,288,1.578000
off,run_05.json,289,0.652000
off,run_05.json,290,1.349000
off,run_05.json,291,11.639000
off,run_05.json,292,0.895000
off,run_05.json,293,1.038000
off,run_05.json,294,1.645000
off,run_05.json,295,0.881000
off,run_05.json,296,1.469000
off,run_05.json,297,11.571000
off,run_05.json,298,0.964000
off,run_05.json,299,0.936000
off,run_05.json,300,1.582000
off,run_05.json,301,0.788000
off,run_05.json,302,1.646000
off,run_05.json,303,8.957000
off,run_05.json,304,0.801000
off,run_05.json,305,1.020000
off,run_05.json,306,0.780000
off,run_05.json,307,1.538000
off,run_05.json,308,1.705000
off,run_05.json,309,10.634000
off,run_05.json,310,0.930000
off,run_05.json,311,0.819000
off,run_05.json,312,1.820000
off,run_05.json,313,0.733000
off,run_05.json,314,1.542000
off,run_05.json,315,10.567000
off,run_05.json,316,0.657000
off,run_05.json,317,0.971000
off,run_05.json,318,0.687000
off,run_05.json,319,1.503000
off,run_05.json,320,0.685000
off,run_05.json,321,1.388000
off,run_05.json,322,10.800000
off,run_05.json,323,0.756000
off,run_05.json,324,0.961000
off,run_05.json,325,1.855000
off,run_05.json,326,0.858000
off,run_05.json,327,1.318000
off,run_05.json,328,14.897000
off,run_05.json,329,0.831000
off,run_05.json,330,0.966000
off,run_05.json,331,1.455000
off,run_05.json,332,0.661000
off,run_05.json,333,0.692000
off,run_05.json,334,12.029000
off,run_05.json,335,0.856000
off,run_05.json,336,0.794000
off,run_05.json,337,0.842000
off,run_05.json,338,1.524000
off,run_05.json,339,0.612000
off,run_05.json,340,1.460000
off,run_05.json,341,10.730000
off,run_05.json,342,0.679000
off,run_05.json,343,1.055000
off,run_05.json,344,0.745000
off,run_05.json,345,1.410000
off,run_05.json,346,0.671000
off,run_05.json,347,1.297000
off,run_05.json,348,10.649000
off,run_05.json,349,0.971000
off,run_05.json,350,0.796000
off,run_05.json,351,0.659000
off,run_05.json,352,1.491000
off,run_05.json,353,0.687000
off,run_05.json,354,1.299000
off,run_05.json,355,10.587000
off,run_05.json,356,0.666000
off,run_05.json,357,1.022000
off,run_05.json,358,0.744000
off,run_05.json,359,1.438000
off,run_05.json,360,0.722000
off,run_05.json,361,1.405000
off,run_05.json,362,10.855000
off,run_05.json,363,1.007000
off,run_05.json,364,2.499000
off,run_05.json,365,0.853000
off,run_05.json,366,1.444000
off,run_05.json,367,10.443000
off,run_05.json,368,0.752000
off,run_05.json,369,1.325000
off,run_05.json,370,1.526000
off,run_05.json,371,0.927000
off,run_05.json,372,1.476000
off,run_05.json,373,10.712000
off,run_05.json,374,3.027000
off,run_05.json,375,0.252000
off,run_05.json,376,0.855000
off,run_05.json,377,1.522000
off,run_05.json,378,10.679000
off,run_05.json,379,0.757000
off,run_05.json,380,0.925000
off,run_05.json,381,1.729000
off,run_05.json,382,0.650000
off,run_05.json,383,1.462000
off,run_05.json,384,10.839000
off,run_05.json,385,0.880000
off,run_05.json,386,0.912000
off,run_05.json,387,1.720000
off,run_05.json,388,0.699000
off,run_05.json,389,1.468000
off,run_05.json,390,9.385000
off,run_05.json,391,0.774000
off,run_05.json,392,0.823000
off,run_05.json,393,0.649000
off,run_05.json,394,1.540000
off,run_05.json,395,0.678000
off,run_05.json,396,1.393000
off,run_05.json,397,9.447000
off,run_05.json,398,0.842000
off,run_05.json,399,1.002000
off,run_05.json,400,1.718000
off,run_05.json,401,0.653000
off,run_05.json,402,1.367000
off,run_05.json,403,11.300000
off,run_05.json,404,0.830000
off,run_05.json,405,0.898000
off,run_05.json,406,1.647000
off,run_05.json,407,0.708000
off,run_05.json,408,0.939000
off,run_05.json,409,13.483000
off,run_05.json,410,0.892000
off,run_05.json,411,0.906000
off,run_05.json,412,1.644000
off,run_05.json,413,0.883000
off,run_05.json,414,1.419000
off,run_05.json,415,10.690000
off,run_05.json,416,0.815000
off,run_05.json,417,0.867000
off,run_05.json,418,1.714000
off,run_05.json,419,0.743000
off,run_05.json,420,0.713000
off,run_05.json,421,11.742000
off,run_05.json,422,0.854000
off,run_05.json,423,0.770000
off,run_05.json,424,0.873000
off,run_05.json,425,1.448000
off,run_05.json,426,0.702000
off,run_05.json,427,1.608000
off,run_05.json,428,10.008000
off,run_05.json,429,0.629000
off,run_05.json,430,1.006000
off,run_05.json,431,0.609000
off,run_05.json,432,1.610000
off,run_05.json,433,0.690000
off,run_05.json,434,1.313000
off,run_05.json,435,11.036000
off,run_05.json,436,0.801000
off,run_05.json,437,0.930000
off,run_05.json,438,1.763000
off,run_05.json,439,0.841000
off,run_05.json,440,1.375000
off,run_05.json,441,11.217000
off,run_05.json,442,0.694000
off,run_05.json,443,1.069000
off,run_05.json,444,1.742000
off,run_05.json,445,0.684000
off,run_05.json,446,1.333000
off,run_05.json,447,11.281000
off,run_05.json,448,0.802000
off,run_05.json,449,0.989000
off,run_05.json,450,1.630000
off,run_05.json,451,0.693000
off,run_05.json,452,0.613000
off,run_05.json,453,11.974000
off,run_05.json,454,0.662000
off,run_05.json,455,1.058000
off,run_05.json,456,0.724000
off,run_05.json,457,1.465000
off,run_05.json,458,0.682000
off,run_05.json,459,1.339000
off,run_05.json,460,11.126000
off,run_05.json,461,0.761000
off,run_05.json,462,0.930000
off,run_05.json,463,1.669000
off,run_05.json,464,0.622000
off,run_05.json,465,0.693000
off,run_05.json,466,1.380000
off,run_05.json,467,11.141000
off,run_05.json,468,0.654000
off,run_05.json,469,0.947000
off,run_05.json,470,0.647000
off,run_05.json,471,1.464000
off,run_05.json,472,0.638000
off,run_05.json,473,1.414000
off,run_05.json,474,11.356000
off,run_05.json,475,0.897000
off,run_05.json,476,0.752000
off,run_05.json,477,0.774000
off,run_05.json,478,1.359000
off,run_05.json,479,0.716000
off,run_05.json,480,1.402000
off,run_05.json,481,10.977000
off,run_05.json,482,0.734000
off,run_05.json,483,0.859000
off,run_05.json,484,0.716000
off,run_05.json,485,1.394000
off,run_05.json,486,0.652000
off,run_05.json,487,1.408000
off,run_05.json,488,9.138000
off,run_05.json,489,0.758000
off,run_05.json,490,0.875000
off,run_05.json,491,0.631000
off,run_05.json,492,1.542000
off,run_05.json,493,0.656000
off,run_05.json,494,1.276000
off,run_05.json,495,9.253000
off,run_05.json,496,0.701000
off,run_05.json,497,0.937000
off,run_05.json,498,0.656000
off,run_05.json,499,1.451000
off,run_05.json,500,0.636000
off,run_05.json,501,1.337000
off,run_05.json,502,10.752000
off,run_05.json,503,0.641000
off,run_05.json,504,0.916000
off,run_05.json,505,0.609000
off,run_05.json,506,1.519000
off,run_05.json,507,0.725000
off,run_05.json,508,12.246000
off,run_05.json,509,0.631000
off,run_05.json,510,0.935000
off,run_05.json,511,0.610000
off,run_05.json,512,1.511000
off,run_05.json,513,0.587000
off,run_05.json,514,1.301000
off,run_05.json,515,11.026000
off,run_05.json,516,0.689000
off,run_05.json,517,0.919000
off,run_05.json,518,0.626000
off,run_05.json,519,1.497000
off,run_05.json,520,0.628000
off,run_05.json,521,1.296000
off,run_05.json,522,11.144000
off,run_05.json,523,0.772000
off,run_05.json,524,0.925000
off,run_05.json,525,1.733000
off,run_05.json,526,0.827000
off,run_05.json,527,1.391000
off,run_05.json,528,10.963000
off,run_05.json,529,0.670000
off,run_05.json,530,0.931000
off,run_05.json,531,0.756000
off,run_05.json,532,1.324000
off,run_05.json,533,0.664000
off,run_05.json,534,1.258000
off,run_05.json,535,12.005000
off,run_05.json,536,0.811000
off,run_05.json,537,0.827000
off,run_05.json,538,0.707000
off,run_05.json,539,1.635000
off,run_05.json,540,0.713000
off,run_05.json,541,12.980000
off,run_05.json,542,0.979000
off,run_05.json,543,1.007000
off,run_05.json,544,1.824000
off,run_05.json,545,0.914000
off,run_05.json,546,12.154000
off,run_05.json,547,0.888000
off,run_05.json,548,0.847000
off,run_05.json,549,1.668000
off,run_05.json,550,0.763000
off,run_05.json,551,1.525000
off,run_05.json,552,11.998000
off,run_05.json,553,1.377000
off,run_05.json,554,1.947000
off,run_05.json,555,0.866000
off,run_05.json,556,1.422000
off,run_05.json,557,11.172000
off,run_05.json,558,0.808000
off,run_05.json,559,1.067000
off,run_05.json,560,1.635000
off,run_05.json,561,0.728000
off,run_05.json,562,1.560000
off,run_05.json,563,10.969000
off,run_05.json,564,0.730000
off,run_05.json,565,1.045000
off,run_05.json,566,0.774000
off,run_05.json,567,1.583000
off,run_05.json,568,0.744000
off,run_05.json,569,12.428000
off,run_05.json,570,0.813000
off,run_05.json,571,0.990000
off,run_05.json,572,1.635000
off,run_05.json,573,0.734000
off,run_05.json,574,1.400000
off,run_05.json,575,11.368000
off,run_05.json,576,0.693000
off,run_05.json,577,1.003000
off,run_05.json,578,0.684000
off,run_05.json,579,1.554000
off,run_05.json,580,0.721000
off,run_05.json,581,1.477000
off,run_05.json,582,10.730000
off,run_05.json,583,0.738000
off,run_05.json,584,1.017000
off,run_05.json,585,1.743000
off,run_05.json,586,0.666000
off,run_05.json,587,0.688000
off,run_05.json,588,11.921000
off,run_05.json,589,0.883000
off,run_05.json,590,1.099000
off,run_05.json,591,1.796000
off,run_05.json,592,0.928000
off,run_05.json,593,11.775000
off,run_05.json,594,1.514000
off,run_05.json,595,0.822000
off,run_05.json,596,1.553000
off,run_05.json,597,1.511000
off,run_05.json,598,10.074000
off,run_05.json,599,0.682000
off,run_05.json,600,1.019000
off,run_05.json,601,1.632000
off,run_05.json,602,0.686000
off,run_05.json,603,0.693000
off,run_05.json,604,1.284000
off,run_05.json,605,10.344000
off,run_05.json,606,0.683000
off,run_05.json,607,0.932000
off,run_05.json,608,0.665000
off,run_05.json,609,1.615000
off,run_05.json,610,0.659000
off,run_05.json,611,1.340000
off,run_05.json,612,10.084000
off,run_05.json,613,0.693000
off,run_05.json,614,0.973000
off,run_05.json,615,1.742000
off,run_05.json,616,0.613000
off,run_05.json,617,0.693000
off,run_05.json,618,0.691000
off,run_05.json,619,1.254000
off,run_05.json,620,9.550000
off,run_05.json,621,0.633000
off,run_05.json,622,1.073000
off,run_05.json,623,0.673000
off,run_05.json,624,1.539000
off,run_05.json,625,0.717000
off,run_05.json,626,0.720000
off,run_05.json,627,1.366000
off,run_05.json,628,8.366000
off,run_05.json,629,0.675000
off,run_05.json,630,1.042000
off,run_05.json,631,1.808000
off,run_05.json,632,0.692000
off,run_05.json,633,0.686000
off,run_05.json,634,0.812000
off,run_05.json,635,1.352000
off,run_05.json,636,9.348000
off,run_05.json,637,0.760000
off,run_05.json,638,0.895000
off,run_05.json,639,0.597000
off,run_05.json,640,1.583000
off,run_05.json,641,0.720000
off,run_05.json,642,0.649000
off,run_05.json,643,0.656000
off,run_05.json,644,10.944000
off,run_05.json,645,0.628000
off,run_05.json,646,0.953000
off,run_05.json,647,0.674000
off,run_05.json,648,1.515000
off,run_05.json,649,0.628000
off,run_05.json,650,0.630000
off,run_05.json,651,0.620000
off,run_05.json,652,10.885000
off,run_05.json,653,0.674000
off,run_05.json,654,1.001000
off,run_05.json,655,1.692000
off,run_05.json,656,0.635000
off,run_05.json,657,0.697000
off,run_05.json,658,0.659000
off,run_05.json,659,1.311000
off,run_05.json,660,9.987000
off,run_05.json,661,0.661000
off,run_05.json,662,1.041000
off,run_05.json,663,0.694000
off,run_05.json,664,1.520000
off,run_05.json,665,0.602000
off,run_05.json,666,0.642000
off,run_05.json,667,0.648000
off,run_05.json,668,10.835000
off,run_05.json,669,0.637000
off,run_05.json,670,0.969000
off,run_05.json,671,0.687000
off,run_05.json,672,1.466000
off,run_05.json,673,0.665000
off,run_05.json,674,0.677000
off,run_05.json,675,0.580000
off,run_05.json,676,1.332000
off,run_05.json,677,9.618000
off,run_05.json,678,0.634000
off,run_05.json,679,1.147000
off,run_05.json,680,1.661000
off,run_05.json,681,0.644000
off,run_05.json,682,0.651000
off,run_05.json,683,0.655000
off,run_05.json,684,1.191000
off,run_05.json,685,10.243000
off,run_05.json,686,0.689000
off,run_05.json,687,0.928000
off,run_05.json,688,0.619000
off,run_05.json,689,1.520000
off,run_05.json,690,0.610000
off,run_05.json,691,0.684000
off,run_05.json,692,0.640000
off,run_05.json,693,10.932000
off,run_05.json,694,0.696000
off,run_05.json,695,0.898000
off,run_05.json,696,0.676000
off,run_05.json,697,1.597000
off,run_05.json,698,0.647000
off,run_05.json,699,0.677000
off,run_05.json,700,1.339000
off,run_05.json,701,10.068000
off,run_05.json,702,0.656000
off,run_05.json,703,0.979000
off,run_05.json,704,0.653000
off,run_05.json,705,2.954000
off,run_05.json,706,0.621000
off,run_05.json,707,10.883000
off,run_05.json,708,0.697000
off,run_05.json,709,0.919000
off,run_05.json,710,0.627000
off,run_05.json,711,1.562000
off,run_05.json,712,0.604000
off,run_05.json,713,0.834000
off,run_05.json,714,1.322000
off,run_05.json,715,10.006000
off,run_05.json,716,2.070000
off,run_05.json,717,1.282000
off,run_05.json,718,0.651000
off,run_05.json,719,0.647000
off,run_05.json,720,0.666000
off,run_05.json,721,1.241000
off,run_05.json,722,10.132000
off,run_05.json,723,0.653000
off,run_05.json,724,0.907000
off,run_05.json,725,0.645000
off,run_05.json,726,1.622000
off,run_05.json,727,0.692000
off,run_05.json,728,0.655000
off,run_05.json,729,0.662000
off,run_05.json,730,10.769000
off,run_05.json,731,0.718000
off,run_05.json,732,1.099000
off,run_05.json,733,1.697000
off,run_05.json,734,0.663000
off,run_05.json,735,0.671000
off,run_05.json,736,0.666000
off,run_05.json,737,1.354000
off,run_05.json,738,9.773000
off,run_05.json,739,0.678000
off,run_05.json,740,1.007000
off,run_05.json,741,0.697000
off,run_05.json,742,1.560000
off,run_05.json,743,0.655000
off,run_05.json,744,0.698000
off,run_05.json,745,1.409000
off,run_05.json,746,10.048000
off,run_05.json,747,0.746000
off,run_05.json,748,1.017000
off,run_05.json,749,1.767000
off,run_05.json,750,0.656000
off,run_05.json,751,0.658000
off,run_05.json,752,0.688000
off,run_05.json,753,1.439000
off,run_05.json,754,9.740000
off,run_05.json,755,0.727000
off,run_05.json,756,1.006000
off,run_05.json,757,1.694000
off,run_05.json,758,0.741000
off,run_05.json,759,0.719000
off,run_05.json,760,0.723000
off,run_05.json,761,1.404000
off,run_05.json,762,9.850000
off,run_05.json,763,0.965000
off,run_05.json,764,0.961000
off,run_05.json,765,1.489000
off,run_05.json,766,0.990000
off,run_05.json,767,0.864000
off,run_05.json,768,1.479000
off,run_05.json,769,9.954000
off,run_05.json,770,1.308000
off,run_05.json,771,0.876000
off,run_05.json,772,1.539000
off,run_05.json,773,1.008000
off,run_05.json,774,0.966000
off,run_05.json,775,10.881000
off,run_05.json,776,1.073000
off,run_05.json,777,1.097000
off,run_05.json,778,1.723000
off,run_05.json,779,0.754000
off,run_05.json,780,0.859000
off,run_05.json,781,11.131000
off,run_05.json,782,0.985000
off,run_05.json,783,1.041000
off,run_05.json,784,1.487000
off,run_05.json,785,0.751000
off,run_05.json,786,0.755000
off,run_05.json,787,0.745000
off,run_05.json,788,10.842000
off,run_05.json,789,0.853000
off,run_05.json,790,0.996000
off,run_05.json,791,1.758000
off,run_05.json,792,0.792000
off,run_05.json,793,0.763000
off,run_05.json,794,1.606000
off,run_05.json,795,9.891000
off,run_05.json,796,0.838000
off,run_05.json,797,0.994000
off,run_05.json,798,1.796000
off,run_05.json,799,0.736000
off,run_05.json,800,0.746000
off,run_05.json,801,0.672000
off,run_05.json,802,10.759000
off,run_05.json,803,0.725000
off,run_05.json,804,1.107000
off,run_05.json,805,1.739000
off,run_05.json,806,0.762000
off,run_05.json,807,0.734000
off,run_05.json,808,0.768000
off,run_05.json,809,11.848000
off,run_05.json,810,0.756000
off,run_05.json,811,0.953000
off,run_05.json,812,0.733000
off,run_05.json,813,1.549000
off,run_05.json,814,0.735000
off,run_05.json,815,0.702000
off,run_05.json,816,1.374000
off,run_05.json,817,10.156000
off,run_05.json,818,0.714000
off,run_05.json,819,1.085000
off,run_05.json,820,1.768000
off,run_05.json,821,0.754000
off,run_05.json,822,0.717000
off,run_05.json,823,0.825000
off,run_05.json,824,11.289000
off,run_05.json,825,0.800000
off,run_05.json,826,1.004000
off,run_05.json,827,1.739000
off,run_05.json,828,0.795000
off,run_05.json,829,0.759000
off,run_05.json,830,0.731000
off,run_05.json,831,9.469000
off,run_05.json,832,0.841000
off,run_05.json,833,1.009000
off,run_05.json,834,1.629000
off,run_05.json,835,0.826000
off,run_05.json,836,0.801000
off,run_05.json,837,1.463000
off,run_05.json,838,9.783000
off,run_05.json,839,0.800000
off,run_05.json,840,1.087000
off,run_05.json,841,0.763000
off,run_05.json,842,1.528000
off,run_05.json,843,0.693000
off,run_05.json,844,0.729000
off,run_05.json,845,1.539000
off,run_05.json,846,9.388000
off,run_05.json,847,0.773000
off,run_05.json,848,1.014000
off,run_05.json,849,0.780000
off,run_05.json,850,1.554000
off,run_05.json,851,0.731000
off,run_05.json,852,0.701000
off,run_05.json,853,1.490000
off,run_05.json,854,13.532000
off,run_05.json,855,0.824000
off,run_05.json,856,0.982000
off,run_05.json,857,1.758000
off,run_05.json,858,0.802000
off,run_05.json,859,0.733000
off,run_05.json,860,0.751000
off,run_05.json,861,10.975000
off,run_05.json,862,0.715000
off,run_05.json,863,1.084000
off,run_05.json,864,1.685000
off,run_05.json,865,0.671000
off,run_05.json,866,0.656000
off,run_05.json,867,0.729000
off,run_05.json,868,1.374000
off,run_05.json,869,9.673000
off,run_05.json,870,0.665000
off,run_05.json,871,1.023000
off,run_05.json,872,0.677000
off,run_05.json,873,1.629000
off,run_05.json,874,0.643000
off,run_05.json,875,0.714000
off,run_05.json,876,1.329000
off,run_05.json,877,10.079000
off,run_05.json,878,0.778000
off,run_05.json,879,1.071000
off,run_05.json,880,1.554000
off,run_05.json,881,0.741000
off,run_05.json,882,0.706000
off,run_05.json,883,0.718000
off,run_05.json,884,1.410000
off,run_05.json,885,9.569000
off,run_05.json,886,0.730000
off,run_05.json,887,1.041000
off,run_05.json,888,0.711000
off,run_05.json,889,1.757000
off,run_05.json,890,0.748000
off,run_05.json,891,0.746000
off,run_05.json,892,1.565000
off,run_05.json,893,9.038000
off,run_05.json,894,0.755000
off,run_05.json,895,1.020000
off,run_05.json,896,0.716000
off,run_05.json,897,1.557000
off,run_05.json,898,0.715000
off,run_05.json,899,0.712000
off,run_05.json,900,1.463000
off,run_05.json,901,9.216000
off,run_05.json,902,0.679000
off,run_05.json,903,1.003000
off,run_05.json,904,0.698000
off,run_05.json,905,1.495000
off,run_05.json,906,0.650000
off,run_05.json,907,0.672000
off,run_05.json,908,0.619000
off,run_05.json,909,1.435000
off,run_05.json,910,9.219000
off,run_05.json,911,0.733000
off,run_05.json,912,1.046000
off,run_05.json,913,0.613000
off,run_05.json,914,1.634000
off,run_05.json,915,0.643000
off,run_05.json,916,0.642000
off,run_05.json,917,1.414000
off,run_05.json,918,8.118000
off,run_05.json,919,0.688000
off,run_05.json,920,0.928000
off,run_05.json,921,0.702000
off,run_05.json,922,1.535000
off,run_05.json,923,0.673000
off,run_05.json,924,0.697000
off,run_05.json,925,1.359000
off,run_05.json,926,9.014000
off,run_05.json,927,0.741000
off,run_05.json,928,1.045000
off,run_05.json,929,1.681000
off,run_05.json,930,0.734000
off,run_05.json,931,0.707000
off,run_05.json,932,0.767000
off,run_05.json,933,1.381000
off,run_05.json,934,11.183000
off,run_05.json,935,0.825000
off,run_05.json,936,0.901000
off,run_05.json,937,0.763000
off,run_05.json,938,1.549000
off,run_05.json,939,0.689000
off,run_05.json,940,0.728000
off,run_05.json,941,1.419000
off,run_05.json,942,9.880000
off,run_05.json,943,0.718000
off,run_05.json,944,1.031000
off,run_05.json,945,0.696000
off,run_05.json,946,1.563000
off,run_05.json,947,0.719000
off,run_05.json,948,0.723000
off,run_05.json,949,1.319000
off,run_05.json,950,9.626000
off,run_05.json,951,0.723000
off,run_05.json,952,1.043000
off,run_05.json,953,1.687000
off,run_05.json,954,0.722000
off,run_05.json,955,0.722000
off,run_05.json,956,0.645000
off,run_05.json,957,1.292000
off,run_05.json,958,9.810000
off,run_05.json,959,0.776000
off,run_05.json,960,0.972000
off,run_05.json,961,1.735000
off,run_05.json,962,0.729000
off,run_05.json,963,0.649000
off,run_05.json,964,0.649000
off,run_05.json,965,1.435000
off,run_05.json,966,11.557000
off,run_05.json,967,0.821000
off,run_05.json,968,1.032000
off,run_05.json,969,1.796000
off,run_05.json,970,0.689000
off,run_05.json,971,1.402000
off,run_05.json,972,9.630000
off,run_05.json,973,0.965000
off,run_05.json,974,0.855000
off,run_05.json,975,1.747000
off,run_05.json,976,0.760000
off,run_05.json,977,0.729000
off,run_05.json,978,0.978000
off,run_05.json,979,11.080000
off,run_05.json,980,1.329000
off,run_05.json,981,0.753000
off,run_05.json,982,1.669000
off,run_05.json,983,0.784000
off,run_05.json,984,0.779000
off,run_05.json,985,1.391000
off,run_05.json,986,10.258000
off,run_05.json,987,0.719000
off,run_05.json,988,1.071000
off,run_05.json,989,1.803000
off,run_05.json,990,0.763000
off,run_05.json,991,0.772000
off,run_05.json,992,0.753000
off,run_05.json,993,11.368000
off,run_05.json,994,0.908000
off,run_05.json,995,0.846000
off,run_05.json,996,1.767000
off,run_05.json,997,0.863000
off,run_05.json,998,0.832000
off,run_05.json,999,1.321000
off,run_05.json,1000,10.375000
off,run_05.json,1001,0.738000
off,run_05.json,1002,1.043000
off,run_05.json,1003,1.672000
off,run_05.json,1004,0.655000
off,run_05.json,1005,0.893000
off,run_05.json,1006,0.743000
off,run_05.json,1007,9.260000
off,run_05.json,1008,0.796000
off,run_05.json,1009,0.862000
off,run_05.json,1010,0.615000
off,run_05.json,1011,1.631000
off,run_05.json,1012,0.729000
off,run_05.json,1013,0.729000
off,run_05.json,1014,1.539000
off,run_05.json,1015,8.100000
off,run_05.json,1016,0.926000
off,run_05.json,1017,0.978000
off,run_05.json,1018,1.662000
off,run_05.json,1019,0.770000
off,run_05.json,1020,0.729000
off,run_05.json,1021,0.680000
off,run_05.json,1022,1.415000
off,run_05.json,1023,9.278000
off,run_05.json,1024,3.374000
off,run_05.json,1025,0.908000
off,run_05.json,1026,0.924000
off,run_05.json,1027,0.708000
off,run_05.json,1028,10.758000
off,run_05.json,1029,0.710000
off,run_05.json,1030,1.051000
off,run_05.json,1031,1.784000
off,run_05.json,1032,0.765000
off,run_05.json,1033,0.768000
off,run_05.json,1034,0.691000
off,run_05.json,1035,1.437000
off,run_05.json,1036,9.474000
off,run_05.json,1037,0.712000
off,run_05.json,1038,1.016000
off,run_05.json,1039,0.720000
off,run_05.json,1040,1.518000
off,run_05.json,1041,0.729000
off,run_05.json,1042,0.701000
off,run_05.json,1043,1.323000
off,run_05.json,1044,9.973000
off,run_05.json,1045,0.733000
off,run_05.json,1046,2.393000
off,run_05.json,1047,0.625000
off,run_05.json,1048,0.750000
off,run_05.json,1049,0.700000
off,run_05.json,1050,1.454000
off,run_05.json,1051,9.875000
off,run_05.json,1052,0.859000
off,run_05.json,1053,0.925000
off,run_05.json,1054,1.857000
off,run_05.json,1055,0.775000
off,run_05.json,1056,0.775000
off,run_05.json,1057,2.085000
off,run_05.json,1058,10.284000
off,run_05.json,1059,0.740000
off,run_05.json,1060,0.988000
off,run_05.json,1061,1.774000
off,run_05.json,1062,0.618000
off,run_05.json,1063,0.707000
off,run_05.json,1064,0.734000
off,run_05.json,1065,1.222000
off,run_05.json,1066,10.864000
off,run_05.json,1067,0.929000
off,run_05.json,1068,0.894000
off,run_05.json,1069,1.696000
off,run_05.json,1070,0.885000
off,run_05.json,1071,0.728000
off,run_05.json,1072,0.783000
off,run_05.json,1073,11.242000
off,run_05.json,1074,0.900000
off,run_05.json,1075,0.891000
off,run_05.json,1076,1.667000
off,run_05.json,1077,0.746000
off,run_05.json,1078,0.722000
off,run_05.json,1079,0.767000
off,run_05.json,1080,1.397000
off,run_05.json,1081,10.440000
off,run_05.json,1082,0.686000
off,run_05.json,1083,1.072000
off,run_05.json,1084,2.126000
off,run_05.json,1085,0.992000
off,run_05.json,1086,0.848000
off,run_05.json,1087,1.669000
off,run_05.json,1088,9.755000
off,run_05.json,1089,0.795000
off,run_05.json,1090,0.978000
off,run_05.json,1091,1.802000
off,run_05.json,1092,0.729000
off,run_05.json,1093,0.802000
off,run_05.json,1094,1.466000
off,run_05.json,1095,10.682000
off,run_05.json,1096,0.955000
off,run_05.json,1097,1.038000
off,run_05.json,1098,1.390000
off,run_05.json,1099,0.763000
off,run_05.json,1100,0.778000
off,run_05.json,1101,0.843000
off,run_05.json,1102,11.416000
off,run_05.json,1103,1.352000
off,run_05.json,1104,0.939000
off,run_05.json,1105,1.599000
off,run_05.json,1106,0.792000
off,run_05.json,1107,0.740000
off,run_05.json,1108,1.465000
off,run_05.json,1109,10.041000
off,run_05.json,1110,0.907000
off,run_05.json,1111,1.087000
off,run_05.json,1112,1.757000
off,run_05.json,1113,0.739000
off,run_05.json,1114,0.767000
off,run_05.json,1115,1.472000
off,run_05.json,1116,9.468000
off,run_05.json,1117,0.878000
off,run_05.json,1118,0.999000
off,run_05.json,1119,1.702000
off,run_05.json,1120,0.851000
off,run_05.json,1121,0.709000
off,run_05.json,1122,0.752000
off,run_05.json,1123,9.664000
off,run_05.json,1124,0.821000
off,run_05.json,1125,1.060000
off,run_05.json,1126,1.650000
off,run_05.json,1127,0.868000
off,run_05.json,1128,0.832000
off,run_05.json,1129,1.423000
off,run_05.json,1130,9.595000
off,run_05.json,1131,0.908000
off,run_05.json,1132,1.041000
off,run_05.json,1133,1.535000
off,run_05.json,1134,0.747000
off,run_05.json,1135,0.730000
off,run_05.json,1136,0.760000
off,run_05.json,1137,1.419000
off,run_05.json,1138,8.640000
off,run_05.json,1139,0.692000
off,run_05.json,1140,1.019000
off,run_05.json,1141,0.721000
off,run_05.json,1142,1.596000
off,run_05.json,1143,0.704000
off,run_05.json,1144,0.719000
off,run_05.json,1145,1.496000
off,run_05.json,1146,9.032000
off,run_05.json,1147,0.808000
off,run_05.json,1148,0.971000
off,run_05.json,1149,1.781000
off,run_05.json,1150,0.856000
off,run_05.json,1151,0.722000
off,run_05.json,1152,0.720000
off,run_05.json,1153,9.710000
off,run_05.json,1154,1.302000
off,run_05.json,1155,0.852000
off,run_05.json,1156,1.447000
off,run_05.json,1157,0.923000
off,run_05.json,1158,0.795000
off,run_05.json,1159,1.382000
off,run_05.json,1160,9.868000
off,run_05.json,1161,0.770000
off,run_05.json,1162,0.994000
off,run_05.json,1163,1.778000
off,run_05.json,1164,0.708000
off,run_05.json,1165,0.720000
off,run_05.json,1166,0.727000
off,run_05.json,1167,10.754000
off,run_05.json,1168,0.618000
off,run_05.json,1169,1.140000
off,run_05.json,1170,0.744000
off,run_05.json,1171,1.429000
off,run_05.json,1172,0.641000
off,run_05.json,1173,0.674000
off,run_05.json,1174,0.666000
off,run_05.json,1175,10.793000
off,run_05.json,1176,0.803000
off,run_05.json,1177,1.131000
off,run_05.json,1178,1.504000
off,run_05.json,1179,0.750000
off,run_05.json,1180,0.699000
off,run_05.json,1181,0.702000
off,run_05.json,1182,1.381000
off,run_05.json,1183,9.834000
off,run_05.json,1184,0.774000
off,run_05.json,1185,0.938000
off,run_05.json,1186,1.639000
off,run_05.json,1187,0.733000
off,run_05.json,1188,0.735000
off,run_05.json,1189,0.663000
off,run_05.json,1190,1.413000
off,run_05.json,1191,9.704000
off,run_05.json,1192,0.660000
off,run_05.json,1193,1.073000
off,run_05.json,1194,1.744000
off,run_05.json,1195,0.742000
off,run_05.json,1196,0.633000
off,run_05.json,1197,0.727000
off,run_05.json,1198,1.388000
off,run_05.json,1199,9.885000
off,run_05.json,1200,0.716000
off,run_05.json,1201,1.046000
off,run_05.json,1202,1.604000
off,run_05.json,1203,0.688000
off,run_05.json,1204,0.674000
off,run_05.json,1205,0.709000
off,run_05.json,1206,1.378000
off,run_05.json,1207,9.681000
off,run_05.json,1208,0.789000
off,run_05.json,1209,0.914000
off,run_05.json,1210,0.714000
off,run_05.json,1211,1.507000
off,run_05.json,1212,0.638000
off,run_05.json,1213,0.697000
off,run_05.json,1214,1.408000
off,run_05.json,1215,10.047000
off,run_05.json,1216,0.767000
off,run_05.json,1217,1.085000
off,run_05.json,1218,1.692000
off,run_05.json,1219,0.745000
off,run_05.json,1220,0.646000
off,run_05.json,1221,0.717000
off,run_05.json,1222,1.410000
off,run_05.json,1223,9.384000
off,run_05.json,1224,0.633000
off,run_05.json,1225,1.019000
off,run_05.json,1226,0.577000
off,run_05.json,1227,1.652000
off,run_05.json,1228,0.611000
off,run_05.json,1229,0.739000
off,run_05.json,1230,0.749000
off,run_05.json,1231,0.750000
off,run_05.json,1232,1.267000
off,run_05.json,1233,8.742000
off,run_05.json,1234,0.655000
off,run_05.json,1235,0.904000
off,run_05.json,1236,0.660000
off,run_05.json,1237,1.574000
off,run_05.json,1238,0.710000
off,run_05.json,1239,0.727000
off,run_05.json,1240,0.692000
off,run_05.json,1241,0.644000
off,run_05.json,1242,1.408000
off,run_05.json,1243,8.719000
off,run_05.json,1244,0.746000
off,run_05.json,1245,0.973000
off,run_05.json,1246,1.716000
off,run_05.json,1247,0.650000
off,run_05.json,1248,0.673000
off,run_05.json,1249,0.716000
off,run_05.json,1250,0.670000
off,run_05.json,1251,0.687000
off,run_05.json,1252,9.780000
off,run_05.json,1253,0.838000
off,run_05.json,1254,0.974000
off,run_05.json,1255,1.889000
off,run_05.json,1256,0.729000
off,run_05.json,1257,0.737000
off,run_05.json,1258,0.982000
off,run_05.json,1259,1.576000
off,run_05.json,1260,8.861000
off,run_05.json,1261,0.705000
off,run_05.json,1262,1.038000
off,run_05.json,1263,0.767000
off,run_05.json,1264,1.646000
off,run_05.json,1265,0.763000
off,run_05.json,1266,0.680000
off,run_05.json,1267,0.773000
off,run_05.json,1268,1.454000
off,run_05.json,1269,9.211000
off,run_05.json,1270,0.858000
off,run_05.json,1271,0.989000
off,run_05.json,1272,1.703000
off,run_05.json,1273,0.805000
off,run_05.json,1274,0.755000
off,run_05.json,1275,0.789000
off,run_05.json,1276,0.701000
off,run_05.json,1277,9.692000
off,run_05.json,1278,0.753000
off,run_05.json,1279,1.036000
off,run_05.json,1280,1.705000
off,run_05.json,1281,0.706000
off,run_05.json,1282,0.681000
off,run_05.json,1283,0.728000
off,run_05.json,1284,0.719000
off,run_05.json,1285,1.375000
off,run_05.json,1286,9.046000
off,run_05.json,1287,0.661000
off,run_05.json,1288,1.072000
off,run_05.json,1289,1.740000
off,run_05.json,1290,0.723000
off,run_05.json,1291,0.749000
off,run_05.json,1292,0.651000
off,run_05.json,1293,0.746000
off,run_05.json,1294,1.450000
off,run_05.json,1295,8.903000
off,run_05.json,1296,0.771000
off,run_05.json,1297,1.009000
off,run_05.json,1298,1.770000
off,run_05.json,1299,0.823000
off,run_05.json,1300,0.830000
off,run_05.json,1301,0.701000
off,run_05.json,1302,0.738000
off,run_05.json,1303,1.459000
off,run_05.json,1304,8.497000
off,run_05.json,1305,0.829000
off,run_05.json,1306,1.205000
off,run_05.json,1307,1.491000
off,run_05.json,1308,0.740000
off,run_05.json,1309,0.799000
off,run_05.json,1310,0.779000
off,run_05.json,1311,0.744000
off,run_05.json,1312,1.349000
off,run_05.json,1313,8.702000
off,run_05.json,1314,0.725000
off,run_05.json,1315,1.051000
off,run_05.json,1316,0.804000
off,run_05.json,1317,1.585000
off,run_05.json,1318,0.743000
off,run_05.json,1319,0.672000
off,run_05.json,1320,0.742000
off,run_05.json,1321,1.490000
off,run_05.json,1322,8.881000
off,run_05.json,1323,0.869000
off,run_05.json,1324,1.094000
off,run_05.json,1325,1.739000
off,run_05.json,1326,0.919000
off,run_05.json,1327,0.802000
off,run_05.json,1328,0.801000
off,run_05.json,1329,0.717000
off,run_05.json,1330,9.935000
off,run_05.json,1331,0.951000
off,run_05.json,1332,1.139000
off,run_05.json,1333,1.536000
off,run_05.json,1334,0.851000
off,run_05.json,1335,0.857000
off,run_05.json,1336,0.708000
off,run_05.json,1337,0.808000
off,run_05.json,1338,11.074000
off,run_05.json,1339,0.912000
off,run_05.json,1340,1.047000
off,run_05.json,1341,1.628000
off,run_05.json,1342,0.805000
off,run_05.json,1343,0.761000
off,run_05.json,1344,0.813000
off,run_05.json,1345,0.826000
off,run_05.json,1346,10.449000
off,run_05.json,1347,0.827000
off,run_05.json,1348,1.015000
off,run_05.json,1349,1.870000
off,run_05.json,1350,0.902000
off,run_05.json,1351,0.887000
off,run_05.json,1352,0.822000
off,run_05.json,1353,1.579000
off,run_05.json,1354,7.068000
off,run_05.json,1355,1.032000
off,run_05.json,1356,0.940000
off,run_05.json,1357,1.563000
off,run_05.json,1358,0.802000
off,run_05.json,1359,0.863000
off,run_05.json,1360,0.746000
off,run_05.json,1361,0.809000
off,run_05.json,1362,9.596000
off,run_05.json,1363,1.017000
off,run_05.json,1364,1.099000
off,run_05.json,1365,1.346000
off,run_05.json,1366,0.733000
off,run_05.json,1367,0.764000
off,run_05.json,1368,0.695000
off,run_05.json,1369,0.769000
off,run_05.json,1370,1.542000
off,run_05.json,1371,8.616000
off,run_05.json,1372,0.750000
off,run_05.json,1373,1.076000
off,run_05.json,1374,1.717000
off,run_05.json,1375,0.862000
off,run_05.json,1376,0.805000
off,run_05.json,1377,0.746000
off,run_05.json,1378,0.794000
off,run_05.json,1379,1.478000
off,run_05.json,1380,12.510000
off,run_05.json,1381,0.999000
off,run_05.json,1382,0.925000
off,run_05.json,1383,1.778000
off,run_05.json,1384,0.854000
off,run_05.json,1385,0.699000
off,run_05.json,1386,0.804000
off,run_05.json,1387,2.091000
off,run_05.json,1388,8.325000
off,run_05.json,1389,0.674000
off,run_05.json,1390,1.030000
off,run_05.json,1391,1.785000
off,run_05.json,1392,0.709000
off,run_05.json,1393,0.707000
off,run_05.json,1394,0.737000
off,run_05.json,1395,0.743000
off,run_05.json,1396,1.406000
off,run_05.json,1397,9.029000
off,run_05.json,1398,2.332000
off,run_05.json,1399,1.098000
off,run_05.json,1400,0.930000
off,run_05.json,1401,0.856000
off,run_05.json,1402,0.692000
off,run_05.json,1403,0.742000
off,run_05.json,1404,1.389000
off,run_05.json,1405,8.481000
off,run_05.json,1406,0.753000
off,run_05.json,1407,1.027000
off,run_05.json,1408,1.820000
off,run_05.json,1409,0.742000
off,run_05.json,1410,0.700000
off,run_05.json,1411,0.899000
off,run_05.json,1412,1.074000
off,run_05.json,1413,9.501000
off,run_05.json,1414,0.815000
off,run_05.json,1415,1.075000
off,run_05.json,1416,1.817000
off,run_05.json,1417,0.828000
off,run_05.json,1418,0.790000
off,run_05.json,1419,0.704000
off,run_05.json,1420,0.734000
off,run_05.json,1421,1.470000
off,run_05.json,1422,8.128000
off,run_05.json,1423,0.966000
off,run_05.json,1424,0.890000
off,run_05.json,1425,1.591000
off,run_05.json,1426,0.755000
off,run_05.json,1427,0.761000
off,run_05.json,1428,0.662000
off,run_05.json,1429,0.698000
off,run_05.json,1430,1.392000
off,run_05.json,1431,8.856000
off,run_05.json,1432,1.405000
off,run_05.json,1433,0.885000
off,run_05.json,1434,1.447000
off,run_05.json,1435,0.742000
off,run_05.json,1436,0.792000
off,run_05.json,1437,0.675000
off,run_05.json,1438,0.693000
off,run_05.json,1439,8.143000
off,run_05.json,1440,0.677000
off,run_05.json,1441,1.043000
off,run_05.json,1442,1.740000
off,run_05.json,1443,0.642000
off,run_05.json,1444,0.710000
off,run_05.json,1445,0.724000
off,run_05.json,1446,0.655000
off,run_05.json,1447,0.734000
off,run_05.json,1448,8.252000
off,run_05.json,1449,0.726000
off,run_05.json,1450,1.050000
off,run_05.json,1451,1.681000
off,run_05.json,1452,0.768000
off,run_05.json,1453,0.713000
off,run_05.json,1454,0.768000
off,run_05.json,1455,0.751000
off,run_05.json,1456,1.390000
off,run_05.json,1457,10.200000
off,run_05.json,1458,0.946000
off,run_05.json,1459,0.937000
off,run_05.json,1460,1.580000
off,run_05.json,1461,0.791000
off,run_05.json,1462,0.727000
off,run_05.json,1463,0.836000
off,run_05.json,1464,0.751000
off,run_05.json,1465,1.446000
off,run_05.json,1466,9.301000
off,run_05.json,1467,0.931000
off,run_05.json,1468,0.937000
off,run_05.json,1469,1.628000
off,run_05.json,1470,0.781000
off,run_05.json,1471,0.798000
off,run_05.json,1472,0.744000
off,run_05.json,1473,0.697000
off,run_05.json,1474,9.669000
off,run_05.json,1475,0.738000
off,run_05.json,1476,1.151000
off,run_05.json,1477,1.602000
off,run_05.json,1478,0.768000
off,run_05.json,1479,0.760000
off,run_05.json,1480,0.759000
off,run_05.json,1481,0.676000
off,run_05.json,1482,1.404000
off,run_05.json,1483,9.017000
off,run_05.json,1484,0.773000
off,run_05.json,1485,1.037000
off,run_05.json,1486,1.655000
off,run_05.json,1487,0.748000
off,run_05.json,1488,0.965000
off,run_05.json,1489,0.784000
off,run_05.json,1490,0.697000
off,run_05.json,1491,1.449000
off,run_05.json,1492,8.775000
off,run_05.json,1493,0.782000
off,run_05.json,1494,1.025000
off,run_05.json,1495,1.734000
off,run_05.json,1496,0.803000
off,run_05.json,1497,0.805000
off,run_05.json,1498,0.725000
off,run_05.json,1499,0.747000
off,run_05.json,1500,10.184000
off,run_05.json,1501,0.873000
off,run_05.json,1502,1.007000
off,run_05.json,1503,1.684000
off,run_05.json,1504,0.803000
off,run_05.json,1505,0.798000
off,run_05.json,1506,0.684000
off,run_05.json,1507,0.692000
off,run_05.json,1508,1.426000
off,run_05.json,1509,9.149000
off,run_05.json,1510,0.770000
off,run_05.json,1511,1.121000
off,run_05.json,1512,1.615000
off,run_05.json,1513,0.755000
off,run_05.json,1514,0.811000
off,run_05.json,1515,0.690000
off,run_05.json,1516,0.758000
off,run_05.json,1517,1.479000
off,run_05.json,1518,9.235000
off,run_05.json,1519,0.916000
off,run_05.json,1520,1.057000
off,run_05.json,1521,1.573000
off,run_05.json,1522,0.898000
off,run_05.json,1523,0.659000
off,run_05.json,1524,0.745000
off,run_05.json,1525,0.602000
off,run_05.json,1526,1.356000
off,run_05.json,1527,9.427000
off,run_05.json,1528,0.882000
off,run_05.json,1529,1.088000
off,run_05.json,1530,1.688000
off,run_05.json,1531,0.641000
off,run_05.json,1532,0.689000
off,run_05.json,1533,0.683000
off,run_05.json,1534,0.638000
off,run_05.json,1535,1.382000
off,run_05.json,1536,7.171000
off,run_05.json,1537,0.710000
off,run_05.json,1538,0.688000
off,run_05.json,1539,0.663000
off,run_05.json,1540,2.096000
off,run_05.json,1541,0.690000
off,run_05.json,1542,0.673000
off,run_05.json,1543,0.704000
off,run_05.json,1544,0.719000
off,run_05.json,1545,8.180000
off,run_05.json,1546,0.684000
off,run_05.json,1547,1.067000
off,run_05.json,1548,1.791000
off,run_05.json,1549,0.671000
off,run_05.json,1550,0.654000
off,run_05.json,1551,0.743000
off,run_05.json,1552,0.655000
off,run_05.json,1553,1.383000
off,run_05.json,1554,8.724000
off,run_05.json,1555,0.926000
off,run_05.json,1556,0.955000
off,run_05.json,1557,1.500000
off,run_05.json,1558,0.803000
off,run_05.json,1559,0.723000
off,run_05.json,1560,0.803000
off,run_05.json,1561,0.723000
off,run_05.json,1562,1.349000
off,run_05.json,1563,8.942000
off,run_05.json,1564,0.783000
off,run_05.json,1565,1.017000
off,run_05.json,1566,1.805000
off,run_05.json,1567,0.890000
off,run_05.json,1568,0.796000
off,run_05.json,1569,0.830000
off,run_05.json,1570,0.823000
off,run_05.json,1571,9.822000
off,run_05.json,1572,1.025000
off,run_05.json,1573,1.007000
off,run_05.json,1574,1.380000
off,run_05.json,1575,0.738000
off,run_05.json,1576,0.745000
off,run_05.json,1577,0.675000
off,run_05.json,1578,0.694000
off,run_05.json,1579,1.545000
off,run_05.json,1580,8.742000
off,run_05.json,1581,0.715000
off,run_05.json,1582,1.029000
off,run_05.json,1583,1.652000
off,run_05.json,1584,0.755000
off,run_05.json,1585,0.649000
off,run_05.json,1586,0.748000
off,run_05.json,1587,0.723000
off,run_05.json,1588,1.278000
off,run_05.json,1589,10.518000
off,run_05.json,1590,0.774000
off,run_05.json,1591,1.097000
off,run_05.json,1592,1.579000
off,run_05.json,1593,0.733000
off,run_05.json,1594,0.705000
off,run_05.json,1595,0.689000
off,run_05.json,1596,0.723000
off,run_05.json,1597,1.454000
off,run_05.json,1598,9.554000
off,run_05.json,1599,0.002000
off,run_06.json,0,12.787000
off,run_06.json,1,0.685000
off,run_06.json,2,0.934000
off,run_06.json,3,0.743000
off,run_06.json,4,1.402000
off,run_06.json,5,1.588000
off,run_06.json,6,11.395000
off,run_06.json,7,0.756000
off,run_06.json,8,1.031000
off,run_06.json,9,1.764000
off,run_06.json,10,14.412000
off,run_06.json,11,0.745000
off,run_06.json,12,1.148000
off,run_06.json,13,1.551000
off,run_06.json,14,1.682000
off,run_06.json,15,11.671000
off,run_06.json,16,0.919000
off,run_06.json,17,1.083000
off,run_06.json,18,1.663000
off,run_06.json,19,13.483000
off,run_06.json,20,0.923000
off,run_06.json,21,0.900000
off,run_06.json,22,1.512000
off,run_06.json,23,2.911000
off,run_06.json,24,10.794000
off,run_06.json,25,0.967000
off,run_06.json,26,0.899000
off,run_06.json,27,1.528000
off,run_06.json,28,1.518000
off,run_06.json,29,12.693000
off,run_06.json,30,1.538000
off,run_06.json,31,0.730000
off,run_06.json,32,2.199000
off,run_06.json,33,13.762000
off,run_06.json,34,0.249000
off,run_06.json,35,1.685000
off,run_06.json,36,1.374000
off,run_06.json,37,11.794000
off,run_06.json,38,0.742000
off,run_06.json,39,0.936000
off,run_06.json,40,1.647000
off,run_06.json,41,1.442000
off,run_06.json,42,12.302000
off,run_06.json,43,0.764000
off,run_06.json,44,1.000000
off,run_06.json,45,1.689000
off,run_06.json,46,1.360000
off,run_06.json,47,12.225000
off,run_06.json,48,0.834000
off,run_06.json,49,0.960000
off,run_06.json,50,1.907000
off,run_06.json,51,1.835000
off,run_06.json,52,11.640000
off,run_06.json,53,1.020000
off,run_06.json,54,1.081000
off,run_06.json,55,1.460000
off,run_06.json,56,1.505000
off,run_06.json,57,11.901000
off,run_06.json,58,1.219000
off,run_06.json,59,0.879000
off,run_06.json,60,1.507000
off,run_06.json,61,13.113000
off,run_06.json,62,0.872000
off,run_06.json,63,0.810000
off,run_06.json,64,1.630000
off,run_06.json,65,1.535000
off,run_06.json,66,11.549000
off,run_06.json,67,0.899000
off,run_06.json,68,1.093000
off,run_06.json,69,1.414000
off,run_06.json,70,1.352000
off,run_06.json,71,11.314000
off,run_06.json,72,0.812000
off,run_06.json,73,0.816000
off,run_06.json,74,0.612000
off,run_06.json,75,1.482000
off,run_06.json,76,1.596000
off,run_06.json,77,10.610000
off,run_06.json,78,0.795000
off,run_06.json,79,0.922000
off,run_06.json,80,1.712000
off,run_06.json,81,1.440000
off,run_06.json,82,11.151000
off,run_06.json,83,0.790000
off,run_06.json,84,1.024000
off,run_06.json,85,1.700000
off,run_06.json,86,3.100000
off,run_06.json,87,9.656000
off,run_06.json,88,0.895000
off,run_06.json,89,0.740000
off,run_06.json,90,0.940000
off,run_06.json,91,0.708000
off,run_06.json,92,13.149000
off,run_06.json,93,0.803000
off,run_06.json,94,0.983000
off,run_06.json,95,0.890000
off,run_06.json,96,0.624000
off,run_06.json,97,12.479000
off,run_06.json,98,0.789000
off,run_06.json,99,0.966000
off,run_06.json,100,0.711000
off,run_06.json,101,2.259000
off,run_06.json,102,10.702000
off,run_06.json,103,0.876000
off,run_06.json,104,0.916000
off,run_06.json,105,1.596000
off,run_06.json,106,1.485000
off,run_06.json,107,12.157000
off,run_06.json,108,1.372000
off,run_06.json,109,0.713000
off,run_06.json,110,1.516000
off,run_06.json,111,12.910000
off,run_06.json,112,0.911000
off,run_06.json,113,0.962000
off,run_06.json,114,1.340000
off,run_06.json,115,1.485000
off,run_06.json,116,11.826000
off,run_06.json,117,0.752000
off,run_06.json,118,0.984000
off,run_06.json,119,1.571000
off,run_06.json,120,1.355000
off,run_06.json,121,11.989000
off,run_06.json,122,0.873000
off,run_06.json,123,0.798000
off,run_06.json,124,1.568000
off,run_06.json,125,0.727000
off,run_06.json,126,0.659000
off,run_06.json,127,1.283000
off,run_06.json,128,10.738000
off,run_06.json,129,0.718000
off,run_06.json,130,0.908000
off,run_06.json,131,0.659000
off,run_06.json,132,1.432000
off,run_06.json,133,0.706000
off,run_06.json,134,1.381000
off,run_06.json,135,10.963000
off,run_06.json,136,0.661000
off,run_06.json,137,1.105000
off,run_06.json,138,1.647000
off,run_06.json,139,1.419000
off,run_06.json,140,12.032000
off,run_06.json,141,1.032000
off,run_06.json,142,0.719000
off,run_06.json,143,1.496000
off,run_06.json,144,1.387000
off,run_06.json,145,11.716000
off,run_06.json,146,0.734000
off,run_06.json,147,0.896000
off,run_06.json,148,1.678000
off,run_06.json,149,0.637000
off,run_06.json,150,0.631000
off,run_06.json,151,1.331000
off,run_06.json,152,10.627000
off,run_06.json,153,0.613000
off,run_06.json,154,0.948000
off,run_06.json,155,0.590000
off,run_06.json,156,1.548000
off,run_06.json,157,0.648000
off,run_06.json,158,1.364000
off,run_06.json,159,11.226000
off,run_06.json,160,1.033000
off,run_06.json,161,1.115000
off,run_06.json,162,1.291000
off,run_06.json,163,0.724000
off,run_06.json,164,1.441000
off,run_06.json,165,10.972000
off,run_06.json,166,0.773000
off,run_06.json,167,0.908000
off,run_06.json,168,1.698000
off,run_06.json,169,0.702000
off,run_06.json,170,0.656000
off,run_06.json,171,12.086000
off,run_06.json,172,0.648000
off,run_06.json,173,0.987000
off,run_06.json,174,0.666000
off,run_06.json,175,1.409000
off,run_06.json,176,0.669000
off,run_06.json,177,1.454000
off,run_06.json,178,10.534000
off,run_06.json,179,0.653000
off,run_06.json,180,0.947000
off,run_06.json,181,0.621000
off,run_06.json,182,1.448000
off,run_06.json,183,0.651000
off,run_06.json,184,0.604000
off,run_06.json,185,11.781000
off,run_06.json,186,0.601000
off,run_06.json,187,0.948000
off,run_06.json,188,0.630000
off,run_06.json,189,1.375000
off,run_06.json,190,0.649000
off,run_06.json,191,0.640000
off,run_06.json,192,11.728000
off,run_06.json,193,0.647000
off,run_06.json,194,0.911000
off,run_06.json,195,0.641000
off,run_06.json,196,1.482000
off,run_06.json,197,0.688000
off,run_06.json,198,0.614000
off,run_06.json,199,12.007000
off,run_06.json,200,1.049000
off,run_06.json,201,0.639000
off,run_06.json,202,1.520000
off,run_06.json,203,0.787000
off,run_06.json,204,1.392000
off,run_06.json,205,11.249000
off,run_06.json,206,1.223000
off,run_06.json,207,0.748000
off,run_06.json,208,1.497000
off,run_06.json,209,0.684000
off,run_06.json,210,1.478000
off,run_06.json,211,10.956000
off,run_06.json,212,0.845000
off,run_06.json,213,0.960000
off,run_06.json,214,1.780000
off,run_06.json,215,0.754000
off,run_06.json,216,1.422000
off,run_06.json,217,10.966000
off,run_06.json,218,0.953000
off,run_06.json,219,0.944000
off,run_06.json,220,1.695000
off,run_06.json,221,0.726000
off,run_06.json,222,1.337000
off,run_06.json,223,10.962000
off,run_06.json,224,0.973000
off,run_06.json,225,0.945000
off,run_06.json,226,1.543000
off,run_06.json,227,0.749000
off,run_06.json,228,1.408000
off,run_06.json,229,11.109000
off,run_06.json,230,0.799000
off,run_06.json,231,0.894000
off,run_06.json,232,0.631000
off,run_06.json,233,1.541000
off,run_06.json,234,0.662000
off,run_06.json,235,1.542000
off,run_06.json,236,10.514000
off,run_06.json,237,0.929000
off,run_06.json,238,1.004000
off,run_06.json,239,1.489000
off,run_06.json,240,0.797000
off,run_06.json,241,1.474000
off,run_06.json,242,10.948000
off,run_06.json,243,0.855000
off,run_06.json,244,1.102000
off,run_06.json,245,1.760000
off,run_06.json,246,0.509000
off,run_06.json,247,1.503000
off,run_06.json,248,10.851000
off,run_06.json,249,0.759000
off,run_06.json,250,1.068000
off,run_06.json,251,1.704000
off,run_06.json,252,0.705000
off,run_06.json,253,0.652000
off,run_06.json,254,11.841000
off,run_06.json,255,0.793000
off,run_06.json,256,0.985000
off,run_06.json,257,1.752000
off,run_06.json,258,0.657000
off,run_06.json,259,1.493000
off,run_06.json,260,10.960000
off,run_06.json,261,0.937000
off,run_06.json,262,0.784000
off,run_06.json,263,1.746000
off,run_06.json,264,0.777000
off,run_06.json,265,1.488000
off,run_06.json,266,11.052000
off,run_06.json,267,0.835000
off,run_06.json,268,1.088000
off,run_06.json,269,1.366000
off,run_06.json,270,0.764000
off,run_06.json,271,0.634000
off,run_06.json,272,11.920000
off,run_06.json,273,0.810000
off,run_06.json,274,0.953000
off,run_06.json,275,1.802000
off,run_06.json,276,0.701000
off,run_06.json,277,1.384000
off,run_06.json,278,10.794000
off,run_06.json,279,0.636000
off,run_06.json,280,1.049000
off,run_06.json,281,0.735000
off,run_06.json,282,1.498000
off,run_06.json,283,0.699000
off,run_06.json,284,1.401000
off,run_06.json,285,11.692000
off,run_06.json,286,0.790000
off,run_06.json,287,1.031000
off,run_06.json,288,1.613000
off,run_06.json,289,0.733000
off,run_06.json,290,1.359000
off,run_06.json,291,11.706000
off,run_06.json,292,0.861000
off,run_06.json,293,0.924000
off,run_06.json,294,1.882000
off,run_06.json,295,0.683000
off,run_06.json,296,1.541000
off,run_06.json,297,11.108000
off,run_06.json,298,0.816000
off,run_06.json,299,0.916000
off,run_06.json,300,0.799000
off,run_06.json,301,1.497000
off,run_06.json,302,0.709000
off,run_06.json,303,1.452000
off,run_06.json,304,8.724000
off,run_06.json,305,0.702000
off,run_06.json,306,1.031000
off,run_06.json,307,1.755000
off,run_06.json,308,0.682000
off,run_06.json,309,0.716000
off,run_06.json,310,11.680000
off,run_06.json,311,0.840000
off,run_06.json,312,0.921000
off,run_06.json,313,1.736000
off,run_06.json,314,0.747000
off,run_06.json,315,1.392000
off,run_06.json,316,10.961000
off,run_06.json,317,0.761000
off,run_06.json,318,0.944000
off,run_06.json,319,0.689000
off,run_06.json,320,1.509000
off,run_06.json,321,0.703000
off,run_06.json,322,1.458000
off,run_06.json,323,10.730000
off,run_06.json,324,0.753000
off,run_06.json,325,0.990000
off,run_06.json,326,1.707000
off,run_06.json,327,0.702000
off,run_06.json,328,0.714000
off,run_06.json,329,15.597000
off,run_06.json,330,0.796000
off,run_06.json,331,0.994000
off,run_06.json,332,1.602000
off,run_06.json,333,0.656000
off,run_06.json,334,0.690000
off,run_06.json,335,1.351000
off,run_06.json,336,10.653000
off,run_06.json,337,0.699000
off,run_06.json,338,0.938000
off,run_06.json,339,0.719000
off,run_06.json,340,1.437000
off,run_06.json,341,0.728000
off,run_06.json,342,1.488000
off,run_06.json,343,10.671000
off,run_06.json,344,0.680000
off,run_06.json,345,1.001000
off,run_06.json,346,0.662000
off,run_06.json,347,1.540000
off,run_06.json,348,0.626000
off,run_06.json,349,1.367000
off,run_06.json,350,10.819000
off,run_06.json,351,0.885000
off,run_06.json,352,0.734000
off,run_06.json,353,0.662000
off,run_06.json,354,1.543000
off,run_06.json,355,0.695000
off,run_06.json,356,1.348000
off,run_06.json,357,10.525000
off,run_06.json,358,0.669000
off,run_06.json,359,1.003000
off,run_06.json,360,0.688000
off,run_06.json,361,1.480000
off,run_06.json,362,0.677000
off,run_06.json,363,1.327000
off,run_06.json,364,12.159000
off,run_06.json,365,0.666000
off,run_06.json,366,1.770000
off,run_06.json,367,0.707000
off,run_06.json,368,1.391000
off,run_06.json,369,10.458000
off,run_06.json,370,0.848000
off,run_06.json,371,0.836000
off,run_06.json,372,0.721000
off,run_06.json,373,1.411000
off,run_06.json,374,2.119000
off,run_06.json,375,0.139000
off,run_06.json,376,10.419000
off,run_06.json,377,0.646000
off,run_06.json,378,0.984000
off,run_06.json,379,0.661000
off,run_06.json,380,1.517000
off,run_06.json,381,0.622000
off,run_06.json,382,1.388000
off,run_06.json,383,10.697000
off,run_06.json,384,0.708000
off,run_06.json,385,1.034000
off,run_06.json,386,0.761000
off,run_06.json,387,1.472000
off,run_06.json,388,0.773000
off,run_06.json,389,1.349000
off,run_06.json,390,9.420000
off,run_06.json,391,0.745000
off,run_06.json,392,0.943000
off,run_06.json,393,1.812000
off,run_06.json,394,0.827000
off,run_06.json,395,1.338000
off,run_06.json,396,9.159000
off,run_06.json,397,0.807000
off,run_06.json,398,0.846000
off,run_06.json,399,0.755000
off,run_06.json,400,1.521000
off,run_06.json,401,0.631000
off,run_06.json,402,1.428000
off,run_06.json,403,10.711000
off,run_06.json,404,0.783000
off,run_06.json,405,0.994000
off,run_06.json,406,1.822000
off,run_06.json,407,0.730000
off,run_06.json,408,1.469000
off,run_06.json,409,12.541000
off,run_06.json,410,0.803000
off,run_06.json,411,1.005000
off,run_06.json,412,1.576000
off,run_06.json,413,0.703000
off,run_06.json,414,0.650000
off,run_06.json,415,1.387000
off,run_06.json,416,10.460000
off,run_06.json,417,0.656000
off,run_06.json,418,1.171000
off,run_06.json,419,0.752000
off,run_06.json,420,1.398000
off,run_06.json,421,0.687000
off,run_06.json,422,1.452000
off,run_06.json,423,10.425000
off,run_06.json,424,0.738000
off,run_06.json,425,0.947000
off,run_06.json,426,0.752000
off,run_06.json,427,1.469000
off,run_06.json,428,0.719000
off,run_06.json,429,1.177000
off,run_06.json,430,10.836000
off,run_06.json,431,0.731000
off,run_06.json,432,0.896000
off,run_06.json,433,0.670000
off,run_06.json,434,1.600000
off,run_06.json,435,0.716000
off,run_06.json,436,1.395000
off,run_06.json,437,10.691000
off,run_06.json,438,0.746000
off,run_06.json,439,1.029000
off,run_06.json,440,0.707000
off,run_06.json,441,1.556000
off,run_06.json,442,0.793000
off,run_06.json,443,12.127000
off,run_06.json,444,0.822000
off,run_06.json,445,0.948000
off,run_06.json,446,1.495000
off,run_06.json,447,0.737000
off,run_06.json,448,0.744000
off,run_06.json,449,11.984000
off,run_06.json,450,0.695000
off,run_06.json,451,0.996000
off,run_06.json,452,1.648000
off,run_06.json,453,0.809000
off,run_06.json,454,0.719000
off,run_06.json,455,11.945000
off,run_06.json,456,0.656000
off,run_06.json,457,1.030000
off,run_06.json,458,0.774000
off,run_06.json,459,1.455000
off,run_06.json,460,0.644000
off,run_06.json,461,1.406000
off,run_06.json,462,11.356000
off,run_06.json,463,0.713000
off,run_06.json,464,0.938000
off,run_06.json,465,0.724000
off,run_06.json,466,1.532000
off,run_06.json,467,0.742000
off,run_06.json,468,1.486000
off,run_06.json,469,10.833000
off,run_06.json,470,0.728000
off,run_06.json,471,0.928000
off,run_06.json,472,0.732000
off,run_06.json,473,1.455000
off,run_06.json,474,0.682000
off,run_06.json,475,1.285000
off,run_06.json,476,11.465000
off,run_06.json,477,0.625000
off,run_06.json,478,0.961000
off,run_06.json,479,0.596000
off,run_06.json,480,1.495000
off,run_06.json,481,0.636000
off,run_06.json,482,1.319000
off,run_06.json,483,9.817000
off,run_06.json,484,0.977000
off,run_06.json,485,0.583000
off,run_06.json,486,1.550000
off,run_06.json,487,0.635000
off,run_06.json,488,0.617000
off,run_06.json,489,1.359000
off,run_06.json,490,8.796000
off,run_06.json,491,0.695000
off,run_06.json,492,1.026000
off,run_06.json,493,0.709000
off,run_06.json,494,1.476000
off,run_06.json,495,0.655000
off,run_06.json,496,0.699000
off,run_06.json,497,0.616000
off,run_06.json,498,10.521000
off,run_06.json,499,0.759000
off,run_06.json,500,0.915000
off,run_06.json,501,0.732000
off,run_06.json,502,1.492000
off,run_06.json,503,0.661000
off,run_06.json,504,1.344000
off,run_06.json,505,10.665000
off,run_06.json,506,0.683000
off,run_06.json,507,0.989000
off,run_06.json,508,1.690000
off,run_06.json,509,0.630000
off,run_06.json,510,0.667000
off,run_06.json,511,0.663000
off,run_06.json,512,1.306000
off,run_06.json,513,10.211000
off,run_06.json,514,0.703000
off,run_06.json,515,0.988000
off,run_06.json,516,1.611000
off,run_06.json,517,0.715000
off,run_06.json,518,0.616000
off,run_06.json,519,1.441000
off,run_06.json,520,10.423000
off,run_06.json,521,0.806000
off,run_06.json,522,0.935000
off,run_06.json,523,0.701000
off,run_06.json,524,1.401000
off,run_06.json,525,0.693000
off,run_06.json,526,0.680000
off,run_06.json,527,0.632000
off,run_06.json,528,10.829000
off,run_06.json,529,0.656000
off,run_06.json,530,0.974000
off,run_06.json,531,0.689000
off,run_06.json,532,1.475000
off,run_06.json,533,0.634000
off,run_06.json,534,0.628000
off,run_06.json,535,0.669000
off,run_06.json,536,1.382000
off,run_06.json,537,10.435000
off,run_06.json,538,0.625000
off,run_06.json,539,0.938000
off,run_06.json,540,0.648000
off,run_06.json,541,1.442000
off,run_06.json,542,0.718000
off,run_06.json,543,0.634000
off,run_06.json,544,0.596000
off,run_06.json,545,1.362000
off,run_06.json,546,10.710000
off,run_06.json,547,0.628000
off,run_06.json,548,1.005000
off,run_06.json,549,0.654000
off,run_06.json,550,1.493000
off,run_06.json,551,0.631000
off,run_06.json,552,0.640000
off,run_06.json,553,0.620000
off,run_06.json,554,1.295000
off,run_06.json,555,10.605000
off,run_06.json,556,0.649000
off,run_06.json,557,0.937000
off,run_06.json,558,0.617000
off,run_06.json,559,1.534000
off,run_06.json,560,0.643000
off,run_06.json,561,0.664000
off,run_06.json,562,0.621000
off,run_06.json,563,1.448000
off,run_06.json,564,10.081000
off,run_06.json,565,0.642000
off,run_06.json,566,1.007000
off,run_06.json,567,0.642000
off,run_06.json,568,1.543000
off,run_06.json,569,0.633000
off,run_06.json,570,0.615000
off,run_06.json,571,0.612000
off,run_06.json,572,1.337000
off,run_06.json,573,10.571000
off,run_06.json,574,0.715000
off,run_06.json,575,0.954000
off,run_06.json,576,0.822000
off,run_06.json,577,1.517000
off,run_06.json,578,1.005000
off,run_06.json,579,0.790000
off,run_06.json,580,11.231000
off,run_06.json,581,0.690000
off,run_06.json,582,0.984000
off,run_06.json,583,0.650000
off,run_06.json,584,1.601000
off,run_06.json,585,0.731000
off,run_06.json,586,0.657000
off,run_06.json,587,1.437000
off,run_06.json,588,10.070000
off,run_06.json,589,0.733000
off,run_06.json,590,0.904000
off,run_06.json,591,0.712000
off,run_06.json,592,1.418000
off,run_06.json,593,0.659000
off,run_06.json,594,0.678000
off,run_06.json,595,0.637000
off,run_06.json,596,1.387000
off,run_06.json,597,8.943000
off,run_06.json,598,0.809000
off,run_06.json,599,0.894000
off,run_06.json,600,1.665000
off,run_06.json,601,0.680000
off,run_06.json,602,0.637000
off,run_06.json,603,0.661000
off,run_06.json,604,1.297000
off,run_06.json,605,8.880000
off,run_06.json,606,0.787000
off,run_06.json,607,0.841000
off,run_06.json,608,1.753000
off,run_06.json,609,0.783000
off,run_06.json,610,0.735000
off,run_06.json,611,0.696000
off,run_06.json,612,1.291000
off,run_06.json,613,9.098000
off,run_06.json,614,0.704000
off,run_06.json,615,0.893000
off,run_06.json,616,0.657000
off,run_06.json,617,1.507000
off,run_06.json,618,0.666000
off,run_06.json,619,0.583000
off,run_06.json,620,0.629000
off,run_06.json,621,1.323000
off,run_06.json,622,9.141000
off,run_06.json,623,0.699000
off,run_06.json,624,0.928000
off,run_06.json,625,0.613000
off,run_06.json,626,1.476000
off,run_06.json,627,0.655000
off,run_06.json,628,0.579000
off,run_06.json,629,0.627000
off,run_06.json,630,1.421000
off,run_06.json,631,7.942000
off,run_06.json,632,0.707000
off,run_06.json,633,0.925000
off,run_06.json,634,0.620000
off,run_06.json,635,1.506000
off,run_06.json,636,0.588000
off,run_06.json,637,0.595000
off,run_06.json,638,0.621000
off,run_06.json,639,1.378000
off,run_06.json,640,9.734000
off,run_06.json,641,0.696000
off,run_06.json,642,0.879000
off,run_06.json,643,0.582000
off,run_06.json,644,1.544000
off,run_06.json,645,0.575000
off,run_06.json,646,0.725000
off,run_06.json,647,0.664000
off,run_06.json,648,1.257000
off,run_06.json,649,9.635000
off,run_06.json,650,0.647000
off,run_06.json,651,0.943000
off,run_06.json,652,0.670000
off,run_06.json,653,1.375000
off,run_06.json,654,0.661000
off,run_06.json,655,0.618000
off,run_06.json,656,0.638000
off,run_06.json,657,1.342000
off,run_06.json,658,9.888000
off,run_06.json,659,0.640000
off,run_06.json,660,0.951000
off,run_06.json,661,0.640000
off,run_06.json,662,1.500000
off,run_06.json,663,0.650000
off,run_06.json,664,0.566000
off,run_06.json,665,0.642000
off,run_06.json,666,1.361000
off,run_06.json,667,9.716000
off,run_06.json,668,0.739000
off,run_06.json,669,0.842000
off,run_06.json,670,0.647000
off,run_06.json,671,1.407000
off,run_06.json,672,0.607000
off,run_06.json,673,0.643000
off,run_06.json,674,0.605000
off,run_06.json,675,1.362000
off,run_06.json,676,9.759000
off,run_06.json,677,0.617000
off,run_06.json,678,0.926000
off,run_06.json,679,0.678000
off,run_06.json,680,1.430000
off,run_06.json,681,0.602000
off,run_06.json,682,0.681000
off,run_06.json,683,0.611000
off,run_06.json,684,1.463000
off,run_06.json,685,9.635000
off,run_06.json,686,0.634000
off,run_06.json,687,0.951000
off,run_06.json,688,0.611000
off,run_06.json,689,1.532000
off,run_06.json,690,0.673000
off,run_06.json,691,0.591000
off,run_06.json,692,0.664000
off,run_06.json,693,1.320000
off,run_06.json,694,9.766000
off,run_06.json,695,0.689000
off,run_06.json,696,0.907000
off,run_06.json,697,0.564000
off,run_06.json,698,1.582000
off,run_06.json,699,0.803000
off,run_06.json,700,0.637000
off,run_06.json,701,0.675000
off,run_06.json,702,10.833000
off,run_06.json,703,0.656000
off,run_06.json,704,0.869000
off,run_06.json,705,1.942000
off,run_06.json,706,0.486000
off,run_06.json,707,0.550000
off,run_06.json,708,0.577000
off,run_06.json,709,0.557000
off,run_06.json,710,1.335000
off,run_06.json,711,9.588000
off,run_06.json,712,0.575000
off,run_06.json,713,0.895000
off,run_06.json,714,0.556000
off,run_06.json,715,1.530000
off,run_06.json,716,1.947000
off,run_06.json,717,1.145000
off,run_06.json,718,10.008000
off,run_06.json,719,0.643000
off,run_06.json,720,0.995000
off,run_06.json,721,0.601000
off,run_06.json,722,1.482000
off,run_06.json,723,0.593000
off,run_06.json,724,0.739000
off,run_06.json,725,0.647000
off,run_06.json,726,1.316000
off,run_06.json,727,9.515000
off,run_06.json,728,0.663000
off,run_06.json,729,1.071000
off,run_06.json,730,0.720000
off,run_06.json,731,1.400000
off,run_06.json,732,0.701000
off,run_06.json,733,0.730000
off,run_06.json,734,1.310000
off,run_06.json,735,10.183000
off,run_06.json,736,0.708000
off,run_06.json,737,1.033000
off,run_06.json,738,1.702000
off,run_06.json,739,0.687000
off,run_06.json,740,0.743000
off,run_06.json,741,0.700000
off,run_06.json,742,1.249000
off,run_06.json,743,9.860000
off,run_06.json,744,0.727000
off,run_06.json,745,1.010000
off,run_06.json,746,1.592000
off,run_06.json,747,0.826000
off,run_06.json,748,0.657000
off,run_06.json,749,0.667000
off,run_06.json,750,1.340000
off,run_06.json,751,9.808000
off,run_06.json,752,0.829000
off,run_06.json,753,0.811000
off,run_06.json,754,0.769000
off,run_06.json,755,1.402000
off,run_06.json,756,0.699000
off,run_06.json,757,0.698000
off,run_06.json,758,1.400000
off,run_06.json,759,10.138000
off,run_06.json,760,0.689000
off,run_06.json,761,0.947000
off,run_06.json,762,0.692000
off,run_06.json,763,1.472000
off,run_06.json,764,0.644000
off,run_06.json,765,0.646000
off,run_06.json,766,0.687000
off,run_06.json,767,1.335000
off,run_06.json,768,9.765000
off,run_06.json,769,1.289000
off,run_06.json,770,0.744000
off,run_06.json,771,1.614000
off,run_06.json,772,0.793000
off,run_06.json,773,0.803000
off,run_06.json,774,1.336000
off,run_06.json,775,9.818000
off,run_06.json,776,0.707000
off,run_06.json,777,1.018000
off,run_06.json,778,1.584000
off,run_06.json,779,0.669000
off,run_06.json,780,0.650000
off,run_06.json,781,0.741000
off,run_06.json,782,1.335000
off,run_06.json,783,10.095000
off,run_06.json,784,0.878000
off,run_06.json,785,0.895000
off,run_06.json,786,1.534000
off,run_06.json,787,0.757000
off,run_06.json,788,0.721000
off,run_06.json,789,0.730000
off,run_06.json,790,1.310000
off,run_06.json,791,9.603000
off,run_06.json,792,0.680000
off,run_06.json,793,1.070000
off,run_06.json,794,1.667000
off,run_06.json,795,0.635000
off,run_06.json,796,0.647000
off,run_06.json,797,0.645000
off,run_06.json,798,1.372000
off,run_06.json,799,10.045000
off,run_06.json,800,0.935000
off,run_06.json,801,0.867000
off,run_06.json,802,1.607000
off,run_06.json,803,0.774000
off,run_06.json,804,0.785000
off,run_06.json,805,0.717000
off,run_06.json,806,1.433000
off,run_06.json,807,9.594000
off,run_06.json,808,0.693000
off,run_06.json,809,1.146000
off,run_06.json,810,1.632000
off,run_06.json,811,0.744000
off,run_06.json,812,0.700000
off,run_06.json,813,0.767000
off,run_06.json,814,1.377000
off,run_06.json,815,10.932000
off,run_06.json,816,0.728000
off,run_06.json,817,1.004000
off,run_06.json,818,1.717000
off,run_06.json,819,0.700000
off,run_06.json,820,0.858000
off,run_06.json,821,0.759000
off,run_06.json,822,11.299000
off,run_06.json,823,0.748000
off,run_06.json,824,1.015000
off,run_06.json,825,1.708000
off,run_06.json,826,0.703000
off,run_06.json,827,0.651000
off,run_06.json,828,0.740000
off,run_06.json,829,1.503000
off,run_06.json,830,8.080000
off,run_06.json,831,0.713000
off,run_06.json,832,1.025000
off,run_06.json,833,1.777000
off,run_06.json,834,0.739000
off,run_06.json,835,0.780000
off,run_06.json,836,0.704000
off,run_06.json,837,10.641000
off,run_06.json,838,0.811000
off,run_06.json,839,1.044000
off,run_06.json,840,1.483000
off,run_06.json,841,0.674000
off,run_06.json,842,0.813000
off,run_06.json,843,0.687000
off,run_06.json,844,1.363000
off,run_06.json,845,9.711000
off,run_06.json,846,0.793000
off,run_06.json,847,0.880000
off,run_06.json,848,0.740000
off,run_06.json,849,1.495000
off,run_06.json,850,0.754000
off,run_06.json,851,0.727000
off,run_06.json,852,1.368000
off,run_06.json,853,13.896000
off,run_06.json,854,0.769000
off,run_06.json,855,1.037000
off,run_06.json,856,1.685000
off,run_06.json,857,0.860000
off,run_06.json,858,0.735000
off,run_06.json,859,1.513000
off,run_06.json,860,10.261000
off,run_06.json,861,0.812000
off,run_06.json,862,1.018000
off,run_06.json,863,1.546000
off,run_06.json,864,0.746000
off,run_06.json,865,0.740000
off,run_06.json,866,0.749000
off,run_06.json,867,1.360000
off,run_06.json,868,9.652000
off,run_06.json,869,0.698000
off,run_06.json,870,1.002000
off,run_06.json,871,1.727000
off,run_06.json,872,0.758000
off,run_06.json,873,0.746000
off,run_06.json,874,0.632000
off,run_06.json,875,1.396000
off,run_06.json,876,9.718000
off,run_06.json,877,0.731000
off,run_06.json,878,1.031000
off,run_06.json,879,1.663000
off,run_06.json,880,0.749000
off,run_06.json,881,0.709000
off,run_06.json,882,0.745000
off,run_06.json,883,1.392000
off,run_06.json,884,9.314000
off,run_06.json,885,0.736000
off,run_06.json,886,0.955000
off,run_06.json,887,1.648000
off,run_06.json,888,0.691000
off,run_06.json,889,0.653000
off,run_06.json,890,0.735000
off,run_06.json,891,1.316000
off,run_06.json,892,9.712000
off,run_06.json,893,0.751000
off,run_06.json,894,0.983000
off,run_06.json,895,1.634000
off,run_06.json,896,0.702000
off,run_06.json,897,0.734000
off,run_06.json,898,0.699000
off,run_06.json,899,1.264000
off,run_06.json,900,9.683000
off,run_06.json,901,0.857000
off,run_06.json,902,0.890000
off,run_06.json,903,1.709000
off,run_06.json,904,0.736000
off,run_06.json,905,0.633000
off,run_06.json,906,0.741000
off,run_06.json,907,1.518000
off,run_06.json,908,9.332000
off,run_06.json,909,0.979000
off,run_06.json,910,0.640000
off,run_06.json,911,1.592000
off,run_06.json,912,0.701000
off,run_06.json,913,0.655000
off,run_06.json,914,0.586000
off,run_06.json,915,1.394000
off,run_06.json,916,8.427000
off,run_06.json,917,0.853000
off,run_06.json,918,0.880000
off,run_06.json,919,1.672000
off,run_06.json,920,0.825000
off,run_06.json,921,0.721000
off,run_06.json,922,0.731000
off,run_06.json,923,1.336000
off,run_06.json,924,8.229000
off,run_06.json,925,0.725000
off,run_06.json,926,0.983000
off,run_06.json,927,1.710000
off,run_06.json,928,0.666000
off,run_06.json,929,0.707000
off,run_06.json,930,0.758000
off,run_06.json,931,1.394000
off,run_06.json,932,10.872000
off,run_06.json,933,0.720000
off,run_06.json,934,1.034000
off,run_06.json,935,0.768000
off,run_06.json,936,1.435000
off,run_06.json,937,0.715000
off,run_06.json,938,0.652000
off,run_06.json,939,1.356000
off,run_06.json,940,10.631000
off,run_06.json,941,0.683000
off,run_06.json,942,1.095000
off,run_06.json,943,0.696000
off,run_06.json,944,1.515000
off,run_06.json,945,0.718000
off,run_06.json,946,0.698000
off,run_06.json,947,1.295000
off,run_06.json,948,9.754000
off,run_06.json,949,0.722000
off,run_06.json,950,0.986000
off,run_06.json,951,0.668000
off,run_06.json,952,1.592000
off,run_06.json,953,0.727000
off,run_06.json,954,0.630000
off,run_06.json,955,1.518000
off,run_06.json,956,9.698000
off,run_06.json,957,0.780000
off,run_06.json,958,1.084000
off,run_06.json,959,1.643000
off,run_06.json,960,0.750000
off,run_06.json,961,0.662000
off,run_06.json,962,0.730000
off,run_06.json,963,1.453000
off,run_06.json,964,9.953000
off,run_06.json,965,0.794000
off,run_06.json,966,1.002000
off,run_06.json,967,1.875000
off,run_06.json,968,0.732000
off,run_06.json,969,0.732000
off,run_06.json,970,0.701000
off,run_06.json,971,10.939000
off,run_06.json,972,0.816000
off,run_06.json,973,0.959000
off,run_06.json,974,1.659000
off,run_06.json,975,0.675000
off,run_06.json,976,0.625000
off,run_06.json,977,0.742000
off,run_06.json,978,1.282000
off,run_06.json,979,10.032000
off,run_06.json,980,0.818000
off,run_06.json,981,1.195000
off,run_06.json,982,1.381000
off,run_06.json,983,0.715000
off,run_06.json,984,0.681000
off,run_06.json,985,0.656000
off,run_06.json,986,1.351000
off,run_06.json,987,10.515000
off,run_06.json,988,0.679000
off,run_06.json,989,1.039000
off,run_06.json,990,0.672000
off,run_06.json,991,1.500000
off,run_06.json,992,0.694000
off,run_06.json,993,0.708000
off,run_06.json,994,1.280000
off,run_06.json,995,10.470000
off,run_06.json,996,0.725000
off,run_06.json,997,1.055000
off,run_06.json,998,1.731000
off,run_06.json,999,0.688000
off,run_06.json,1000,0.658000
off,run_06.json,1001,0.645000
off,run_06.json,1002,1.257000
off,run_06.json,1003,10.427000
off,run_06.json,1004,0.724000
off,run_06.json,1005,0.881000
off,run_06.json,1006,0.668000
off,run_06.json,1007,1.465000
off,run_06.json,1008,0.655000
off,run_06.json,1009,0.659000
off,run_06.json,1010,0.696000
off,run_06.json,1011,9.213000
off,run_06.json,1012,0.843000
off,run_06.json,1013,0.906000
off,run_06.json,1014,0.730000
off,run_06.json,1015,1.569000
off,run_06.json,1016,0.713000
off,run_06.json,1017,0.710000
off,run_06.json,1018,1.475000
off,run_06.json,1019,8.089000
off,run_06.json,1020,0.874000
off,run_06.json,1021,0.993000
off,run_06.json,1022,1.584000
off,run_06.json,1023,0.717000
off,run_06.json,1024,0.678000
off,run_06.json,1025,0.738000
off,run_06.json,1026,1.363000
off,run_06.json,1027,9.508000
off,run_06.json,1028,0.778000
off,run_06.json,1029,0.937000
off,run_06.json,1030,1.521000
off,run_06.json,1031,0.708000
off,run_06.json,1032,0.769000
off,run_06.json,1033,0.842000
off,run_06.json,1034,11.125000
off,run_06.json,1035,0.708000
off,run_06.json,1036,0.954000
off,run_06.json,1037,1.719000
off,run_06.json,1038,0.713000
off,run_06.json,1039,0.721000
off,run_06.json,1040,0.695000
off,run_06.json,1041,1.309000
off,run_06.json,1042,9.907000
off,run_06.json,1043,0.652000
off,run_06.json,1044,0.981000
off,run_06.json,1045,0.677000
off,run_06.json,1046,2.734000
off,run_06.json,1047,0.576000
off,run_06.json,1048,1.524000
off,run_06.json,1049,9.504000
off,run_06.json,1050,0.775000
off,run_06.json,1051,1.124000
off,run_06.json,1052,1.781000
off,run_06.json,1053,0.825000
off,run_06.json,1054,0.679000
off,run_06.json,1055,1.451000
off,run_06.json,1056,10.692000
off,run_06.json,1057,2.283000
off,run_06.json,1058,1.082000
off,run_06.json,1059,0.634000
off,run_06.json,1060,0.712000
off,run_06.json,1061,0.676000
off,run_06.json,1062,1.430000
off,run_06.json,1063,10.553000
off,run_06.json,1064,0.696000
off,run_06.json,1065,0.964000
off,run_06.json,1066,0.772000
off,run_06.json,1067,1.604000
off,run_06.json,1068,0.645000
off,run_06.json,1069,0.638000
off,run_06.json,1070,1.440000
off,run_06.json,1071,10.468000
off,run_06.json,1072,0.709000
off,run_06.json,1073,0.956000
off,run_06.json,1074,1.661000
off,run_06.json,1075,0.718000
off,run_06.json,1076,0.730000
off,run_06.json,1077,0.734000
off,run_06.json,1078,1.301000
off,run_06.json,1079,10.640000
off,run_06.json,1080,0.710000
off,run_06.json,1081,1.039000
off,run_06.json,1082,1.746000
off,run_06.json,1083,0.774000
off,run_06.json,1084,0.750000
off,run_06.json,1085,0.718000
off,run_06.json,1086,1.437000
off,run_06.json,1087,9.891000
off,run_06.json,1088,0.754000
off,run_06.json,1089,0.924000
off,run_06.json,1090,1.746000
off,run_06.json,1091,0.689000
off,run_06.json,1092,0.667000
off,run_06.json,1093,0.708000
off,run_06.json,1094,0.703000
off,run_06.json,1095,0.626000
off,run_06.json,1096,10.873000
off,run_06.json,1097,0.811000
off,run_06.json,1098,0.932000
off,run_06.json,1099,1.668000
off,run_06.json,1100,0.725000
off,run_06.json,1101,0.943000
off,run_06.json,1102,0.755000
off,run_06.json,1103,11.224000
off,run_06.json,1104,0.770000
off,run_06.json,1105,0.955000
off,run_06.json,1106,1.725000
off,run_06.json,1107,0.635000
off,run_06.json,1108,0.716000
off,run_06.json,1109,0.669000
off,run_06.json,1110,0.695000
off,run_06.json,1111,1.478000
off,run_06.json,1112,9.122000
off,run_06.json,1113,0.664000
off,run_06.json,1114,0.986000
off,run_06.json,1115,0.662000
off,run_06.json,1116,1.576000
off,run_06.json,1117,0.698000
off,run_06.json,1118,0.648000
off,run_06.json,1119,0.680000
off,run_06.json,1120,0.656000
off,run_06.json,1121,1.254000
off,run_06.json,1122,8.156000
off,run_06.json,1123,0.648000
off,run_06.json,1124,0.992000
off,run_06.json,1125,0.641000
off,run_06.json,1126,1.804000
off,run_06.json,1127,0.685000
off,run_06.json,1128,0.696000
off,run_06.json,1129,0.660000
off,run_06.json,1130,0.679000
off,run_06.json,1131,1.286000
off,run_06.json,1132,7.387000
off,run_06.json,1133,0.793000
off,run_06.json,1134,0.889000
off,run_06.json,1135,1.623000
off,run_06.json,1136,0.644000
off,run_06.json,1137,0.638000
off,run_06.json,1138,0.693000
off,run_06.json,1139,0.615000
off,run_06.json,1140,0.685000
off,run_06.json,1141,1.356000
off,run_06.json,1142,7.797000
off,run_06.json,1143,0.679000
off,run_06.json,1144,0.928000
off,run_06.json,1145,0.677000
off,run_06.json,1146,1.531000
off,run_06.json,1147,0.671000
off,run_06.json,1148,0.595000
off,run_06.json,1149,0.679000
off,run_06.json,1150,0.620000
off,run_06.json,1151,1.260000
off,run_06.json,1152,7.666000
off,run_06.json,1153,0.618000
off,run_06.json,1154,1.000000
off,run_06.json,1155,0.624000
off,run_06.json,1156,1.519000
off,run_06.json,1157,0.624000
off,run_06.json,1158,0.589000
off,run_06.json,1159,0.627000
off,run_06.json,1160,0.858000
off,run_06.json,1161,1.333000
off,run_06.json,1162,8.210000
off,run_06.json,1163,0.642000
off,run_06.json,1164,0.964000
off,run_06.json,1165,0.653000
off,run_06.json,1166,1.483000
off,run_06.json,1167,0.632000
off,run_06.json,1168,0.699000
off,run_06.json,1169,0.629000
off,run_06.json,1170,0.649000
off,run_06.json,1171,1.433000
off,run_06.json,1172,8.930000
off,run_06.json,1173,0.789000
off,run_06.json,1174,0.960000
off,run_06.json,1175,1.736000
off,run_06.json,1176,0.701000
off,run_06.json,1177,0.739000
off,run_06.json,1178,0.732000
off,run_06.json,1179,0.672000
off,run_06.json,1180,1.288000
off,run_06.json,1181,9.141000
off,run_06.json,1182,0.711000
off,run_06.json,1183,0.958000
off,run_06.json,1184,0.616000
off,run_06.json,1185,1.572000
off,run_06.json,1186,0.675000
off,run_06.json,1187,0.747000
off,run_06.json,1188,0.700000
off,run_06.json,1189,0.679000
off,run_06.json,1190,1.282000
off,run_06.json,1191,8.729000
off,run_06.json,1192,0.838000
off,run_06.json,1193,0.724000
off,run_06.json,1194,0.723000
off,run_06.json,1195,1.359000
off,run_06.json,1196,0.693000
off,run_06.json,1197,0.646000
off,run_06.json,1198,0.653000
off,run_06.json,1199,0.667000
off,run_06.json,1200,1.429000
off,run_06.json,1201,8.847000
off,run_06.json,1202,0.842000
off,run_06.json,1203,0.798000
off,run_06.json,1204,1.611000
off,run_06.json,1205,0.651000
off,run_06.json,1206,0.703000
off,run_06.json,1207,0.690000
off,run_06.json,1208,0.706000
off,run_06.json,1209,0.641000
off,run_06.json,1210,1.429000
off,run_06.json,1211,8.968000
off,run_06.json,1212,0.891000
off,run_06.json,1213,0.965000
off,run_06.json,1214,1.415000
off,run_06.json,1215,0.819000
off,run_06.json,1216,0.799000
off,run_06.json,1217,0.801000
off,run_06.json,1218,0.804000
off,run_06.json,1219,1.407000
off,run_06.json,1220,8.631000
off,run_06.json,1221,0.853000
off,run_06.json,1222,0.726000
off,run_06.json,1223,0.675000
off,run_06.json,1224,1.453000
off,run_06.json,1225,0.645000
off,run_06.json,1226,0.668000
off,run_06.json,1227,0.654000
off,run_06.json,1228,0.683000
off,run_06.json,1229,1.404000
off,run_06.json,1230,8.871000
off,run_06.json,1231,1.021000
off,run_06.json,1232,1.022000
off,run_06.json,1233,1.263000
off,run_06.json,1234,0.741000
off,run_06.json,1235,0.742000
off,run_06.json,1236,0.586000
off,run_06.json,1237,0.601000
off,run_06.json,1238,0.612000
off,run_06.json,1239,1.408000
off,run_06.json,1240,8.393000
off,run_06.json,1241,0.572000
off,run_06.json,1242,1.027000
off,run_06.json,1243,0.610000
off,run_06.json,1244,1.481000
off,run_06.json,1245,0.561000
off,run_06.json,1246,0.622000
off,run_06.json,1247,0.557000
off,run_06.json,1248,0.635000
off,run_06.json,1249,0.660000
off,run_06.json,1250,1.303000
off,run_06.json,1251,8.584000
off,run_06.json,1252,0.695000
off,run_06.json,1253,1.002000
off,run_06.json,1254,1.752000
off,run_06.json,1255,0.687000
off,run_06.json,1256,0.652000
off,run_06.json,1257,0.706000
off,run_06.json,1258,0.695000
off,run_06.json,1259,0.689000
off,run_06.json,1260,9.938000
off,run_06.json,1261,0.702000
off,run_06.json,1262,1.139000
off,run_06.json,1263,1.617000
off,run_06.json,1264,0.814000
off,run_06.json,1265,0.674000
off,run_06.json,1266,0.799000
off,run_06.json,1267,0.748000
off,run_06.json,1268,1.380000
off,run_06.json,1269,8.968000
off,run_06.json,1270,0.707000
off,run_06.json,1271,1.220000
off,run_06.json,1272,1.430000
off,run_06.json,1273,0.688000
off,run_06.json,1274,0.747000
off,run_06.json,1275,0.847000
off,run_06.json,1276,0.756000
off,run_06.json,1277,1.422000
off,run_06.json,1278,8.719000
off,run_06.json,1279,0.672000
off,run_06.json,1280,1.033000
off,run_06.json,1281,0.721000
off,run_06.json,1282,1.486000
off,run_06.json,1283,0.659000
off,run_06.json,1284,0.744000
off,run_06.json,1285,0.747000
off,run_06.json,1286,0.699000
off,run_06.json,1287,9.919000
off,run_06.json,1288,0.721000
off,run_06.json,1289,1.182000
off,run_06.json,1290,1.645000
off,run_06.json,1291,0.748000
off,run_06.json,1292,0.702000
off,run_06.json,1293,0.703000
off,run_06.json,1294,0.742000
off,run_06.json,1295,1.403000
off,run_06.json,1296,8.714000
off,run_06.json,1297,0.776000
off,run_06.json,1298,1.128000
off,run_06.json,1299,1.513000
off,run_06.json,1300,0.864000
off,run_06.json,1301,0.784000
off,run_06.json,1302,0.714000
off,run_06.json,1303,0.955000
off,run_06.json,1304,9.964000
off,run_06.json,1305,0.802000
off,run_06.json,1306,0.879000
off,run_06.json,1307,0.695000
off,run_06.json,1308,1.600000
off,run_06.json,1309,0.689000
off,run_06.json,1310,0.675000
off,run_06.json,1311,0.713000
off,run_06.json,1312,0.691000
off,run_06.json,1313,9.850000
off,run_06.json,1314,0.706000
off,run_06.json,1315,1.007000
off,run_06.json,1316,0.682000
off,run_06.json,1317,1.514000
off,run_06.json,1318,0.672000
off,run_06.json,1319,0.676000
off,run_06.json,1320,0.644000
off,run_06.json,1321,0.711000
off,run_06.json,1322,1.372000
off,run_06.json,1323,8.707000
off,run_06.json,1324,0.771000
off,run_06.json,1325,0.959000
off,run_06.json,1326,1.684000
off,run_06.json,1327,0.776000
off,run_06.json,1328,0.687000
off,run_06.json,1329,0.655000
off,run_06.json,1330,0.658000
off,run_06.json,1331,0.726000
off,run_06.json,1332,9.835000
off,run_06.json,1333,0.774000
off,run_06.json,1334,0.925000
off,run_06.json,1335,0.670000
off,run_06.json,1336,1.588000
off,run_06.json,1337,0.708000
off,run_06.json,1338,0.734000
off,run_06.json,1339,0.720000
off,run_06.json,1340,0.718000
off,run_06.json,1341,11.126000
off,run_06.json,1342,0.717000
off,run_06.json,1343,0.996000
off,run_06.json,1344,0.703000
off,run_06.json,1345,1.580000
off,run_06.json,1346,0.694000
off,run_06.json,1347,0.739000
off,run_06.json,1348,0.692000
off,run_06.json,1349,1.409000
off,run_06.json,1350,9.581000
off,run_06.json,1351,0.742000
off,run_06.json,1352,1.113000
off,run_06.json,1353,0.836000
off,run_06.json,1354,1.535000
off,run_06.json,1355,0.739000
off,run_06.json,1356,0.708000
off,run_06.json,1357,0.708000
off,run_06.json,1358,1.452000
off,run_06.json,1359,7.177000
off,run_06.json,1360,0.917000
off,run_06.json,1361,0.907000
off,run_06.json,1362,1.598000
off,run_06.json,1363,0.773000
off,run_06.json,1364,0.752000
off,run_06.json,1365,0.698000
off,run_06.json,1366,0.763000
off,run_06.json,1367,1.422000
off,run_06.json,1368,8.704000
off,run_06.json,1369,0.708000
off,run_06.json,1370,0.944000
off,run_06.json,1371,0.724000
off,run_06.json,1372,1.513000
off,run_06.json,1373,0.728000
off,run_06.json,1374,0.746000
off,run_06.json,1375,0.663000
off,run_06.json,1376,0.743000
off,run_06.json,1377,13.609000
off,run_06.json,1378,0.935000
off,run_06.json,1379,0.849000
off,run_06.json,1380,1.767000
off,run_06.json,1381,0.772000
off,run_06.json,1382,0.742000
off,run_06.json,1383,0.749000
off,run_06.json,1384,0.658000
off,run_06.json,1385,1.445000
off,run_06.json,1386,9.030000
off,run_06.json,1387,2.145000
off,run_06.json,1388,1.257000
off,run_06.json,1389,0.759000
off,run_06.json,1390,0.742000
off,run_06.json,1391,0.698000
off,run_06.json,1392,0.730000
off,run_06.json,1393,1.478000
off,run_06.json,1394,8.946000
off,run_06.json,1395,0.920000
off,run_06.json,1396,1.022000
off,run_06.json,1397,1.592000
off,run_06.json,1398,2.208000
off,run_06.json,1399,0.584000
off,run_06.json,1400,1.374000
off,run_06.json,1401,8.899000
off,run_06.json,1402,0.801000
off,run_06.json,1403,1.081000
off,run_06.json,1404,1.461000
off,run_06.json,1405,0.750000
off,run_06.json,1406,0.870000
off,run_06.json,1407,0.765000
off,run_06.json,1408,0.818000
off,run_06.json,1409,1.402000
off,run_06.json,1410,8.496000
off,run_06.json,1411,0.894000
off,run_06.json,1412,0.898000
off,run_06.json,1413,1.579000
off,run_06.json,1414,0.752000
off,run_06.json,1415,0.662000
off,run_06.json,1416,0.746000
off,run_06.json,1417,0.666000
off,run_06.json,1418,1.413000
off,run_06.json,1419,8.659000
off,run_06.json,1420,0.674000
off,run_06.json,1421,1.046000
off,run_06.json,1422,0.761000
off,run_06.json,1423,1.460000
off,run_06.json,1424,0.734000
off,run_06.json,1425,0.716000
off,run_06.json,1426,0.663000
off,run_06.json,1427,0.631000
off,run_06.json,1428,1.327000
off,run_06.json,1429,8.294000
off,run_06.json,1430,0.709000
off,run_06.json,1431,0.892000
off,run_06.json,1432,0.670000
off,run_06.json,1433,1.524000
off,run_06.json,1434,0.685000
off,run_06.json,1435,0.653000
off,run_06.json,1436,0.675000
off,run_06.json,1437,0.740000
off,run_06.json,1438,1.309000
off,run_06.json,1439,7.486000
off,run_06.json,1440,0.637000
off,run_06.json,1441,1.001000
off,run_06.json,1442,0.671000
off,run_06.json,1443,1.437000
off,run_06.json,1444,0.669000
off,run_06.json,1445,0.634000
off,run_06.json,1446,0.676000
off,run_06.json,1447,0.689000
off,run_06.json,1448,1.440000
off,run_06.json,1449,7.144000
off,run_06.json,1450,0.763000
off,run_06.json,1451,1.026000
off,run_06.json,1452,1.742000
off,run_06.json,1453,0.732000
off,run_06.json,1454,0.666000
off,run_06.json,1455,0.676000
off,run_06.json,1456,0.752000
off,run_06.json,1457,1.273000
off,run_06.json,1458,10.306000
off,run_06.json,1459,0.664000
off,run_06.json,1460,1.147000
off,run_06.json,1461,1.946000
off,run_06.json,1462,0.799000
off,run_06.json,1463,0.740000
off,run_06.json,1464,0.627000
off,run_06.json,1465,0.715000
off,run_06.json,1466,1.458000
off,run_06.json,1467,8.854000
off,run_06.json,1468,0.702000
off,run_06.json,1469,1.028000
off,run_06.json,1470,0.736000
off,run_06.json,1471,1.468000
off,run_06.json,1472,0.651000
off,run_06.json,1473,0.693000
off,run_06.json,1474,0.618000
off,run_06.json,1475,0.688000
off,run_06.json,1476,1.361000
off,run_06.json,1477,8.447000
off,run_06.json,1478,0.666000
off,run_06.json,1479,0.945000
off,run_06.json,1480,0.698000
off,run_06.json,1481,1.547000
off,run_06.json,1482,0.661000
off,run_06.json,1483,0.651000
off,run_06.json,1484,0.633000
off,run_06.json,1485,0.666000
off,run_06.json,1486,1.444000
off,run_06.json,1487,8.869000
off,run_06.json,1488,0.735000
off,run_06.json,1489,0.949000
off,run_06.json,1490,0.714000
off,run_06.json,1491,1.520000
off,run_06.json,1492,0.693000
off,run_06.json,1493,0.692000
off,run_06.json,1494,0.699000
off,run_06.json,1495,0.662000
off,run_06.json,1496,1.360000
off,run_06.json,1497,8.920000
off,run_06.json,1498,0.780000
off,run_06.json,1499,0.972000
off,run_06.json,1500,1.743000
off,run_06.json,1501,0.745000
off,run_06.json,1502,0.690000
off,run_06.json,1503,0.742000
off,run_06.json,1504,0.743000
off,run_06.json,1505,1.397000
off,run_06.json,1506,9.202000
off,run_06.json,1507,0.797000
off,run_06.json,1508,0.969000
off,run_06.json,1509,1.597000
off,run_06.json,1510,0.716000
off,run_06.json,1511,0.698000
off,run_06.json,1512,0.886000
off,run_06.json,1513,0.753000
off,run_06.json,1514,1.374000
off,run_06.json,1515,9.675000
off,run_06.json,1516,0.845000
off,run_06.json,1517,0.906000
off,run_06.json,1518,1.519000
off,run_06.json,1519,0.706000
off,run_06.json,1520,0.708000
off,run_06.json,1521,0.670000
off,run_06.json,1522,0.895000
off,run_06.json,1523,1.371000
off,run_06.json,1524,9.546000
off,run_06.json,1525,0.789000
off,run_06.json,1526,0.921000
off,run_06.json,1527,1.544000
off,run_06.json,1528,0.875000
off,run_06.json,1529,0.722000
off,run_06.json,1530,0.771000
off,run_06.json,1531,0.572000
off,run_06.json,1532,1.285000
off,run_06.json,1533,7.437000
off,run_06.json,1534,0.662000
off,run_06.json,1535,0.978000
off,run_06.json,1536,1.661000
off,run_06.json,1537,0.655000
off,run_06.json,1538,0.721000
off,run_06.json,1539,0.741000
off,run_06.json,1540,0.796000
off,run_06.json,1541,0.777000
off,run_06.json,1542,8.229000
off,run_06.json,1543,0.787000
off,run_06.json,1544,0.923000
off,run_06.json,1545,1.619000
off,run_06.json,1546,0.618000
off,run_06.json,1547,0.613000
off,run_06.json,1548,0.606000
off,run_06.json,1549,0.643000
off,run_06.json,1550,0.766000
off,run_06.json,1551,1.587000
off,run_06.json,1552,8.254000
off,run_06.json,1553,0.649000
off,run_06.json,1554,0.944000
off,run_06.json,1555,0.708000
off,run_06.json,1556,1.437000
off,run_06.json,1557,0.786000
off,run_06.json,1558,0.731000
off,run_06.json,1559,0.730000
off,run_06.json,1560,0.600000
off,run_06.json,1561,1.490000
off,run_06.json,1562,8.585000
off,run_06.json,1563,0.801000
off,run_06.json,1564,0.914000
off,run_06.json,1565,1.721000
off,run_06.json,1566,0.622000
off,run_06.json,1567,0.673000
off,run_06.json,1568,0.841000
off,run_06.json,1569,0.644000
off,run_06.json,1570,0.633000
off,run_06.json,1571,9.850000
off,run_06.json,1572,0.838000
off,run_06.json,1573,0.907000
off,run_06.json,1574,0.781000
off,run_06.json,1575,1.491000
off,run_06.json,1576,0.660000
off,run_06.json,1577,0.674000
off,run_06.json,1578,0.680000
off,run_06.json,1579,0.832000
off,run_06.json,1580,9.786000
off,run_06.json,1581,0.607000
off,run_06.json,1582,1.023000
off,run_06.json,1583,0.713000
off,run_06.json,1584,1.527000
off,run_06.json,1585,0.652000
off,run_06.json,1586,0.710000
off,run_06.json,1587,0.720000
off,run_06.json,1588,0.638000
off,run_06.json,1589,1.377000
off,run_06.json,1590,10.036000
off,run_06.json,1591,0.644000
off,run_06.json,1592,0.994000
off,run_06.json,1593,1.629000
off,run_06.json,1594,0.913000
off,run_06.json,1595,0.575000
off,run_06.json,1596,0.636000
off,run_06.json,1597,0.687000
off,run_06.json,1598,0.775000
off,run_06.json,1599,0.004000
off,run_07.json,0,1.258000
off,run_07.json,1,11.204000
off,run_07.json,2,0.720000
off,run_07.json,3,0.974000
off,run_07.json,4,1.626000
off,run_07.json,5,0.640000
off,run_07.json,6,0.665000
off,run_07.json,7,1.317000
off,run_07.json,8,10.690000
off,run_07.json,9,0.735000
off,run_07.json,10,0.938000
off,run_07.json,11,1.587000
off,run_07.json,12,0.679000
off,run_07.json,13,0.664000
off,run_07.json,14,1.299000
off,run_07.json,15,12.274000
off,run_07.json,16,0.785000
off,run_07.json,17,0.980000
off,run_07.json,18,0.866000
off,run_07.json,19,1.533000
off,run_07.json,20,0.895000
off,run_07.json,21,12.073000
off,run_07.json,22,1.968000
off,run_07.json,23,1.347000
off,run_07.json,24,0.595000
off,run_07.json,25,0.661000
off,run_07.json,26,1.433000
off,run_07.json,27,11.289000
off,run_07.json,28,0.665000
off,run_07.json,29,0.924000
off,run_07.json,30,0.629000
off,run_07.json,31,1.471000
off,run_07.json,32,2.112000
off,run_07.json,33,11.337000
off,run_07.json,34,0.910000
off,run_07.json,35,0.890000
off,run_07.json,36,1.779000
off,run_07.json,37,0.922000
off,run_07.json,38,1.440000
off,run_07.json,39,11.044000
off,run_07.json,40,0.776000
off,run_07.json,41,0.949000
off,run_07.json,42,0.919000
off,run_07.json,43,1.387000
off,run_07.json,44,0.628000
off,run_07.json,45,1.339000
off,run_07.json,46,11.216000
off,run_07.json,47,0.692000
off,run_07.json,48,1.000000
off,run_07.json,49,0.614000
off,run_07.json,50,1.580000
off,run_07.json,51,0.652000
off,run_07.json,52,1.273000
off,run_07.json,53,11.318000
off,run_07.json,54,0.695000
off,run_07.json,55,1.045000
off,run_07.json,56,1.513000
off,run_07.json,57,0.650000
off,run_07.json,58,0.691000
off,run_07.json,59,1.221000
off,run_07.json,60,11.197000
off,run_07.json,61,0.818000
off,run_07.json,62,0.896000
off,run_07.json,63,1.501000
off,run_07.json,64,0.689000
off,run_07.json,65,0.724000
off,run_07.json,66,1.322000
off,run_07.json,67,10.878000
off,run_07.json,68,1.334000
off,run_07.json,69,0.751000
off,run_07.json,70,1.563000
off,run_07.json,71,0.670000
off,run_07.json,72,1.350000
off,run_07.json,73,9.855000
off,run_07.json,74,0.655000
off,run_07.json,75,0.978000
off,run_07.json,76,0.670000
off,run_07.json,77,1.424000
off,run_07.json,78,0.706000
off,run_07.json,79,1.371000
off,run_07.json,80,10.210000
off,run_07.json,81,0.782000
off,run_07.json,82,0.839000
off,run_07.json,83,1.704000
off,run_07.json,84,0.731000
off,run_07.json,85,0.673000
off,run_07.json,86,11.396000
off,run_07.json,87,0.868000
off,run_07.json,88,1.109000
off,run_07.json,89,1.352000
off,run_07.json,90,0.608000
off,run_07.json,91,0.646000
off,run_07.json,92,11.445000
off,run_07.json,93,0.672000
off,run_07.json,94,0.900000
off,run_07.json,95,0.687000
off,run_07.json,96,1.368000
off,run_07.json,97,0.728000
off,run_07.json,98,1.565000
off,run_07.json,99,10.308000
off,run_07.json,100,0.994000
off,run_07.json,101,0.888000
off,run_07.json,102,1.551000
off,run_07.json,103,0.822000
off,run_07.json,104,1.402000
off,run_07.json,105,9.566000
off,run_07.json,106,0.883000
off,run_07.json,107,0.924000
off,run_07.json,108,1.652000
off,run_07.json,109,0.669000
off,run_07.json,110,0.873000
off,run_07.json,111,11.911000
off,run_07.json,112,1.030000
off,run_07.json,113,0.754000
off,run_07.json,114,0.734000
off,run_07.json,115,1.584000
off,run_07.json,116,1.495000
off,run_07.json,117,10.866000
off,run_07.json,118,0.793000
off,run_07.json,119,1.102000
off,run_07.json,120,1.471000
off,run_07.json,121,0.857000
off,run_07.json,122,1.281000
off,run_07.json,123,11.087000
off,run_07.json,124,0.878000
off,run_07.json,125,0.861000
off,run_07.json,126,1.538000
off,run_07.json,127,0.658000
off,run_07.json,128,0.633000
off,run_07.json,129,11.943000
off,run_07.json,130,0.679000
off,run_07.json,131,0.915000
off,run_07.json,132,0.637000
off,run_07.json,133,1.437000
off,run_07.json,134,0.618000
off,run_07.json,135,0.596000
off,run_07.json,136,11.868000
off,run_07.json,137,0.643000
off,run_07.json,138,0.938000
off,run_07.json,139,0.608000
off,run_07.json,140,1.443000
off,run_07.json,141,0.620000
off,run_07.json,142,0.592000
off,run_07.json,143,12.099000
off,run_07.json,144,1.028000
off,run_07.json,145,0.668000
off,run_07.json,146,1.394000
off,run_07.json,147,0.633000
off,run_07.json,148,0.597000
off,run_07.json,149,12.209000
off,run_07.json,150,0.824000
off,run_07.json,151,0.719000
off,run_07.json,152,0.619000
off,run_07.json,153,1.388000
off,run_07.json,154,0.628000
off,run_07.json,155,0.619000
off,run_07.json,156,11.741000
off,run_07.json,157,0.875000
off,run_07.json,158,0.757000
off,run_07.json,159,0.686000
off,run_07.json,160,1.480000
off,run_07.json,161,0.621000
off,run_07.json,162,1.204000
off,run_07.json,163,10.988000
off,run_07.json,164,0.636000
off,run_07.json,165,0.921000
off,run_07.json,166,0.597000
off,run_07.json,167,1.486000
off,run_07.json,168,0.587000
off,run_07.json,169,0.631000
off,run_07.json,170,11.827000
off,run_07.json,171,0.624000
off,run_07.json,172,0.915000
off,run_07.json,173,0.619000
off,run_07.json,174,1.384000
off,run_07.json,175,0.593000
off,run_07.json,176,0.545000
off,run_07.json,177,1.336000
off,run_07.json,178,10.652000
off,run_07.json,179,0.758000
off,run_07.json,180,0.791000
off,run_07.json,181,0.608000
off,run_07.json,182,1.433000
off,run_07.json,183,0.594000
off,run_07.json,184,0.593000
off,run_07.json,185,1.271000
off,run_07.json,186,10.673000
off,run_07.json,187,0.706000
off,run_07.json,188,0.972000
off,run_07.json,189,0.664000
off,run_07.json,190,1.428000
off,run_07.json,191,0.545000
off,run_07.json,192,1.384000
off,run_07.json,193,10.901000
off,run_07.json,194,0.622000
off,run_07.json,195,0.973000
off,run_07.json,196,0.619000
off,run_07.json,197,1.424000
off,run_07.json,198,0.611000
off,run_07.json,199,0.636000
off,run_07.json,200,11.942000
off,run_07.json,201,0.748000
off,run_07.json,202,1.041000
off,run_07.json,203,1.752000
off,run_07.json,204,0.778000
off,run_07.json,205,1.282000
off,run_07.json,206,10.842000
off,run_07.json,207,0.699000
off,run_07.json,208,1.031000
off,run_07.json,209,1.591000
off,run_07.json,210,0.765000
off,run_07.json,211,0.687000
off,run_07.json,212,0.683000
off,run_07.json,213,1.366000
off,run_07.json,214,9.883000
off,run_07.json,215,0.684000
off,run_07.json,216,0.950000
off,run_07.json,217,0.713000
off,run_07.json,218,1.402000
off,run_07.json,219,0.755000
off,run_07.json,220,1.363000
off,run_07.json,221,10.937000
off,run_07.json,222,0.681000
off,run_07.json,223,1.073000
off,run_07.json,224,1.576000
off,run_07.json,225,0.681000
off,run_07.json,226,0.696000
off,run_07.json,227,0.677000
off,run_07.json,228,1.375000
off,run_07.json,229,9.786000
off,run_07.json,230,0.790000
off,run_07.json,231,1.040000
off,run_07.json,232,1.578000
off,run_07.json,233,0.654000
off,run_07.json,234,0.831000
off,run_07.json,235,0.649000
off,run_07.json,236,1.363000
off,run_07.json,237,9.755000
off,run_07.json,238,0.756000
off,run_07.json,239,0.924000
off,run_07.json,240,0.649000
off,run_07.json,241,1.517000
off,run_07.json,242,0.700000
off,run_07.json,243,0.669000
off,run_07.json,244,0.715000
off,run_07.json,245,10.764000
off,run_07.json,246,0.785000
off,run_07.json,247,0.994000
off,run_07.json,248,1.755000
off,run_07.json,249,0.717000
off,run_07.json,250,0.627000
off,run_07.json,251,0.848000
off,run_07.json,252,10.855000
off,run_07.json,253,0.671000
off,run_07.json,254,1.034000
off,run_07.json,255,0.707000
off,run_07.json,256,1.510000
off,run_07.json,257,0.629000
off,run_07.json,258,0.629000
off,run_07.json,259,0.663000
off,run_07.json,260,10.931000
off,run_07.json,261,0.653000
off,run_07.json,262,0.968000
off,run_07.json,263,0.659000
off,run_07.json,264,1.535000
off,run_07.json,265,0.697000
off,run_07.json,266,0.709000
off,run_07.json,267,1.338000
off,run_07.json,268,10.051000
off,run_07.json,269,0.684000
off,run_07.json,270,1.016000
off,run_07.json,271,0.717000
off,run_07.json,272,1.467000
off,run_07.json,273,0.622000
off,run_07.json,274,0.633000
off,run_07.json,275,0.705000
off,run_07.json,276,11.106000
off,run_07.json,277,0.927000
off,run_07.json,278,0.933000
off,run_07.json,279,1.754000
off,run_07.json,280,0.857000
off,run_07.json,281,0.830000
off,run_07.json,282,1.525000
off,run_07.json,283,9.860000
off,run_07.json,284,1.199000
off,run_07.json,285,0.881000
off,run_07.json,286,1.359000
off,run_07.json,287,0.803000
off,run_07.json,288,0.875000
off,run_07.json,289,0.806000
off,run_07.json,290,11.755000
off,run_07.json,291,0.711000
off,run_07.json,292,1.001000
off,run_07.json,293,0.723000
off,run_07.json,294,1.470000
off,run_07.json,295,0.661000
off,run_07.json,296,0.699000
off,run_07.json,297,1.332000
off,run_07.json,298,10.493000
off,run_07.json,299,0.651000
off,run_07.json,300,0.988000
off,run_07.json,301,0.734000
off,run_07.json,302,1.527000
off,run_07.json,303,0.639000
off,run_07.json,304,0.698000
off,run_07.json,305,0.912000
off,run_07.json,306,8.994000
off,run_07.json,307,0.884000
off,run_07.json,308,0.931000
off,run_07.json,309,1.559000
off,run_07.json,310,0.728000
off,run_07.json,311,0.863000
off,run_07.json,312,0.822000
off,run_07.json,313,10.785000
off,run_07.json,314,0.985000
off,run_07.json,315,0.891000
off,run_07.json,316,1.528000
off,run_07.json,317,0.728000
off,run_07.json,318,0.706000
off,run_07.json,319,0.687000
off,run_07.json,320,1.399000
off,run_07.json,321,9.603000
off,run_07.json,322,0.688000
off,run_07.json,323,1.041000
off,run_07.json,324,1.589000
off,run_07.json,325,0.673000
off,run_07.json,326,0.612000
off,run_07.json,327,0.621000
off,run_07.json,328,0.646000
off,run_07.json,329,14.604000
off,run_07.json,330,0.672000
off,run_07.json,331,1.030000
off,run_07.json,332,0.668000
off,run_07.json,333,1.501000
off,run_07.json,334,0.688000
off,run_07.json,335,0.684000
off,run_07.json,336,1.447000
off,run_07.json,337,10.216000
off,run_07.json,338,0.737000
off,run_07.json,339,1.105000
off,run_07.json,340,1.478000
off,run_07.json,341,0.699000
off,run_07.json,342,0.721000
off,run_07.json,343,0.714000
off,run_07.json,344,1.507000
off,run_07.json,345,9.907000
off,run_07.json,346,1.035000
off,run_07.json,347,0.756000
off,run_07.json,348,1.575000
off,run_07.json,349,0.693000
off,run_07.json,350,0.699000
off,run_07.json,351,0.653000
off,run_07.json,352,11.050000
off,run_07.json,353,0.726000
off,run_07.json,354,0.940000
off,run_07.json,355,0.769000
off,run_07.json,356,1.447000
off,run_07.json,357,0.622000
off,run_07.json,358,0.689000
off,run_07.json,359,1.362000
off,run_07.json,360,9.890000
off,run_07.json,361,0.718000
off,run_07.json,362,1.040000
off,run_07.json,363,2.983000
off,run_07.json,364,0.560000
off,run_07.json,365,0.626000
off,run_07.json,366,10.485000
off,run_07.json,367,0.751000
off,run_07.json,368,0.927000
off,run_07.json,369,0.711000
off,run_07.json,370,1.456000
off,run_07.json,371,0.612000
off,run_07.json,372,0.746000
off,run_07.json,373,2.191000
off,run_07.json,374,9.149000
off,run_07.json,375,0.677000
off,run_07.json,376,0.967000
off,run_07.json,377,1.499000
off,run_07.json,378,0.673000
off,run_07.json,379,0.675000
off,run_07.json,380,0.601000
off,run_07.json,381,0.662000
off,run_07.json,382,10.702000
off,run_07.json,383,0.663000
off,run_07.json,384,1.212000
off,run_07.json,385,1.497000
off,run_07.json,386,0.707000
off,run_07.json,387,0.645000
off,run_07.json,388,0.675000
off,run_07.json,389,1.309000
off,run_07.json,390,8.560000
off,run_07.json,391,0.618000
off,run_07.json,392,0.910000
off,run_07.json,393,0.641000
off,run_07.json,394,1.434000
off,run_07.json,395,0.752000
off,run_07.json,396,0.709000
off,run_07.json,397,0.624000
off,run_07.json,398,1.385000
off,run_07.json,399,7.962000
off,run_07.json,400,0.669000
off,run_07.json,401,0.946000
off,run_07.json,402,0.634000
off,run_07.json,403,1.537000
off,run_07.json,404,0.643000
off,run_07.json,405,0.680000
off,run_07.json,406,0.653000
off,run_07.json,407,1.351000
off,run_07.json,408,9.969000
off,run_07.json,409,0.706000
off,run_07.json,410,0.928000
off,run_07.json,411,0.702000
off,run_07.json,412,1.464000
off,run_07.json,413,0.641000
off,run_07.json,414,0.644000
off,run_07.json,415,0.675000
off,run_07.json,416,1.342000
off,run_07.json,417,10.717000
off,run_07.json,418,0.694000
off,run_07.json,419,0.937000
off,run_07.json,420,0.743000
off,run_07.json,421,1.397000
off,run_07.json,422,0.653000
off,run_07.json,423,0.793000
off,run_07.json,424,0.941000
off,run_07.json,425,10.476000
off,run_07.json,426,0.819000
off,run_07.json,427,1.014000
off,run_07.json,428,1.401000
off,run_07.json,429,0.645000
off,run_07.json,430,0.682000
off,run_07.json,431,0.671000
off,run_07.json,432,1.354000
off,run_07.json,433,9.695000
off,run_07.json,434,0.656000
off,run_07.json,435,0.966000
off,run_07.json,436,0.666000
off,run_07.json,437,1.503000
off,run_07.json,438,0.664000
off,run_07.json,439,0.665000
off,run_07.json,440,0.636000
off,run_07.json,441,1.306000
off,run_07.json,442,9.916000
off,run_07.json,443,0.631000
off,run_07.json,444,0.964000
off,run_07.json,445,0.670000
off,run_07.json,446,1.466000
off,run_07.json,447,0.667000
off,run_07.json,448,0.664000
off,run_07.json,449,0.625000
off,run_07.json,450,1.466000
off,run_07.json,451,9.663000
off,run_07.json,452,0.661000
off,run_07.json,453,1.071000
off,run_07.json,454,0.652000
off,run_07.json,455,0.841000
off,run_07.json,456,0.621000
off,run_07.json,457,1.243000
off,run_07.json,458,0.616000
off,run_07.json,459,1.440000
off,run_07.json,460,9.969000
off,run_07.json,461,0.655000
off,run_07.json,462,0.951000
off,run_07.json,463,0.686000
off,run_07.json,464,0.810000
off,run_07.json,465,0.735000
off,run_07.json,466,1.355000
off,run_07.json,467,1.554000
off,run_07.json,468,10.714000
off,run_07.json,469,0.775000
off,run_07.json,470,0.902000
off,run_07.json,471,0.660000
off,run_07.json,472,1.518000
off,run_07.json,473,0.695000
off,run_07.json,474,0.647000
off,run_07.json,475,1.393000
off,run_07.json,476,10.395000
off,run_07.json,477,0.604000
off,run_07.json,478,0.995000
off,run_07.json,479,0.647000
off,run_07.json,480,1.467000
off,run_07.json,481,0.560000
off,run_07.json,482,0.639000
off,run_07.json,483,0.698000
off,run_07.json,484,1.322000
off,run_07.json,485,8.326000
off,run_07.json,486,0.582000
off,run_07.json,487,1.007000
off,run_07.json,488,0.623000
off,run_07.json,489,1.565000
off,run_07.json,490,0.656000
off,run_07.json,491,0.649000
off,run_07.json,492,0.634000
off,run_07.json,493,1.400000
off,run_07.json,494,7.836000
off,run_07.json,495,0.626000
off,run_07.json,496,0.986000
off,run_07.json,497,0.717000
off,run_07.json,498,1.472000
off,run_07.json,499,0.621000
off,run_07.json,500,0.732000
off,run_07.json,501,0.666000
off,run_07.json,502,10.622000
off,run_07.json,503,0.716000
off,run_07.json,504,1.021000
off,run_07.json,505,1.610000
off,run_07.json,506,0.823000
off,run_07.json,507,0.829000
off,run_07.json,508,0.722000
off,run_07.json,509,10.897000
off,run_07.json,510,0.742000
off,run_07.json,511,1.035000
off,run_07.json,512,0.716000
off,run_07.json,513,1.419000
off,run_07.json,514,0.683000
off,run_07.json,515,0.683000
off,run_07.json,516,1.415000
off,run_07.json,517,9.988000
off,run_07.json,518,0.658000
off,run_07.json,519,0.998000
off,run_07.json,520,0.708000
off,run_07.json,521,1.528000
off,run_07.json,522,0.738000
off,run_07.json,523,0.616000
off,run_07.json,524,0.698000
off,run_07.json,525,10.673000
off,run_07.json,526,0.710000
off,run_07.json,527,0.933000
off,run_07.json,528,0.621000
off,run_07.json,529,1.454000
off,run_07.json,530,0.622000
off,run_07.json,531,0.691000
off,run_07.json,532,0.624000
off,run_07.json,533,1.420000
off,run_07.json,534,10.024000
off,run_07.json,535,0.609000
off,run_07.json,536,0.981000
off,run_07.json,537,0.603000
off,run_07.json,538,1.513000
off,run_07.json,539,0.689000
off,run_07.json,540,0.689000
off,run_07.json,541,0.668000
off,run_07.json,542,12.003000
off,run_07.json,543,0.641000
off,run_07.json,544,1.039000
off,run_07.json,545,1.689000
off,run_07.json,546,0.703000
off,run_07.json,547,0.610000
off,run_07.json,548,0.689000
off,run_07.json,549,1.361000
off,run_07.json,550,10.643000
off,run_07.json,551,0.757000
off,run_07.json,552,0.897000
off,run_07.json,553,0.663000
off,run_07.json,554,1.524000
off,run_07.json,555,0.598000
off,run_07.json,556,0.700000
off,run_07.json,557,0.700000
off,run_07.json,558,11.550000
off,run_07.json,559,0.688000
off,run_07.json,560,1.140000
off,run_07.json,561,1.633000
off,run_07.json,562,0.653000
off,run_07.json,563,0.727000
off,run_07.json,564,0.671000
off,run_07.json,565,1.364000
off,run_07.json,566,10.248000
off,run_07.json,567,0.667000
off,run_07.json,568,1.002000
off,run_07.json,569,0.696000
off,run_07.json,570,1.442000
off,run_07.json,571,0.657000
off,run_07.json,572,0.659000
off,run_07.json,573,0.660000
off,run_07.json,574,11.655000
off,run_07.json,575,0.827000
off,run_07.json,576,1.012000
off,run_07.json,577,0.685000
off,run_07.json,578,1.625000
off,run_07.json,579,0.869000
off,run_07.json,580,0.787000
off,run_07.json,581,11.281000
off,run_07.json,582,0.926000
off,run_07.json,583,0.947000
off,run_07.json,584,1.625000
off,run_07.json,585,0.841000
off,run_07.json,586,0.890000
off,run_07.json,587,1.568000
off,run_07.json,588,10.014000
off,run_07.json,589,0.664000
off,run_07.json,590,1.104000
off,run_07.json,591,1.622000
off,run_07.json,592,0.692000
off,run_07.json,593,0.682000
off,run_07.json,594,0.631000
off,run_07.json,595,10.682000
off,run_07.json,596,0.666000
off,run_07.json,597,0.954000
off,run_07.json,598,0.711000
off,run_07.json,599,1.435000
off,run_07.json,600,0.620000
off,run_07.json,601,0.691000
off,run_07.json,602,0.675000
off,run_07.json,603,1.255000
off,run_07.json,604,8.596000
off,run_07.json,605,0.647000
off,run_07.json,606,1.012000
off,run_07.json,607,0.659000
off,run_07.json,608,1.417000
off,run_07.json,609,0.661000
off,run_07.json,610,0.626000
off,run_07.json,611,0.613000
off,run_07.json,612,1.640000
off,run_07.json,613,8.712000
off,run_07.json,614,0.671000
off,run_07.json,615,0.941000
off,run_07.json,616,0.594000
off,run_07.json,617,1.553000
off,run_07.json,618,0.614000
off,run_07.json,619,0.577000
off,run_07.json,620,0.652000
off,run_07.json,621,1.292000
off,run_07.json,622,8.939000
off,run_07.json,623,0.629000
off,run_07.json,624,0.974000
off,run_07.json,625,0.607000
off,run_07.json,626,1.526000
off,run_07.json,627,0.620000
off,run_07.json,628,0.583000
off,run_07.json,629,0.633000
off,run_07.json,630,1.409000
off,run_07.json,631,8.175000
off,run_07.json,632,0.874000
off,run_07.json,633,0.948000
off,run_07.json,634,1.713000
off,run_07.json,635,0.792000
off,run_07.json,636,0.728000
off,run_07.json,637,0.743000
off,run_07.json,638,10.775000
off,run_07.json,639,0.637000
off,run_07.json,640,0.976000
off,run_07.json,641,0.634000
off,run_07.json,642,1.529000
off,run_07.json,643,0.573000
off,run_07.json,644,0.658000
off,run_07.json,645,0.651000
off,run_07.json,646,1.268000
off,run_07.json,647,9.784000
off,run_07.json,648,1.269000
off,run_07.json,649,0.681000
off,run_07.json,650,1.665000
off,run_07.json,651,0.864000
off,run_07.json,652,0.868000
off,run_07.json,653,1.573000
off,run_07.json,654,9.878000
off,run_07.json,655,0.750000
off,run_07.json,656,1.046000
off,run_07.json,657,1.610000
off,run_07.json,658,0.855000
off,run_07.json,659,0.722000
off,run_07.json,660,0.818000
off,run_07.json,661,10.793000
off,run_07.json,662,0.757000
off,run_07.json,663,0.818000
off,run_07.json,664,0.637000
off,run_07.json,665,1.636000
off,run_07.json,666,0.706000
off,run_07.json,667,0.589000
off,run_07.json,668,0.661000
off,run_07.json,669,10.948000
off,run_07.json,670,0.754000
off,run_07.json,671,0.903000
off,run_07.json,672,0.772000
off,run_07.json,673,1.631000
off,run_07.json,674,0.917000
off,run_07.json,675,0.690000
off,run_07.json,676,11.101000
off,run_07.json,677,0.713000
off,run_07.json,678,0.909000
off,run_07.json,679,0.776000
off,run_07.json,680,1.418000
off,run_07.json,681,0.691000
off,run_07.json,682,0.734000
off,run_07.json,683,1.494000
off,run_07.json,684,9.794000
off,run_07.json,685,0.841000
off,run_07.json,686,0.863000
off,run_07.json,687,1.615000
off,run_07.json,688,0.820000
off,run_07.json,689,0.921000
off,run_07.json,690,0.627000
off,run_07.json,691,10.650000
off,run_07.json,692,0.559000
off,run_07.json,693,0.932000
off,run_07.json,694,0.547000
off,run_07.json,695,1.556000
off,run_07.json,696,0.628000
off,run_07.json,697,0.646000
off,run_07.json,698,0.625000
off,run_07.json,699,1.257000
off,run_07.json,700,10.130000
off,run_07.json,701,0.588000
off,run_07.json,702,0.919000
off,run_07.json,703,0.552000
off,run_07.json,704,2.805000
off,run_07.json,705,0.559000
off,run_07.json,706,1.406000
off,run_07.json,707,9.821000
off,run_07.json,708,0.580000
off,run_07.json,709,0.958000
off,run_07.json,710,0.547000
off,run_07.json,711,1.529000
off,run_07.json,712,0.549000
off,run_07.json,713,0.589000
off,run_07.json,714,0.554000
off,run_07.json,715,2.818000
off,run_07.json,716,8.474000
off,run_07.json,717,0.698000
off,run_07.json,718,0.969000
off,run_07.json,719,0.654000
off,run_07.json,720,1.391000
off,run_07.json,721,0.628000
off,run_07.json,722,0.643000
off,run_07.json,723,0.576000
off,run_07.json,724,1.410000
off,run_07.json,725,9.772000
off,run_07.json,726,0.767000
off,run_07.json,727,0.830000
off,run_07.json,728,0.613000
off,run_07.json,729,1.571000
off,run_07.json,730,0.679000
off,run_07.json,731,0.642000
off,run_07.json,732,0.681000
off,run_07.json,733,10.917000
off,run_07.json,734,0.677000
off,run_07.json,735,0.980000
off,run_07.json,736,0.604000
off,run_07.json,737,1.584000
off,run_07.json,738,0.655000
off,run_07.json,739,0.638000
off,run_07.json,740,0.706000
off,run_07.json,741,10.813000
off,run_07.json,742,0.616000
off,run_07.json,743,0.971000
off,run_07.json,744,0.604000
off,run_07.json,745,1.603000
off,run_07.json,746,0.645000
off,run_07.json,747,0.713000
off,run_07.json,748,0.708000
off,run_07.json,749,10.771000
off,run_07.json,750,0.696000
off,run_07.json,751,1.134000
off,run_07.json,752,1.686000
off,run_07.json,753,0.859000
off,run_07.json,754,0.793000
off,run_07.json,755,0.717000
off,run_07.json,756,10.828000
off,run_07.json,757,0.955000
off,run_07.json,758,0.923000
off,run_07.json,759,1.642000
off,run_07.json,760,0.896000
off,run_07.json,761,0.755000
off,run_07.json,762,1.433000
off,run_07.json,763,10.211000
off,run_07.json,764,0.816000
off,run_07.json,765,0.905000
off,run_07.json,766,1.650000
off,run_07.json,767,0.703000
off,run_07.json,768,0.682000
off,run_07.json,769,0.698000
off,run_07.json,770,1.492000
off,run_07.json,771,9.410000
off,run_07.json,772,0.628000
off,run_07.json,773,1.013000
off,run_07.json,774,0.658000
off,run_07.json,775,1.550000
off,run_07.json,776,0.627000
off,run_07.json,777,0.662000
off,run_07.json,778,0.699000
off,run_07.json,779,0.700000
off,run_07.json,780,1.319000
off,run_07.json,781,8.960000
off,run_07.json,782,0.689000
off,run_07.json,783,1.008000
off,run_07.json,784,1.606000
off,run_07.json,785,0.686000
off,run_07.json,786,0.851000
off,run_07.json,787,0.717000
off,run_07.json,788,1.355000
off,run_07.json,789,9.578000
off,run_07.json,790,0.692000
off,run_07.json,791,0.986000
off,run_07.json,792,0.708000
off,run_07.json,793,1.500000
off,run_07.json,794,0.683000
off,run_07.json,795,0.751000
off,run_07.json,796,0.752000
off,run_07.json,797,0.664000
off,run_07.json,798,1.416000
off,run_07.json,799,8.665000
off,run_07.json,800,0.683000
off,run_07.json,801,1.003000
off,run_07.json,802,0.644000
off,run_07.json,803,1.513000
off,run_07.json,804,0.670000
off,run_07.json,805,0.674000
off,run_07.json,806,1.362000
off,run_07.json,807,10.065000
off,run_07.json,808,0.741000
off,run_07.json,809,0.968000
off,run_07.json,810,0.703000
off,run_07.json,811,1.501000
off,run_07.json,812,0.682000
off,run_07.json,813,0.926000
off,run_07.json,814,0.666000
off,run_07.json,815,0.704000
off,run_07.json,816,11.151000
off,run_07.json,817,0.767000
off,run_07.json,818,1.023000
off,run_07.json,819,1.685000
off,run_07.json,820,0.661000
off,run_07.json,821,0.718000
off,run_07.json,822,0.720000
off,run_07.json,823,0.648000
off,run_07.json,824,1.452000
off,run_07.json,825,9.399000
off,run_07.json,826,0.780000
off,run_07.json,827,1.074000
off,run_07.json,828,1.594000
off,run_07.json,829,0.691000
off,run_07.json,830,0.758000
off,run_07.json,831,0.685000
off,run_07.json,832,0.667000
off,run_07.json,833,1.549000
off,run_07.json,834,7.148000
off,run_07.json,835,0.841000
off,run_07.json,836,0.934000
off,run_07.json,837,1.634000
off,run_07.json,838,0.719000
off,run_07.json,839,0.691000
off,run_07.json,840,0.660000
off,run_07.json,841,0.718000
off,run_07.json,842,0.700000
off,run_07.json,843,9.794000
off,run_07.json,844,1.265000
off,run_07.json,845,0.702000
off,run_07.json,846,1.480000
off,run_07.json,847,0.746000
off,run_07.json,848,0.736000
off,run_07.json,849,0.640000
off,run_07.json,850,0.736000
off,run_07.json,851,1.497000
off,run_07.json,852,12.514000
off,run_07.json,853,0.964000
off,run_07.json,854,0.772000
off,run_07.json,855,1.620000
off,run_07.json,856,0.863000
off,run_07.json,857,0.758000
off,run_07.json,858,0.753000
off,run_07.json,859,1.381000
off,run_07.json,860,9.971000
off,run_07.json,861,0.724000
off,run_07.json,862,1.107000
off,run_07.json,863,1.729000
off,run_07.json,864,0.773000
off,run_07.json,865,0.850000
off,run_07.json,866,1.010000
off,run_07.json,867,1.445000
off,run_07.json,868,8.910000
off,run_07.json,869,0.693000
off,run_07.json,870,1.019000
off,run_07.json,871,0.728000
off,run_07.json,872,1.626000
off,run_07.json,873,0.847000
off,run_07.json,874,0.670000
off,run_07.json,875,0.710000
off,run_07.json,876,1.530000
off,run_07.json,877,8.804000
off,run_07.json,878,0.809000
off,run_07.json,879,0.987000
off,run_07.json,880,1.527000
off,run_07.json,881,0.700000
off,run_07.json,882,0.736000
off,run_07.json,883,0.724000
off,run_07.json,884,0.736000
off,run_07.json,885,1.389000
off,run_07.json,886,8.806000
off,run_07.json,887,0.703000
off,run_07.json,888,0.925000
off,run_07.json,889,0.715000
off,run_07.json,890,1.550000
off,run_07.json,891,0.653000
off,run_07.json,892,0.773000
off,run_07.json,893,0.997000
off,run_07.json,894,1.360000
off,run_07.json,895,8.724000
off,run_07.json,896,0.701000
off,run_07.json,897,0.932000
off,run_07.json,898,0.614000
off,run_07.json,899,1.587000
off,run_07.json,900,0.671000
off,run_07.json,901,0.596000
off,run_07.json,902,0.626000
off,run_07.json,903,0.677000
off,run_07.json,904,1.398000
off,run_07.json,905,8.503000
off,run_07.json,906,0.746000
off,run_07.json,907,1.011000
off,run_07.json,908,1.390000
off,run_07.json,909,0.669000
off,run_07.json,910,0.732000
off,run_07.json,911,0.735000
off,run_07.json,912,0.578000
off,run_07.json,913,0.669000
off,run_07.json,914,1.279000
off,run_07.json,915,7.640000
off,run_07.json,916,0.703000
off,run_07.json,917,0.923000
off,run_07.json,918,1.710000
off,run_07.json,919,0.703000
off,run_07.json,920,0.700000
off,run_07.json,921,0.937000
off,run_07.json,922,0.742000
off,run_07.json,923,1.435000
off,run_07.json,924,7.277000
off,run_07.json,925,0.659000
off,run_07.json,926,1.021000
off,run_07.json,927,1.639000
off,run_07.json,928,0.732000
off,run_07.json,929,0.733000
off,run_07.json,930,0.734000
off,run_07.json,931,0.644000
off,run_07.json,932,0.686000
off,run_07.json,933,10.452000
off,run_07.json,934,0.743000
off,run_07.json,935,0.993000
off,run_07.json,936,1.627000
off,run_07.json,937,0.667000
off,run_07.json,938,0.659000
off,run_07.json,939,0.691000
off,run_07.json,940,0.615000
off,run_07.json,941,0.711000
off,run_07.json,942,1.264000
off,run_07.json,943,9.383000
off,run_07.json,944,0.700000
off,run_07.json,945,0.951000
off,run_07.json,946,1.681000
off,run_07.json,947,0.697000
off,run_07.json,948,0.961000
off,run_07.json,949,0.620000
off,run_07.json,950,0.646000
off,run_07.json,951,1.334000
off,run_07.json,952,8.748000
off,run_07.json,953,0.624000
off,run_07.json,954,1.031000
off,run_07.json,955,0.629000
off,run_07.json,956,1.588000
off,run_07.json,957,0.682000
off,run_07.json,958,0.612000
off,run_07.json,959,0.675000
off,run_07.json,960,0.692000
off,run_07.json,961,1.308000
off,run_07.json,962,9.038000
off,run_07.json,963,0.698000
off,run_07.json,964,0.948000
off,run_07.json,965,1.566000
off,run_07.json,966,0.689000
off,run_07.json,967,0.693000
off,run_07.json,968,0.649000
off,run_07.json,969,0.682000
off,run_07.json,970,0.701000
off,run_07.json,971,1.340000
off,run_07.json,972,8.942000
off,run_07.json,973,0.716000
off,run_07.json,974,1.044000
off,run_07.json,975,1.583000
off,run_07.json,976,0.709000
off,run_07.json,977,0.728000
off,run_07.json,978,0.646000
off,run_07.json,979,0.711000
off,run_07.json,980,0.717000
off,run_07.json,981,10.044000
off,run_07.json,982,0.756000
off,run_07.json,983,1.044000
off,run_07.json,984,1.737000
off,run_07.json,985,0.792000
off,run_07.json,986,0.784000
off,run_07.json,987,0.843000
off,run_07.json,988,0.803000
off,run_07.json,989,1.522000
off,run_07.json,990,9.102000
off,run_07.json,991,0.717000
off,run_07.json,992,0.943000
off,run_07.json,993,0.653000
off,run_07.json,994,0.677000
off,run_07.json,995,1.462000
off,run_07.json,996,0.689000
off,run_07.json,997,0.678000
off,run_07.json,998,0.677000
off,run_07.json,999,1.343000
off,run_07.json,1000,9.320000
off,run_07.json,1001,0.646000
off,run_07.json,1002,0.898000
off,run_07.json,1003,0.618000
off,run_07.json,1004,1.521000
off,run_07.json,1005,0.685000
off,run_07.json,1006,0.599000
off,run_07.json,1007,0.649000
off,run_07.json,1008,0.695000
off,run_07.json,1009,1.271000
off,run_07.json,1010,7.355000
off,run_07.json,1011,0.652000
off,run_07.json,1012,1.009000
off,run_07.json,1013,1.640000
off,run_07.json,1014,0.696000
off,run_07.json,1015,0.658000
off,run_07.json,1016,0.712000
off,run_07.json,1017,0.708000
off,run_07.json,1018,0.726000
off,run_07.json,1019,8.281000
off,run_07.json,1020,0.796000
off,run_07.json,1021,0.925000
off,run_07.json,1022,1.558000
off,run_07.json,1023,0.685000
off,run_07.json,1024,0.720000
off,run_07.json,1025,0.713000
off,run_07.json,1026,0.633000
off,run_07.json,1027,0.978000
off,run_07.json,1028,9.725000
off,run_07.json,1029,0.894000
off,run_07.json,1030,0.870000
off,run_07.json,1031,1.380000
off,run_07.json,1032,0.777000
off,run_07.json,1033,0.726000
off,run_07.json,1034,0.681000
off,run_07.json,1035,0.711000
off,run_07.json,1036,0.707000
off,run_07.json,1037,9.754000
off,run_07.json,1038,0.689000
off,run_07.json,1039,1.019000
off,run_07.json,1040,1.595000
off,run_07.json,1041,0.690000
off,run_07.json,1042,0.634000
off,run_07.json,1043,0.686000
off,run_07.json,1044,0.637000
off,run_07.json,1045,1.863000
off,run_07.json,1046,8.893000
off,run_07.json,1047,0.626000
off,run_07.json,1048,0.960000
off,run_07.json,1049,0.622000
off,run_07.json,1050,1.477000
off,run_07.json,1051,0.631000
off,run_07.json,1052,0.624000
off,run_07.json,1053,0.661000
off,run_07.json,1054,0.619000
off,run_07.json,1055,0.656000
off,run_07.json,1056,11.234000
off,run_07.json,1057,0.483000
off,run_07.json,1058,1.497000
off,run_07.json,1059,0.662000
off,run_07.json,1060,0.641000
off,run_07.json,1061,0.589000
off,run_07.json,1062,0.689000
off,run_07.json,1063,0.683000
off,run_07.json,1064,1.407000
off,run_07.json,1065,9.862000
off,run_07.json,1066,0.652000
off,run_07.json,1067,0.943000
off,run_07.json,1068,0.596000
off,run_07.json,1069,1.536000
off,run_07.json,1070,0.634000
off,run_07.json,1071,0.656000
off,run_07.json,1072,0.639000
off,run_07.json,1073,0.633000
off,run_07.json,1074,1.324000
off,run_07.json,1075,9.780000
off,run_07.json,1076,0.639000
off,run_07.json,1077,1.034000
off,run_07.json,1078,0.625000
off,run_07.json,1079,1.603000
off,run_07.json,1080,0.668000
off,run_07.json,1081,0.667000
off,run_07.json,1082,0.653000
off,run_07.json,1083,0.656000
off,run_07.json,1084,1.278000
off,run_07.json,1085,9.932000
off,run_07.json,1086,1.010000
off,run_07.json,1087,0.676000
off,run_07.json,1088,1.690000
off,run_07.json,1089,0.704000
off,run_07.json,1090,0.642000
off,run_07.json,1091,0.656000
off,run_07.json,1092,0.694000
off,run_07.json,1093,0.685000
off,run_07.json,1094,1.347000
off,run_07.json,1095,9.095000
off,run_07.json,1096,0.779000
off,run_07.json,1097,0.967000
off,run_07.json,1098,1.634000
off,run_07.json,1099,0.658000
off,run_07.json,1100,0.720000
off,run_07.json,1101,0.723000
off,run_07.json,1102,0.709000
off,run_07.json,1103,0.776000
off,run_07.json,1104,10.716000
off,run_07.json,1105,0.796000
off,run_07.json,1106,0.914000
off,run_07.json,1107,1.547000
off,run_07.json,1108,0.743000
off,run_07.json,1109,0.717000
off,run_07.json,1110,0.614000
off,run_07.json,1111,0.687000
off,run_07.json,1112,0.704000
off,run_07.json,1113,9.954000
off,run_07.json,1114,0.688000
off,run_07.json,1115,0.878000
off,run_07.json,1116,0.601000
off,run_07.json,1117,1.480000
off,run_07.json,1118,0.672000
off,run_07.json,1119,0.673000
off,run_07.json,1120,0.627000
off,run_07.json,1121,0.618000
off,run_07.json,1122,1.326000
off,run_07.json,1123,8.447000
off,run_07.json,1124,0.596000
off,run_07.json,1125,0.942000
off,run_07.json,1126,0.630000
off,run_07.json,1127,1.444000
off,run_07.json,1128,0.667000
off,run_07.json,1129,0.661000
off,run_07.json,1130,0.608000
off,run_07.json,1131,0.625000
off,run_07.json,1132,0.630000
off,run_07.json,1133,1.297000
off,run_07.json,1134,7.466000
off,run_07.json,1135,0.655000
off,run_07.json,1136,0.884000
off,run_07.json,1137,0.582000
off,run_07.json,1138,1.549000
off,run_07.json,1139,0.587000
off,run_07.json,1140,0.653000
off,run_07.json,1141,0.636000
off,run_07.json,1142,0.604000
off,run_07.json,1143,0.640000
off,run_07.json,1144,8.948000
off,run_07.json,1145,0.746000
off,run_07.json,1146,0.872000
off,run_07.json,1147,1.774000
off,run_07.json,1148,0.685000
off,run_07.json,1149,0.646000
off,run_07.json,1150,0.617000
off,run_07.json,1151,0.624000
off,run_07.json,1152,0.687000
off,run_07.json,1153,1.247000
off,run_07.json,1154,7.003000
off,run_07.json,1155,0.656000
off,run_07.json,1156,0.859000
off,run_07.json,1157,0.650000
off,run_07.json,1158,1.466000
off,run_07.json,1159,0.648000
off,run_07.json,1160,0.642000
off,run_07.json,1161,0.601000
off,run_07.json,1162,0.645000
off,run_07.json,1163,0.637000
off,run_07.json,1164,1.214000
off,run_07.json,1165,8.323000
off,run_07.json,1166,0.699000
off,run_07.json,1167,0.883000
off,run_07.json,1168,0.602000
off,run_07.json,1169,1.494000
off,run_07.json,1170,0.643000
off,run_07.json,1171,0.597000
off,run_07.json,1172,0.607000
off,run_07.json,1173,0.572000
off,run_07.json,1174,0.635000
off,run_07.json,1175,1.200000
off,run_07.json,1176,8.731000
off,run_07.json,1177,0.671000
off,run_07.json,1178,0.827000
off,run_07.json,1179,0.603000
off,run_07.json,1180,1.583000
off,run_07.json,1181,0.852000
off,run_07.json,1182,0.570000
off,run_07.json,1183,0.768000
off,run_07.json,1184,0.595000
off,run_07.json,1185,1.252000
off,run_07.json,1186,8.906000
off,run_07.json,1187,0.617000
off,run_07.json,1188,0.959000
off,run_07.json,1189,0.632000
off,run_07.json,1190,1.451000
off,run_07.json,1191,0.590000
off,run_07.json,1192,0.628000
off,run_07.json,1193,0.620000
off,run_07.json,1194,0.620000
off,run_07.json,1195,0.572000
off,run_07.json,1196,1.265000
off,run_07.json,1197,8.810000
off,run_07.json,1198,0.598000
off,run_07.json,1199,0.950000
off,run_07.json,1200,0.557000
off,run_07.json,1201,1.619000
off,run_07.json,1202,0.689000
off,run_07.json,1203,0.654000
off,run_07.json,1204,0.731000
off,run_07.json,1205,0.740000
off,run_07.json,1206,1.256000
off,run_07.json,1207,8.904000
off,run_07.json,1208,0.643000
off,run_07.json,1209,0.868000
off,run_07.json,1210,0.628000
off,run_07.json,1211,1.496000
off,run_07.json,1212,0.599000
off,run_07.json,1213,0.591000
off,run_07.json,1214,0.586000
off,run_07.json,1215,0.679000
off,run_07.json,1216,0.677000
off,run_07.json,1217,9.888000
off,run_07.json,1218,0.614000
off,run_07.json,1219,0.883000
off,run_07.json,1220,0.594000
off,run_07.json,1221,1.462000
off,run_07.json,1222,0.611000
off,run_07.json,1223,0.541000
off,run_07.json,1224,0.608000
off,run_07.json,1225,0.607000
off,run_07.json,1226,0.631000
off,run_07.json,1227,1.516000
off,run_07.json,1228,8.588000
off,run_07.json,1229,0.656000
off,run_07.json,1230,0.906000
off,run_07.json,1231,0.588000
off,run_07.json,1232,1.487000
off,run_07.json,1233,0.638000
off,run_07.json,1234,0.585000
off,run_07.json,1235,0.603000
off,run_07.json,1236,0.582000
off,run_07.json,1237,0.605000
off,run_07.json,1238,1.258000
off,run_07.json,1239,8.986000
off,run_07.json,1240,0.771000
off,run_07.json,1241,0.895000
off,run_07.json,1242,1.475000
off,run_07.json,1243,0.668000
off,run_07.json,1244,0.652000
off,run_07.json,1245,0.587000
off,run_07.json,1246,0.661000
off,run_07.json,1247,0.661000
off,run_07.json,1248,1.346000
off,run_07.json,1249,8.719000
off,run_07.json,1250,0.791000
off,run_07.json,1251,0.862000
off,run_07.json,1252,0.674000
off,run_07.json,1253,1.460000
off,run_07.json,1254,0.711000
off,run_07.json,1255,0.680000
off,run_07.json,1256,0.705000
off,run_07.json,1257,0.723000
off,run_07.json,1258,1.390000
off,run_07.json,1259,8.887000
off,run_07.json,1260,0.848000
off,run_07.json,1261,1.028000
off,run_07.json,1262,1.398000
off,run_07.json,1263,0.637000
off,run_07.json,1264,0.675000
off,run_07.json,1265,0.719000
off,run_07.json,1266,0.665000
off,run_07.json,1267,0.662000
off,run_07.json,1268,1.470000
off,run_07.json,1269,8.454000
off,run_07.json,1270,0.787000
off,run_07.json,1271,1.050000
off,run_07.json,1272,1.512000
off,run_07.json,1273,0.757000
off,run_07.json,1274,0.682000
off,run_07.json,1275,0.649000
off,run_07.json,1276,0.698000
off,run_07.json,1277,1.408000
off,run_07.json,1278,8.940000
off,run_07.json,1279,0.709000
off,run_07.json,1280,0.926000
off,run_07.json,1281,0.628000
off,run_07.json,1282,1.537000
off,run_07.json,1283,0.744000
off,run_07.json,1284,0.722000
off,run_07.json,1285,0.699000
off,run_07.json,1286,0.658000
off,run_07.json,1287,1.482000
off,run_07.json,1288,8.728000
off,run_07.json,1289,0.730000
off,run_07.json,1290,0.957000
off,run_07.json,1291,0.639000
off,run_07.json,1292,1.500000
off,run_07.json,1293,0.720000
off,run_07.json,1294,0.734000
off,run_07.json,1295,0.657000
off,run_07.json,1296,0.708000
off,run_07.json,1297,1.432000
off,run_07.json,1298,8.492000
off,run_07.json,1299,0.701000
off,run_07.json,1300,0.993000
off,run_07.json,1301,1.581000
off,run_07.json,1302,0.654000
off,run_07.json,1303,0.695000
off,run_07.json,1304,0.666000
off,run_07.json,1305,0.733000
off,run_07.json,1306,0.734000
off,run_07.json,1307,1.317000
off,run_07.json,1308,8.514000
off,run_07.json,1309,0.683000
off,run_07.json,1310,0.989000
off,run_07.json,1311,1.652000
off,run_07.json,1312,0.693000
off,run_07.json,1313,0.668000
off,run_07.json,1314,0.717000
off,run_07.json,1315,0.732000
off,run_07.json,1316,0.653000
off,run_07.json,1317,10.147000
off,run_07.json,1318,0.760000
off,run_07.json,1319,1.143000
off,run_07.json,1320,1.565000
off,run_07.json,1321,0.832000
off,run_07.json,1322,0.823000
off,run_07.json,1323,0.689000
off,run_07.json,1324,0.749000
off,run_07.json,1325,2.539000
off,run_07.json,1326,7.478000
off,run_07.json,1327,0.765000
off,run_07.json,1328,1.060000
off,run_07.json,1329,1.526000
off,run_07.json,1330,0.851000
off,run_07.json,1331,0.669000
off,run_07.json,1332,0.723000
off,run_07.json,1333,0.652000
off,run_07.json,1334,1.437000
off,run_07.json,1335,9.985000
off,run_07.json,1336,0.672000
off,run_07.json,1337,0.969000
off,run_07.json,1338,0.738000
off,run_07.json,1339,1.517000
off,run_07.json,1340,0.690000
off,run_07.json,1341,0.702000
off,run_07.json,1342,0.738000
off,run_07.json,1343,0.662000
off,run_07.json,1344,1.492000
off,run_07.json,1345,9.227000
off,run_07.json,1346,0.721000
off,run_07.json,1347,0.983000
off,run_07.json,1348,1.781000
off,run_07.json,1349,0.686000
off,run_07.json,1350,0.751000
off,run_07.json,1351,0.753000
off,run_07.json,1352,0.749000
off,run_07.json,1353,1.355000
off,run_07.json,1354,7.260000
off,run_07.json,1355,0.855000
off,run_07.json,1356,0.920000
off,run_07.json,1357,1.643000
off,run_07.json,1358,0.692000
off,run_07.json,1359,0.676000
off,run_07.json,1360,0.759000
off,run_07.json,1361,0.742000
off,run_07.json,1362,1.388000
off,run_07.json,1363,8.661000
off,run_07.json,1364,0.633000
off,run_07.json,1365,1.027000
off,run_07.json,1366,0.679000
off,run_07.json,1367,1.419000
off,run_07.json,1368,0.667000
off,run_07.json,1369,0.638000
off,run_07.json,1370,0.641000
off,run_07.json,1371,0.669000
off,run_07.json,1372,1.358000
off,run_07.json,1373,9.044000
off,run_07.json,1374,0.718000
off,run_07.json,1375,1.001000
off,run_07.json,1376,1.751000
off,run_07.json,1377,0.649000
off,run_07.json,1378,0.716000
off,run_07.json,1379,0.748000
off,run_07.json,1380,0.665000
off,run_07.json,1381,0.620000
off,run_07.json,1382,13.755000
off,run_07.json,1383,0.713000
off,run_07.json,1384,0.863000
off,run_07.json,1385,0.612000
off,run_07.json,1386,2.681000
off,run_07.json,1387,0.508000
off,run_07.json,1388,0.667000
off,run_07.json,1389,0.643000
off,run_07.json,1390,1.369000
off,run_07.json,1391,8.669000
off,run_07.json,1392,0.633000
off,run_07.json,1393,1.033000
off,run_07.json,1394,0.605000
off,run_07.json,1395,1.525000
off,run_07.json,1396,0.650000
off,run_07.json,1397,1.978000
off,run_07.json,1398,1.243000
off,run_07.json,1399,8.938000
off,run_07.json,1400,0.767000
off,run_07.json,1401,0.876000
off,run_07.json,1402,0.682000
off,run_07.json,1403,1.441000
off,run_07.json,1404,0.681000
off,run_07.json,1405,0.602000
off,run_07.json,1406,0.672000
off,run_07.json,1407,0.640000
off,run_07.json,1408,1.317000
off,run_07.json,1409,8.778000
off,run_07.json,1410,0.694000
off,run_07.json,1411,0.965000
off,run_07.json,1412,0.692000
off,run_07.json,1413,1.616000
off,run_07.json,1414,0.720000
off,run_07.json,1415,0.762000
off,run_07.json,1416,0.769000
off,run_07.json,1417,0.795000
off,run_07.json,1418,9.568000
off,run_07.json,1419,0.749000
off,run_07.json,1420,0.939000
off,run_07.json,1421,0.683000
off,run_07.json,1422,1.538000
off,run_07.json,1423,0.721000
off,run_07.json,1424,0.701000
off,run_07.json,1425,0.593000
off,run_07.json,1426,0.678000
off,run_07.json,1427,9.589000
off,run_07.json,1428,0.679000
off,run_07.json,1429,0.888000
off,run_07.json,1430,0.621000
off,run_07.json,1431,1.528000
off,run_07.json,1432,0.686000
off,run_07.json,1433,0.682000
off,run_07.json,1434,0.650000
off,run_07.json,1435,0.694000
off,run_07.json,1436,1.272000
off,run_07.json,1437,7.958000
off,run_07.json,1438,0.649000
off,run_07.json,1439,0.969000
off,run_07.json,1440,0.660000
off,run_07.json,1441,1.480000
off,run_07.json,1442,0.691000
off,run_07.json,1443,0.624000
off,run_07.json,1444,0.690000
off,run_07.json,1445,0.671000
off,run_07.json,1446,1.295000
off,run_07.json,1447,7.252000
off,run_07.json,1448,0.646000
off,run_07.json,1449,0.971000
off,run_07.json,1450,0.589000
off,run_07.json,1451,1.614000
off,run_07.json,1452,0.682000
off,run_07.json,1453,0.613000
off,run_07.json,1454,0.705000
off,run_07.json,1455,0.721000
off,run_07.json,1456,1.414000
off,run_07.json,1457,9.107000
off,run_07.json,1458,0.702000
off,run_07.json,1459,0.966000
off,run_07.json,1460,0.680000
off,run_07.json,1461,1.528000
off,run_07.json,1462,0.717000
off,run_07.json,1463,0.727000
off,run_07.json,1464,0.689000
off,run_07.json,1465,0.679000
off,run_07.json,1466,1.333000
off,run_07.json,1467,9.600000
off,run_07.json,1468,0.697000
off,run_07.json,1469,0.953000
off,run_07.json,1470,0.699000
off,run_07.json,1471,1.478000
off,run_07.json,1472,0.601000
off,run_07.json,1473,0.649000
off,run_07.json,1474,0.697000
off,run_07.json,1475,0.684000
off,run_07.json,1476,1.486000
off,run_07.json,1477,8.279000
off,run_07.json,1478,0.702000
off,run_07.json,1479,0.981000
off,run_07.json,1480,1.627000
off,run_07.json,1481,0.679000
off,run_07.json,1482,0.706000
off,run_07.json,1483,0.660000
off,run_07.json,1484,0.728000
off,run_07.json,1485,0.675000
off,run_07.json,1486,10.066000
off,run_07.json,1487,0.754000
off,run_07.json,1488,0.936000
off,run_07.json,1489,0.650000
off,run_07.json,1490,1.528000
off,run_07.json,1491,0.596000
off,run_07.json,1492,0.717000
off,run_07.json,1493,0.733000
off,run_07.json,1494,0.721000
off,run_07.json,1495,1.370000
off,run_07.json,1496,8.921000
off,run_07.json,1497,0.728000
off,run_07.json,1498,0.890000
off,run_07.json,1499,0.698000
off,run_07.json,1500,1.716000
off,run_07.json,1501,0.631000
off,run_07.json,1502,0.889000
off,run_07.json,1503,0.746000
off,run_07.json,1504,1.383000
off,run_07.json,1505,9.459000
off,run_07.json,1506,0.730000
off,run_07.json,1507,0.957000
off,run_07.json,1508,1.652000
off,run_07.json,1509,0.720000
off,run_07.json,1510,0.714000
off,run_07.json,1511,0.629000
off,run_07.json,1512,0.727000
off,run_07.json,1513,0.714000
off,run_07.json,1514,10.381000
off,run_07.json,1515,0.709000
off,run_07.json,1516,1.001000
off,run_07.json,1517,1.654000
off,run_07.json,1518,0.687000
off,run_07.json,1519,0.715000
off,run_07.json,1520,0.706000
off,run_07.json,1521,0.641000
off,run_07.json,1522,0.710000
off,run_07.json,1523,10.261000
off,run_07.json,1524,0.875000
off,run_07.json,1525,0.683000
off,run_07.json,1526,0.628000
off,run_07.json,1527,1.770000
off,run_07.json,1528,0.720000
off,run_07.json,1529,0.692000
off,run_07.json,1530,0.659000
off,run_07.json,1531,0.682000
off,run_07.json,1532,1.337000
off,run_07.json,1533,7.781000
off,run_07.json,1534,0.620000
off,run_07.json,1535,0.962000
off,run_07.json,1536,0.672000
off,run_07.json,1537,1.506000
off,run_07.json,1538,0.654000
off,run_07.json,1539,0.703000
off,run_07.json,1540,0.694000
off,run_07.json,1541,0.677000
off,run_07.json,1542,1.363000
off,run_07.json,1543,7.284000
off,run_07.json,1544,0.665000
off,run_07.json,1545,0.940000
off,run_07.json,1546,0.643000
off,run_07.json,1547,1.505000
off,run_07.json,1548,0.627000
off,run_07.json,1549,0.595000
off,run_07.json,1550,0.670000
off,run_07.json,1551,0.676000
off,run_07.json,1552,1.503000
off,run_07.json,1553,7.851000
off,run_07.json,1554,0.638000
off,run_07.json,1555,0.989000
off,run_07.json,1556,0.651000
off,run_07.json,1557,1.481000
off,run_07.json,1558,0.616000
off,run_07.json,1559,0.737000
off,run_07.json,1560,0.711000
off,run_07.json,1561,0.633000
off,run_07.json,1562,1.436000
off,run_07.json,1563,8.957000
off,run_07.json,1564,1.281000
off,run_07.json,1565,0.812000
off,run_07.json,1566,1.477000
off,run_07.json,1567,0.770000
off,run_07.json,1568,0.714000
off,run_07.json,1569,0.669000
off,run_07.json,1570,0.649000
off,run_07.json,1571,1.345000
off,run_07.json,1572,8.834000
off,run_07.json,1573,0.634000
off,run_07.json,1574,1.152000
off,run_07.json,1575,0.666000
off,run_07.json,1576,1.418000
off,run_07.json,1577,0.658000
off,run_07.json,1578,0.646000
off,run_07.json,1579,0.633000
off,run_07.json,1580,0.651000
off,run_07.json,1581,4.361000
off,run_07.json,1582,6.049000
off,run_07.json,1583,0.617000
off,run_07.json,1584,0.972000
off,run_07.json,1585,0.622000
off,run_07.json,1586,1.432000
off,run_07.json,1587,0.603000
off,run_07.json,1588,0.640000
off,run_07.json,1589,0.658000
off,run_07.json,1590,0.621000
off,run_07.json,1591,0.653000
off,run_07.json,1592,11.277000
off,run_07.json,1593,0.677000
off,run_07.json,1594,0.894000
off,run_07.json,1595,0.663000
off,run_07.json,1596,1.496000
off,run_07.json,1597,0.692000
off,run_07.json,1598,0.653000
off,run_07.json,1599,0.002000
off,run_08.json,0,0.881000
off,run_08.json,1,0.594000
off,run_08.json,2,1.472000
off,run_08.json,3,0.580000
off,run_08.json,4,1.439000
off,run_08.json,5,10.808000
off,run_08.json,6,0.668000
off,run_08.json,7,0.924000
off,run_08.json,8,0.627000
off,run_08.json,9,1.466000
off,run_08.json,10,0.649000
off,run_08.json,11,1.288000
off,run_08.json,12,12.294000
off,run_08.json,13,0.637000
off,run_08.json,14,0.965000
off,run_08.json,15,0.661000
off,run_08.json,16,1.460000
off,run_08.json,17,0.657000
off,run_08.json,18,13.104000
off,run_08.json,19,0.861000
off,run_08.json,20,0.627000
off,run_08.json,21,0.607000
off,run_08.json,22,1.857000
off,run_08.json,23,1.924000
off,run_08.json,24,11.036000
off,run_08.json,25,0.716000
off,run_08.json,26,0.847000
off,run_08.json,27,0.673000
off,run_08.json,28,1.459000
off,run_08.json,29,0.657000
off,run_08.json,30,1.317000
off,run_08.json,31,11.702000
off,run_08.json,32,0.791000
off,run_08.json,33,2.438000
off,run_08.json,34,0.141000
off,run_08.json,35,0.728000
off,run_08.json,36,0.661000
off,run_08.json,37,1.231000
off,run_08.json,38,11.102000
off,run_08.json,39,0.752000
off,run_08.json,40,0.931000
off,run_08.json,41,0.687000
off,run_08.json,42,1.520000
off,run_08.json,43,0.637000
off,run_08.json,44,1.283000
off,run_08.json,45,11.265000
off,run_08.json,46,0.624000
off,run_08.json,47,1.150000
off,run_08.json,48,1.622000
off,run_08.json,49,0.635000
off,run_08.json,50,0.693000
off,run_08.json,51,1.466000
off,run_08.json,52,10.922000
off,run_08.json,53,0.618000
off,run_08.json,54,1.164000
off,run_08.json,55,0.802000
off,run_08.json,56,1.459000
off,run_08.json,57,0.848000
off,run_08.json,58,12.428000
off,run_08.json,59,0.889000
off,run_08.json,60,0.901000
off,run_08.json,61,0.780000
off,run_08.json,62,0.886000
off,run_08.json,63,2.168000
off,run_08.json,64,11.074000
off,run_08.json,65,0.797000
off,run_08.json,66,0.850000
off,run_08.json,67,1.617000
off,run_08.json,68,0.635000
off,run_08.json,69,0.632000
off,run_08.json,70,1.476000
off,run_08.json,71,10.008000
off,run_08.json,72,0.629000
off,run_08.json,73,0.935000
off,run_08.json,74,0.655000
off,run_08.json,75,1.469000
off,run_08.json,76,0.686000
off,run_08.json,77,1.366000
off,run_08.json,78,10.164000
off,run_08.json,79,0.664000
off,run_08.json,80,1.142000
off,run_08.json,81,0.624000
off,run_08.json,82,1.488000
off,run_08.json,83,0.652000
off,run_08.json,84,1.350000
off,run_08.json,85,10.121000
off,run_08.json,86,0.625000
off,run_08.json,87,0.931000
off,run_08.json,88,0.616000
off,run_08.json,89,1.487000
off,run_08.json,90,0.658000
off,run_08.json,91,1.344000
off,run_08.json,92,10.112000
off,run_08.json,93,0.714000
off,run_08.json,94,0.877000
off,run_08.json,95,0.611000
off,run_08.json,96,1.485000
off,run_08.json,97,0.607000
off,run_08.json,98,1.260000
off,run_08.json,99,10.486000
off,run_08.json,100,0.669000
off,run_08.json,101,0.929000
off,run_08.json,102,0.609000
off,run_08.json,103,1.398000
off,run_08.json,104,0.592000
off,run_08.json,105,0.662000
off,run_08.json,106,10.438000
off,run_08.json,107,0.662000
off,run_08.json,108,0.995000
off,run_08.json,109,1.722000
off,run_08.json,110,0.872000
off,run_08.json,111,0.863000
off,run_08.json,112,12.055000
off,run_08.json,113,1.335000
off,run_08.json,114,0.814000
off,run_08.json,115,1.426000
off,run_08.json,116,0.729000
off,run_08.json,117,1.394000
off,run_08.json,118,10.566000
off,run_08.json,119,0.649000
off,run_08.json,120,0.949000
off,run_08.json,121,0.608000
off,run_08.json,122,1.461000
off,run_08.json,123,0.616000
off,run_08.json,124,1.359000
off,run_08.json,125,10.920000
off,run_08.json,126,0.608000
off,run_08.json,127,0.961000
off,run_08.json,128,0.608000
off,run_08.json,129,1.425000
off,run_08.json,130,0.640000
off,run_08.json,131,0.687000
off,run_08.json,132,11.869000
off,run_08.json,133,0.686000
off,run_08.json,134,1.151000
off,run_08.json,135,1.583000
off,run_08.json,136,0.627000
off,run_08.json,137,0.606000
off,run_08.json,138,1.257000
off,run_08.json,139,10.593000
off,run_08.json,140,0.671000
off,run_08.json,141,1.103000
off,run_08.json,142,1.743000
off,run_08.json,143,0.684000
off,run_08.json,144,0.631000
off,run_08.json,145,11.985000
off,run_08.json,146,0.635000
off,run_08.json,147,0.911000
off,run_08.json,148,0.567000
off,run_08.json,149,1.468000
off,run_08.json,150,0.607000
off,run_08.json,151,0.573000
off,run_08.json,152,11.800000
off,run_08.json,153,0.632000
off,run_08.json,154,0.872000
off,run_08.json,155,0.572000
off,run_08.json,156,1.497000
off,run_08.json,157,0.572000
off,run_08.json,158,0.565000
off,run_08.json,159,1.280000
off,run_08.json,160,10.687000
off,run_08.json,161,0.585000
off,run_08.json,162,0.946000
off,run_08.json,163,0.569000
off,run_08.json,164,1.486000
off,run_08.json,165,0.614000
off,run_08.json,166,0.567000
off,run_08.json,167,11.874000
off,run_08.json,168,0.636000
off,run_08.json,169,0.968000
off,run_08.json,170,0.613000
off,run_08.json,171,1.431000
off,run_08.json,172,0.711000
off,run_08.json,173,1.369000
off,run_08.json,174,11.034000
off,run_08.json,175,0.688000
off,run_08.json,176,0.895000
off,run_08.json,177,0.843000
off,run_08.json,178,1.442000
off,run_08.json,179,0.758000
off,run_08.json,180,1.465000
off,run_08.json,181,10.572000
off,run_08.json,182,0.753000
off,run_08.json,183,1.019000
off,run_08.json,184,1.601000
off,run_08.json,185,0.688000
off,run_08.json,186,0.718000
off,run_08.json,187,11.895000
off,run_08.json,188,0.620000
off,run_08.json,189,0.929000
off,run_08.json,190,0.601000
off,run_08.json,191,1.455000
off,run_08.json,192,0.600000
off,run_08.json,193,0.591000
off,run_08.json,194,11.851000
off,run_08.json,195,0.808000
off,run_08.json,196,0.658000
off,run_08.json,197,0.567000
off,run_08.json,198,1.458000
off,run_08.json,199,0.559000
off,run_08.json,200,0.799000
off,run_08.json,201,11.826000
off,run_08.json,202,0.950000
off,run_08.json,203,0.785000
off,run_08.json,204,1.682000
off,run_08.json,205,0.778000
off,run_08.json,206,1.272000
off,run_08.json,207,11.181000
off,run_08.json,208,0.783000
off,run_08.json,209,1.008000
off,run_08.json,210,1.731000
off,run_08.json,211,0.724000
off,run_08.json,212,1.378000
off,run_08.json,213,11.419000
off,run_08.json,214,0.856000
off,run_08.json,215,0.802000
off,run_08.json,216,0.692000
off,run_08.json,217,1.493000
off,run_08.json,218,1.408000
off,run_08.json,219,11.056000
off,run_08.json,220,0.922000
off,run_08.json,221,1.078000
off,run_08.json,222,1.499000
off,run_08.json,223,0.784000
off,run_08.json,224,1.551000
off,run_08.json,225,10.899000
off,run_08.json,226,1.233000
off,run_08.json,227,0.812000
off,run_08.json,228,1.593000
off,run_08.json,229,0.868000
off,run_08.json,230,0.921000
off,run_08.json,231,1.573000
off,run_08.json,232,9.632000
off,run_08.json,233,0.926000
off,run_08.json,234,1.061000
off,run_08.json,235,1.300000
off,run_08.json,236,0.788000
off,run_08.json,237,0.884000
off,run_08.json,238,0.786000
off,run_08.json,239,11.131000
off,run_08.json,240,1.314000
off,run_08.json,241,0.907000
off,run_08.json,242,1.352000
off,run_08.json,243,0.847000
off,run_08.json,244,0.793000
off,run_08.json,245,1.354000
off,run_08.json,246,9.760000
off,run_08.json,247,0.677000
off,run_08.json,248,0.993000
off,run_08.json,249,1.683000
off,run_08.json,250,0.716000
off,run_08.json,251,0.691000
off,run_08.json,252,1.379000
off,run_08.json,253,10.570000
off,run_08.json,254,0.713000
off,run_08.json,255,0.901000
off,run_08.json,256,0.709000
off,run_08.json,257,1.522000
off,run_08.json,258,0.659000
off,run_08.json,259,1.400000
off,run_08.json,260,10.708000
off,run_08.json,261,0.828000
off,run_08.json,262,0.890000
off,run_08.json,263,1.626000
off,run_08.json,264,0.692000
off,run_08.json,265,0.741000
off,run_08.json,266,11.817000
off,run_08.json,267,0.656000
off,run_08.json,268,1.003000
off,run_08.json,269,0.698000
off,run_08.json,270,1.520000
off,run_08.json,271,0.700000
off,run_08.json,272,0.631000
off,run_08.json,273,0.646000
off,run_08.json,274,10.997000
off,run_08.json,275,0.783000
off,run_08.json,276,1.037000
off,run_08.json,277,1.549000
off,run_08.json,278,0.724000
off,run_08.json,279,0.725000
off,run_08.json,280,11.803000
off,run_08.json,281,1.011000
off,run_08.json,282,0.830000
off,run_08.json,283,1.533000
off,run_08.json,284,0.712000
off,run_08.json,285,0.730000
off,run_08.json,286,0.744000
off,run_08.json,287,1.337000
off,run_08.json,288,10.945000
off,run_08.json,289,0.877000
off,run_08.json,290,1.018000
off,run_08.json,291,1.523000
off,run_08.json,292,0.730000
off,run_08.json,293,0.726000
off,run_08.json,294,0.722000
off,run_08.json,295,1.392000
off,run_08.json,296,10.226000
off,run_08.json,297,0.773000
off,run_08.json,298,0.971000
off,run_08.json,299,1.558000
off,run_08.json,300,0.698000
off,run_08.json,301,0.785000
off,run_08.json,302,0.753000
off,run_08.json,303,1.312000
off,run_08.json,304,8.165000
off,run_08.json,305,0.798000
off,run_08.json,306,1.024000
off,run_08.json,307,1.486000
off,run_08.json,308,0.717000
off,run_08.json,309,0.753000
off,run_08.json,310,0.702000
off,run_08.json,311,1.260000
off,run_08.json,312,9.704000
off,run_08.json,313,0.753000
off,run_08.json,314,1.010000
off,run_08.json,315,1.661000
off,run_08.json,316,0.774000
off,run_08.json,317,0.734000
off,run_08.json,318,0.747000
off,run_08.json,319,1.344000
off,run_08.json,320,9.947000
off,run_08.json,321,0.705000
off,run_08.json,322,0.960000
off,run_08.json,323,0.661000
off,run_08.json,324,1.450000
off,run_08.json,325,0.684000
off,run_08.json,326,0.670000
off,run_08.json,327,1.425000
off,run_08.json,328,13.670000
off,run_08.json,329,0.757000
off,run_08.json,330,1.003000
off,run_08.json,331,0.678000
off,run_08.json,332,1.543000
off,run_08.json,333,0.666000
off,run_08.json,334,0.682000
off,run_08.json,335,1.363000
off,run_08.json,336,10.015000
off,run_08.json,337,0.732000
off,run_08.json,338,0.975000
off,run_08.json,339,0.747000
off,run_08.json,340,1.441000
off,run_08.json,341,0.719000
off,run_08.json,342,0.753000
off,run_08.json,343,1.417000
off,run_08.json,344,10.101000
off,run_08.json,345,0.838000
off,run_08.json,346,1.014000
off,run_08.json,347,1.606000
off,run_08.json,348,0.811000
off,run_08.json,349,0.623000
off,run_08.json,350,0.711000
off,run_08.json,351,1.379000
off,run_08.json,352,9.583000
off,run_08.json,353,0.677000
off,run_08.json,354,0.947000
off,run_08.json,355,0.654000
off,run_08.json,356,1.506000
off,run_08.json,357,0.604000
off,run_08.json,358,0.605000
off,run_08.json,359,0.690000
off,run_08.json,360,1.345000
off,run_08.json,361,9.564000
off,run_08.json,362,0.794000
off,run_08.json,363,1.290000
off,run_08.json,364,2.547000
off,run_08.json,365,0.565000
off,run_08.json,366,0.671000
off,run_08.json,367,10.816000
off,run_08.json,368,1.040000
off,run_08.json,369,0.914000
off,run_08.json,370,1.482000
off,run_08.json,371,0.792000
off,run_08.json,372,0.865000
off,run_08.json,373,1.428000
off,run_08.json,374,11.269000
off,run_08.json,375,0.351000
off,run_08.json,376,1.898000
off,run_08.json,377,0.832000
off,run_08.json,378,0.731000
off,run_08.json,379,1.349000
off,run_08.json,380,9.680000
off,run_08.json,381,1.044000
off,run_08.json,382,0.876000
off,run_08.json,383,1.518000
off,run_08.json,384,0.879000
off,run_08.json,385,0.701000
off,run_08.json,386,0.668000
off,run_08.json,387,1.367000
off,run_08.json,388,8.633000
off,run_08.json,389,0.687000
off,run_08.json,390,1.065000
off,run_08.json,391,1.693000
off,run_08.json,392,0.690000
off,run_08.json,393,0.657000
off,run_08.json,394,0.583000
off,run_08.json,395,1.318000
off,run_08.json,396,8.245000
off,run_08.json,397,0.858000
off,run_08.json,398,1.037000
off,run_08.json,399,1.764000
off,run_08.json,400,0.887000
off,run_08.json,401,0.657000
off,run_08.json,402,0.610000
off,run_08.json,403,10.320000
off,run_08.json,404,0.841000
off,run_08.json,405,1.045000
off,run_08.json,406,1.731000
off,run_08.json,407,0.754000
off,run_08.json,408,0.841000
off,run_08.json,409,1.684000
off,run_08.json,410,11.749000
off,run_08.json,411,1.211000
off,run_08.json,412,0.795000
off,run_08.json,413,1.578000
off,run_08.json,414,0.833000
off,run_08.json,415,0.932000
off,run_08.json,416,1.570000
off,run_08.json,417,9.636000
off,run_08.json,418,0.897000
off,run_08.json,419,0.927000
off,run_08.json,420,1.479000
off,run_08.json,421,0.775000
off,run_08.json,422,0.776000
off,run_08.json,423,0.724000
off,run_08.json,424,3.014000
off,run_08.json,425,7.918000
off,run_08.json,426,0.965000
off,run_08.json,427,1.026000
off,run_08.json,428,1.526000
off,run_08.json,429,0.870000
off,run_08.json,430,0.873000
off,run_08.json,431,1.457000
off,run_08.json,432,9.834000
off,run_08.json,433,0.813000
off,run_08.json,434,0.915000
off,run_08.json,435,0.731000
off,run_08.json,436,1.481000
off,run_08.json,437,0.650000
off,run_08.json,438,0.701000
off,run_08.json,439,1.600000
off,run_08.json,440,9.985000
off,run_08.json,441,0.683000
off,run_08.json,442,0.955000
off,run_08.json,443,0.636000
off,run_08.json,444,1.578000
off,run_08.json,445,0.629000
off,run_08.json,446,0.659000
off,run_08.json,447,0.669000
off,run_08.json,448,10.859000
off,run_08.json,449,0.653000
off,run_08.json,450,0.965000
off,run_08.json,451,0.624000
off,run_08.json,452,1.530000
off,run_08.json,453,0.656000
off,run_08.json,454,0.671000
off,run_08.json,455,0.626000
off,run_08.json,456,1.273000
off,run_08.json,457,10.186000
off,run_08.json,458,0.760000
off,run_08.json,459,0.940000
off,run_08.json,460,1.576000
off,run_08.json,461,0.675000
off,run_08.json,462,0.678000
off,run_08.json,463,0.630000
off,run_08.json,464,1.317000
off,run_08.json,465,10.651000
off,run_08.json,466,0.774000
off,run_08.json,467,1.172000
off,run_08.json,468,1.405000
off,run_08.json,469,0.686000
off,run_08.json,470,0.707000
off,run_08.json,471,0.672000
off,run_08.json,472,11.701000
off,run_08.json,473,0.851000
off,run_08.json,474,0.866000
off,run_08.json,475,1.634000
off,run_08.json,476,0.653000
off,run_08.json,477,0.610000
off,run_08.json,478,0.621000
off,run_08.json,479,1.372000
off,run_08.json,480,10.306000
off,run_08.json,481,0.634000
off,run_08.json,482,1.086000
off,run_08.json,483,0.678000
off,run_08.json,484,1.458000
off,run_08.json,485,0.725000
off,run_08.json,486,0.755000
off,run_08.json,487,1.388000
off,run_08.json,488,8.394000
off,run_08.json,489,0.805000
off,run_08.json,490,0.899000
off,run_08.json,491,1.607000
off,run_08.json,492,0.731000
off,run_08.json,493,0.727000
off,run_08.json,494,0.651000
off,run_08.json,495,1.422000
off,run_08.json,496,8.185000
off,run_08.json,497,0.827000
off,run_08.json,498,0.876000
off,run_08.json,499,1.606000
off,run_08.json,500,0.683000
off,run_08.json,501,0.710000
off,run_08.json,502,0.696000
off,run_08.json,503,1.374000
off,run_08.json,504,9.466000
off,run_08.json,505,0.725000
off,run_08.json,506,0.939000
off,run_08.json,507,0.711000
off,run_08.json,508,1.429000
off,run_08.json,509,0.699000
off,run_08.json,510,0.677000
off,run_08.json,511,0.642000
off,run_08.json,512,11.004000
off,run_08.json,513,0.680000
off,run_08.json,514,1.113000
off,run_08.json,515,1.756000
off,run_08.json,516,0.791000
off,run_08.json,517,0.624000
off,run_08.json,518,0.639000
off,run_08.json,519,10.998000
off,run_08.json,520,0.728000
off,run_08.json,521,0.875000
off,run_08.json,522,0.618000
off,run_08.json,523,1.573000
off,run_08.json,524,0.645000
off,run_08.json,525,0.610000
off,run_08.json,526,0.591000
off,run_08.json,527,1.431000
off,run_08.json,528,9.629000
off,run_08.json,529,0.672000
off,run_08.json,530,0.977000
off,run_08.json,531,0.702000
off,run_08.json,532,1.420000
off,run_08.json,533,0.623000
off,run_08.json,534,0.632000
off,run_08.json,535,0.629000
off,run_08.json,536,1.268000
off,run_08.json,537,10.513000
off,run_08.json,538,0.691000
off,run_08.json,539,0.905000
off,run_08.json,540,0.637000
off,run_08.json,541,1.510000
off,run_08.json,542,0.675000
off,run_08.json,543,0.642000
off,run_08.json,544,0.700000
off,run_08.json,545,1.372000
off,run_08.json,546,10.484000
off,run_08.json,547,0.655000
off,run_08.json,548,0.963000
off,run_08.json,549,0.648000
off,run_08.json,550,1.512000
off,run_08.json,551,0.661000
off,run_08.json,552,0.678000
off,run_08.json,553,0.606000
off,run_08.json,554,1.430000
off,run_08.json,555,10.558000
off,run_08.json,556,0.840000
off,run_08.json,557,0.949000
off,run_08.json,558,1.739000
off,run_08.json,559,0.681000
off,run_08.json,560,0.653000
off,run_08.json,561,0.639000
off,run_08.json,562,11.738000
off,run_08.json,563,0.639000
off,run_08.json,564,1.026000
off,run_08.json,565,0.700000
off,run_08.json,566,1.515000
off,run_08.json,567,0.659000
off,run_08.json,568,0.675000
off,run_08.json,569,0.655000
off,run_08.json,570,11.173000
off,run_08.json,571,0.764000
off,run_08.json,572,0.936000
off,run_08.json,573,1.682000
off,run_08.json,574,0.650000
off,run_08.json,575,0.661000
off,run_08.json,576,0.688000
off,run_08.json,577,1.487000
off,run_08.json,578,10.404000
off,run_08.json,579,0.861000
off,run_08.json,580,0.797000
off,run_08.json,581,0.765000
off,run_08.json,582,1.425000
off,run_08.json,583,0.664000
off,run_08.json,584,0.651000
off,run_08.json,585,1.457000
off,run_08.json,586,10.363000
off,run_08.json,587,0.679000
off,run_08.json,588,0.939000
off,run_08.json,589,0.634000
off,run_08.json,590,1.685000
off,run_08.json,591,0.620000
off,run_08.json,592,0.604000
off,run_08.json,593,1.336000
off,run_08.json,594,9.746000
off,run_08.json,595,0.618000
off,run_08.json,596,0.971000
off,run_08.json,597,0.623000
off,run_08.json,598,1.506000
off,run_08.json,599,0.647000
off,run_08.json,600,0.629000
off,run_08.json,601,0.668000
off,run_08.json,602,1.314000
off,run_08.json,603,8.516000
off,run_08.json,604,0.624000
off,run_08.json,605,0.963000
off,run_08.json,606,0.604000
off,run_08.json,607,1.543000
off,run_08.json,608,0.594000
off,run_08.json,609,0.593000
off,run_08.json,610,0.633000
off,run_08.json,611,1.280000
off,run_08.json,612,9.262000
off,run_08.json,613,0.690000
off,run_08.json,614,1.095000
off,run_08.json,615,1.734000
off,run_08.json,616,0.686000
off,run_08.json,617,0.718000
off,run_08.json,618,0.866000
off,run_08.json,619,1.335000
off,run_08.json,620,8.771000
off,run_08.json,621,0.594000
off,run_08.json,622,1.048000
off,run_08.json,623,0.658000
off,run_08.json,624,1.432000
off,run_08.json,625,0.648000
off,run_08.json,626,0.577000
off,run_08.json,627,0.650000
off,run_08.json,628,1.398000
off,run_08.json,629,8.071000
off,run_08.json,630,0.636000
off,run_08.json,631,0.967000
off,run_08.json,632,0.656000
off,run_08.json,633,1.491000
off,run_08.json,634,0.652000
off,run_08.json,635,0.615000
off,run_08.json,636,0.654000
off,run_08.json,637,1.241000
off,run_08.json,638,9.639000
off,run_08.json,639,1.208000
off,run_08.json,640,0.654000
off,run_08.json,641,1.449000
off,run_08.json,642,0.631000
off,run_08.json,643,0.612000
off,run_08.json,644,0.629000
off,run_08.json,645,1.330000
off,run_08.json,646,9.962000
off,run_08.json,647,0.675000
off,run_08.json,648,0.926000
off,run_08.json,649,0.616000
off,run_08.json,650,1.450000
off,run_08.json,651,0.593000
off,run_08.json,652,0.606000
off,run_08.json,653,0.628000
off,run_08.json,654,1.392000
off,run_08.json,655,9.920000
off,run_08.json,656,0.684000
off,run_08.json,657,0.964000
off,run_08.json,658,0.662000
off,run_08.json,659,1.458000
off,run_08.json,660,0.646000
off,run_08.json,661,0.559000
off,run_08.json,662,0.594000
off,run_08.json,663,1.311000
off,run_08.json,664,9.629000
off,run_08.json,665,0.633000
off,run_08.json,666,0.865000
off,run_08.json,667,0.589000
off,run_08.json,668,1.420000
off,run_08.json,669,0.635000
off,run_08.json,670,0.804000
off,run_08.json,671,0.559000
off,run_08.json,672,1.354000
off,run_08.json,673,9.745000
off,run_08.json,674,0.571000
off,run_08.json,675,0.966000
off,run_08.json,676,0.607000
off,run_08.json,677,1.465000
off,run_08.json,678,0.587000
off,run_08.json,679,0.548000
off,run_08.json,680,0.619000
off,run_08.json,681,0.572000
off,run_08.json,682,11.085000
off,run_08.json,683,0.589000
off,run_08.json,684,0.965000
off,run_08.json,685,0.589000
off,run_08.json,686,1.490000
off,run_08.json,687,0.632000
off,run_08.json,688,0.549000
off,run_08.json,689,0.592000
off,run_08.json,690,11.022000
off,run_08.json,691,0.596000
off,run_08.json,692,0.939000
off,run_08.json,693,0.588000
off,run_08.json,694,1.449000
off,run_08.json,695,0.567000
off,run_08.json,696,0.560000
off,run_08.json,697,0.612000
off,run_08.json,698,1.481000
off,run_08.json,699,9.834000
off,run_08.json,700,0.662000
off,run_08.json,701,0.860000
off,run_08.json,702,0.582000
off,run_08.json,703,1.491000
off,run_08.json,704,0.579000
off,run_08.json,705,1.818000
off,run_08.json,706,10.651000
off,run_08.json,707,0.667000
off,run_08.json,708,0.893000
off,run_08.json,709,0.560000
off,run_08.json,710,1.475000
off,run_08.json,711,0.621000
off,run_08.json,712,0.735000
off,run_08.json,713,0.685000
off,run_08.json,714,1.398000
off,run_08.json,715,9.852000
off,run_08.json,716,2.231000
off,run_08.json,717,1.108000
off,run_08.json,718,0.779000
off,run_08.json,719,0.868000
off,run_08.json,720,0.843000
off,run_08.json,721,10.942000
off,run_08.json,722,0.869000
off,run_08.json,723,0.763000
off,run_08.json,724,0.634000
off,run_08.json,725,1.562000
off,run_08.json,726,0.620000
off,run_08.json,727,0.675000
off,run_08.json,728,1.436000
off,run_08.json,729,9.977000
off,run_08.json,730,0.722000
off,run_08.json,731,1.015000
off,run_08.json,732,0.713000
off,run_08.json,733,1.475000
off,run_08.json,734,0.716000
off,run_08.json,735,0.653000
off,run_08.json,736,1.353000
off,run_08.json,737,9.891000
off,run_08.json,738,0.669000
off,run_08.json,739,0.941000
off,run_08.json,740,1.621000
off,run_08.json,741,0.678000
off,run_08.json,742,0.645000
off,run_08.json,743,0.639000
off,run_08.json,744,1.373000
off,run_08.json,745,10.297000
off,run_08.json,746,1.010000
off,run_08.json,747,0.783000
off,run_08.json,748,1.466000
off,run_08.json,749,0.610000
off,run_08.json,750,0.656000
off,run_08.json,751,0.693000
off,run_08.json,752,1.447000
off,run_08.json,753,9.811000
off,run_08.json,754,0.736000
off,run_08.json,755,0.892000
off,run_08.json,756,0.644000
off,run_08.json,757,1.522000
off,run_08.json,758,0.693000
off,run_08.json,759,0.604000
off,run_08.json,760,0.705000
off,run_08.json,761,1.356000
off,run_08.json,762,9.441000
off,run_08.json,763,0.848000
off,run_08.json,764,0.900000
off,run_08.json,765,1.599000
off,run_08.json,766,0.692000
off,run_08.json,767,0.643000
off,run_08.json,768,0.625000
off,run_08.json,769,1.274000
off,run_08.json,770,10.056000
off,run_08.json,771,0.672000
off,run_08.json,772,0.976000
off,run_08.json,773,0.653000
off,run_08.json,774,1.507000
off,run_08.json,775,0.679000
off,run_08.json,776,0.704000
off,run_08.json,777,0.649000
off,run_08.json,778,10.951000
off,run_08.json,779,0.673000
off,run_08.json,780,1.145000
off,run_08.json,781,1.762000
off,run_08.json,782,0.802000
off,run_08.json,783,0.746000
off,run_08.json,784,0.744000
off,run_08.json,785,10.729000
off,run_08.json,786,0.707000
off,run_08.json,787,0.957000
off,run_08.json,788,0.640000
off,run_08.json,789,1.578000
off,run_08.json,790,0.815000
off,run_08.json,791,0.791000
off,run_08.json,792,1.534000
off,run_08.json,793,9.562000
off,run_08.json,794,0.702000
off,run_08.json,795,0.959000
off,run_08.json,796,0.708000
off,run_08.json,797,1.488000
off,run_08.json,798,0.705000
off,run_08.json,799,0.703000
off,run_08.json,800,0.671000
off,run_08.json,801,0.681000
off,run_08.json,802,1.378000
off,run_08.json,803,8.681000
off,run_08.json,804,0.698000
off,run_08.json,805,1.001000
off,run_08.json,806,0.642000
off,run_08.json,807,1.554000
off,run_08.json,808,0.673000
off,run_08.json,809,0.634000
off,run_08.json,810,0.686000
off,run_08.json,811,0.665000
off,run_08.json,812,1.626000
off,run_08.json,813,9.770000
off,run_08.json,814,0.819000
off,run_08.json,815,0.963000
off,run_08.json,816,0.650000
off,run_08.json,817,1.537000
off,run_08.json,818,0.649000
off,run_08.json,819,0.665000
off,run_08.json,820,0.676000
off,run_08.json,821,0.690000
off,run_08.json,822,1.434000
off,run_08.json,823,9.214000
off,run_08.json,824,0.714000
off,run_08.json,825,1.060000
off,run_08.json,826,0.659000
off,run_08.json,827,1.587000
off,run_08.json,828,0.707000
off,run_08.json,829,0.695000
off,run_08.json,830,0.699000
off,run_08.json,831,0.671000
off,run_08.json,832,8.371000
off,run_08.json,833,1.215000
off,run_08.json,834,0.824000
off,run_08.json,835,1.476000
off,run_08.json,836,0.735000
off,run_08.json,837,0.741000
off,run_08.json,838,0.667000
off,run_08.json,839,0.731000
off,run_08.json,840,1.373000
off,run_08.json,841,8.625000
off,run_08.json,842,0.814000
off,run_08.json,843,0.852000
off,run_08.json,844,0.623000
off,run_08.json,845,1.550000
off,run_08.json,846,0.632000
off,run_08.json,847,0.641000
off,run_08.json,848,0.623000
off,run_08.json,849,0.615000
off,run_08.json,850,1.317000
off,run_08.json,851,8.981000
off,run_08.json,852,0.637000
off,run_08.json,853,0.957000
off,run_08.json,854,0.647000
off,run_08.json,855,1.473000
off,run_08.json,856,0.663000
off,run_08.json,857,0.647000
off,run_08.json,858,0.619000
off,run_08.json,859,0.657000
off,run_08.json,860,1.337000
off,run_08.json,861,13.053000
off,run_08.json,862,0.749000
off,run_08.json,863,0.977000
off,run_08.json,864,0.670000
off,run_08.json,865,1.495000
off,run_08.json,866,0.689000
off,run_08.json,867,0.656000
off,run_08.json,868,1.282000
off,run_08.json,869,10.171000
off,run_08.json,870,0.818000
off,run_08.json,871,0.863000
off,run_08.json,872,0.675000
off,run_08.json,873,1.540000
off,run_08.json,874,0.666000
off,run_08.json,875,0.656000
off,run_08.json,876,0.690000
off,run_08.json,877,0.696000
off,run_08.json,878,1.335000
off,run_08.json,879,8.598000
off,run_08.json,880,0.744000
off,run_08.json,881,0.929000
off,run_08.json,882,0.707000
off,run_08.json,883,1.458000
off,run_08.json,884,0.769000
off,run_08.json,885,0.714000
off,run_08.json,886,0.718000
off,run_08.json,887,0.665000
off,run_08.json,888,1.484000
off,run_08.json,889,8.158000
off,run_08.json,890,0.715000
off,run_08.json,891,0.966000
off,run_08.json,892,0.660000
off,run_08.json,893,1.566000
off,run_08.json,894,0.713000
off,run_08.json,895,0.700000
off,run_08.json,896,0.695000
off,run_08.json,897,0.696000
off,run_08.json,898,1.284000
off,run_08.json,899,8.338000
off,run_08.json,900,0.711000
off,run_08.json,901,1.247000
off,run_08.json,902,1.470000
off,run_08.json,903,0.648000
off,run_08.json,904,0.671000
off,run_08.json,905,0.679000
off,run_08.json,906,0.632000
off,run_08.json,907,0.659000
off,run_08.json,908,1.338000
off,run_08.json,909,8.238000
off,run_08.json,910,0.615000
off,run_08.json,911,1.019000
off,run_08.json,912,0.642000
off,run_08.json,913,1.466000
off,run_08.json,914,0.664000
off,run_08.json,915,0.668000
off,run_08.json,916,0.626000
off,run_08.json,917,0.658000
off,run_08.json,918,1.333000
off,run_08.json,919,7.429000
off,run_08.json,920,0.659000
off,run_08.json,921,0.923000
off,run_08.json,922,0.634000
off,run_08.json,923,1.481000
off,run_08.json,924,0.694000
off,run_08.json,925,0.677000
off,run_08.json,926,0.705000
off,run_08.json,927,0.657000
off,run_08.json,928,1.433000
off,run_08.json,929,7.471000
off,run_08.json,930,0.681000
off,run_08.json,931,1.021000
off,run_08.json,932,0.710000
off,run_08.json,933,1.507000
off,run_08.json,934,0.711000
off,run_08.json,935,0.683000
off,run_08.json,936,0.678000
off,run_08.json,937,0.702000
off,run_08.json,938,1.359000
off,run_08.json,939,10.400000
off,run_08.json,940,0.916000
off,run_08.json,941,0.859000
off,run_08.json,942,0.702000
off,run_08.json,943,1.487000
off,run_08.json,944,0.764000
off,run_08.json,945,0.738000
off,run_08.json,946,0.741000
off,run_08.json,947,0.697000
off,run_08.json,948,9.537000
off,run_08.json,949,0.712000
off,run_08.json,950,0.974000
off,run_08.json,951,0.671000
off,run_08.json,952,1.509000
off,run_08.json,953,0.625000
off,run_08.json,954,0.637000
off,run_08.json,955,0.819000
off,run_08.json,956,0.664000
off,run_08.json,957,1.292000
off,run_08.json,958,8.451000
off,run_08.json,959,0.631000
off,run_08.json,960,0.965000
off,run_08.json,961,0.623000
off,run_08.json,962,1.590000
off,run_08.json,963,0.676000
off,run_08.json,964,0.665000
off,run_08.json,965,0.701000
off,run_08.json,966,0.691000
off,run_08.json,967,1.335000
off,run_08.json,968,9.208000
off,run_08.json,969,0.690000
off,run_08.json,970,0.976000
off,run_08.json,971,0.633000
off,run_08.json,972,1.504000
off,run_08.json,973,0.659000
off,run_08.json,974,0.659000
off,run_08.json,975,0.659000
off,run_08.json,976,0.629000
off,run_08.json,977,1.293000
off,run_08.json,978,9.200000
off,run_08.json,979,0.815000
off,run_08.json,980,0.945000
off,run_08.json,981,0.764000
off,run_08.json,982,1.435000
off,run_08.json,983,0.691000
off,run_08.json,984,0.688000
off,run_08.json,985,0.607000
off,run_08.json,986,0.682000
off,run_08.json,987,1.324000
off,run_08.json,988,9.400000
off,run_08.json,989,0.693000
off,run_08.json,990,0.931000
off,run_08.json,991,0.702000
off,run_08.json,992,1.474000
off,run_08.json,993,0.716000
off,run_08.json,994,0.713000
off,run_08.json,995,0.719000
off,run_08.json,996,0.650000
off,run_08.json,997,1.419000
off,run_08.json,998,9.101000
off,run_08.json,999,0.654000
off,run_08.json,1000,1.060000
off,run_08.json,1001,0.601000
off,run_08.json,1002,1.473000
off,run_08.json,1003,0.645000
off,run_08.json,1004,0.636000
off,run_08.json,1005,0.593000
off,run_08.json,1006,0.673000
off,run_08.json,1007,1.425000
off,run_08.json,1008,9.257000
off,run_08.json,1009,0.593000
off,run_08.json,1010,0.939000
off,run_08.json,1011,0.628000
off,run_08.json,1012,1.510000
off,run_08.json,1013,0.703000
off,run_08.json,1014,0.707000
off,run_08.json,1015,0.691000
off,run_08.json,1016,0.808000
off,run_08.json,1017,1.431000
off,run_08.json,1018,6.941000
off,run_08.json,1019,0.694000
off,run_08.json,1020,0.892000
off,run_08.json,1021,0.640000
off,run_08.json,1022,0.806000
off,run_08.json,1023,0.587000
off,run_08.json,1024,1.261000
off,run_08.json,1025,0.587000
off,run_08.json,1026,0.652000
off,run_08.json,1027,0.651000
off,run_08.json,1028,1.403000
off,run_08.json,1029,6.843000
off,run_08.json,1030,0.637000
off,run_08.json,1031,0.912000
off,run_08.json,1032,0.669000
off,run_08.json,1033,0.772000
off,run_08.json,1034,0.574000
off,run_08.json,1035,1.342000
off,run_08.json,1036,0.592000
off,run_08.json,1037,0.681000
off,run_08.json,1038,0.635000
off,run_08.json,1039,1.307000
off,run_08.json,1040,8.287000
off,run_08.json,1041,0.621000
off,run_08.json,1042,0.995000
off,run_08.json,1043,0.673000
off,run_08.json,1044,1.476000
off,run_08.json,1045,0.685000
off,run_08.json,1046,1.789000
off,run_08.json,1047,0.540000
off,run_08.json,1048,1.276000
off,run_08.json,1049,8.655000
off,run_08.json,1050,0.616000
off,run_08.json,1051,0.944000
off,run_08.json,1052,0.620000
off,run_08.json,1053,1.476000
off,run_08.json,1054,0.619000
off,run_08.json,1055,0.611000
off,run_08.json,1056,0.636000
off,run_08.json,1057,2.004000
off,run_08.json,1058,9.969000
off,run_08.json,1059,0.635000
off,run_08.json,1060,0.972000
off,run_08.json,1061,0.677000
off,run_08.json,1062,1.416000
off,run_08.json,1063,0.640000
off,run_08.json,1064,0.633000
off,run_08.json,1065,0.659000
off,run_08.json,1066,0.622000
off,run_08.json,1067,1.550000
off,run_08.json,1068,9.767000
off,run_08.json,1069,0.677000
off,run_08.json,1070,1.075000
off,run_08.json,1071,0.610000
off,run_08.json,1072,1.515000
off,run_08.json,1073,0.606000
off,run_08.json,1074,0.659000
off,run_08.json,1075,0.661000
off,run_08.json,1076,0.589000
off,run_08.json,1077,1.390000
off,run_08.json,1078,9.817000
off,run_08.json,1079,0.686000
off,run_08.json,1080,0.961000
off,run_08.json,1081,0.664000
off,run_08.json,1082,1.414000
off,run_08.json,1083,0.635000
off,run_08.json,1084,0.660000
off,run_08.json,1085,0.639000
off,run_08.json,1086,0.675000
off,run_08.json,1087,1.359000
off,run_08.json,1088,9.629000
off,run_08.json,1089,0.757000
off,run_08.json,1090,0.937000
off,run_08.json,1091,0.634000
off,run_08.json,1092,1.534000
off,run_08.json,1093,0.678000
off,run_08.json,1094,0.673000
off,run_08.json,1095,0.666000
off,run_08.json,1096,0.597000
off,run_08.json,1097,1.444000
off,run_08.json,1098,9.637000
off,run_08.json,1099,0.721000
off,run_08.json,1100,1.091000
off,run_08.json,1101,1.691000
off,run_08.json,1102,0.675000
off,run_08.json,1103,0.648000
off,run_08.json,1104,0.661000
off,run_08.json,1105,0.676000
off,run_08.json,1106,0.634000
off,run_08.json,1107,1.373000
off,run_08.json,1108,9.031000
off,run_08.json,1109,0.673000
off,run_08.json,1110,1.011000
off,run_08.json,1111,0.683000
off,run_08.json,1112,1.424000
off,run_08.json,1113,0.633000
off,run_08.json,1114,0.695000
off,run_08.json,1115,0.599000
off,run_08.json,1116,0.680000
off,run_08.json,1117,1.350000
off,run_08.json,1118,8.845000
off,run_08.json,1119,0.904000
off,run_08.json,1120,0.889000
off,run_08.json,1121,1.773000
off,run_08.json,1122,0.764000
off,run_08.json,1123,0.690000
off,run_08.json,1124,0.686000
off,run_08.json,1125,0.675000
off,run_08.json,1126,1.359000
off,run_08.json,1127,7.437000
off,run_08.json,1128,0.637000
off,run_08.json,1129,1.012000
off,run_08.json,1130,0.701000
off,run_08.json,1131,1.685000
off,run_08.json,1132,0.699000
off,run_08.json,1133,0.643000
off,run_08.json,1134,0.604000
off,run_08.json,1135,0.639000
off,run_08.json,1136,9.576000
off,run_08.json,1137,0.682000
off,run_08.json,1138,0.900000
off,run_08.json,1139,0.621000
off,run_08.json,1140,1.411000
off,run_08.json,1141,0.648000
off,run_08.json,1142,0.600000
off,run_08.json,1143,0.618000
off,run_08.json,1144,0.599000
off,run_08.json,1145,0.599000
off,run_08.json,1146,1.301000
off,run_08.json,1147,7.814000
off,run_08.json,1148,0.579000
off,run_08.json,1149,1.081000
off,run_08.json,1150,0.609000
off,run_08.json,1151,1.451000
off,run_08.json,1152,0.649000
off,run_08.json,1153,0.559000
off,run_08.json,1154,0.632000
off,run_08.json,1155,0.603000
off,run_08.json,1156,0.626000
off,run_08.json,1157,1.327000
off,run_08.json,1158,7.060000
off,run_08.json,1159,0.610000
off,run_08.json,1160,0.968000
off,run_08.json,1161,0.616000
off,run_08.json,1162,1.415000
off,run_08.json,1163,0.631000
off,run_08.json,1164,0.560000
off,run_08.json,1165,0.660000
off,run_08.json,1166,0.643000
off,run_08.json,1167,0.604000
off,run_08.json,1168,1.283000
off,run_08.json,1169,8.483000
off,run_08.json,1170,0.725000
off,run_08.json,1171,0.998000
off,run_08.json,1172,1.534000
off,run_08.json,1173,0.658000
off,run_08.json,1174,0.599000
off,run_08.json,1175,0.607000
off,run_08.json,1176,0.663000
off,run_08.json,1177,0.590000
off,run_08.json,1178,1.320000
off,run_08.json,1179,8.866000
off,run_08.json,1180,0.629000
off,run_08.json,1181,0.972000
off,run_08.json,1182,0.774000
off,run_08.json,1183,1.310000
off,run_08.json,1184,0.717000
off,run_08.json,1185,0.646000
off,run_08.json,1186,0.550000
off,run_08.json,1187,0.637000
off,run_08.json,1188,0.612000
off,run_08.json,1189,9.863000
off,run_08.json,1190,0.593000
off,run_08.json,1191,1.101000
off,run_08.json,1192,1.758000
off,run_08.json,1193,0.548000
off,run_08.json,1194,0.612000
off,run_08.json,1195,0.596000
off,run_08.json,1196,0.651000
off,run_08.json,1197,0.649000
off,run_08.json,1198,1.320000
off,run_08.json,1199,8.803000
off,run_08.json,1200,0.658000
off,run_08.json,1201,0.923000
off,run_08.json,1202,0.656000
off,run_08.json,1203,1.432000
off,run_08.json,1204,0.563000
off,run_08.json,1205,0.591000
off,run_08.json,1206,0.611000
off,run_08.json,1207,0.617000
off,run_08.json,1208,0.580000
off,run_08.json,1209,1.282000
off,run_08.json,1210,8.676000
off,run_08.json,1211,0.632000
off,run_08.json,1212,1.005000
off,run_08.json,1213,0.736000
off,run_08.json,1214,1.245000
off,run_08.json,1215,0.567000
off,run_08.json,1216,0.640000
off,run_08.json,1217,0.627000
off,run_08.json,1218,0.575000
off,run_08.json,1219,0.606000
off,run_08.json,1220,1.448000
off,run_08.json,1221,8.589000
off,run_08.json,1222,0.581000
off,run_08.json,1223,0.968000
off,run_08.json,1224,0.539000
off,run_08.json,1225,1.490000
off,run_08.json,1226,0.537000
off,run_08.json,1227,0.638000
off,run_08.json,1228,0.657000
off,run_08.json,1229,0.579000
off,run_08.json,1230,0.639000
off,run_08.json,1231,1.255000
off,run_08.json,1232,8.831000
off,run_08.json,1233,0.635000
off,run_08.json,1234,0.858000
off,run_08.json,1235,0.626000
off,run_08.json,1236,1.342000
off,run_08.json,1237,0.599000
off,run_08.json,1238,0.586000
off,run_08.json,1239,0.615000
off,run_08.json,1240,0.634000
off,run_08.json,1241,0.599000
off,run_08.json,1242,1.299000
off,run_08.json,1243,8.949000
off,run_08.json,1244,0.759000
off,run_08.json,1245,0.757000
off,run_08.json,1246,0.589000
off,run_08.json,1247,1.392000
off,run_08.json,1248,0.648000
off,run_08.json,1249,0.611000
off,run_08.json,1250,0.699000
off,run_08.json,1251,0.687000
off,run_08.json,1252,0.688000
off,run_08.json,1253,9.734000
off,run_08.json,1254,0.667000
off,run_08.json,1255,0.942000
off,run_08.json,1256,0.661000
off,run_08.json,1257,1.489000
off,run_08.json,1258,0.692000
off,run_08.json,1259,0.592000
off,run_08.json,1260,0.825000
off,run_08.json,1261,0.667000
off,run_08.json,1262,1.309000
off,run_08.json,1263,8.789000
off,run_08.json,1264,0.652000
off,run_08.json,1265,0.981000
off,run_08.json,1266,0.627000
off,run_08.json,1267,1.526000
off,run_08.json,1268,0.599000
off,run_08.json,1269,0.644000
off,run_08.json,1270,0.653000
off,run_08.json,1271,0.602000
off,run_08.json,1272,1.371000
off,run_08.json,1273,8.931000
off,run_08.json,1274,0.649000
off,run_08.json,1275,0.941000
off,run_08.json,1276,0.625000
off,run_08.json,1277,1.488000
off,run_08.json,1278,0.645000
off,run_08.json,1279,0.646000
off,run_08.json,1280,0.667000
off,run_08.json,1281,0.678000
off,run_08.json,1282,1.295000
off,run_08.json,1283,9.137000
off,run_08.json,1284,0.671000
off,run_08.json,1285,0.955000
off,run_08.json,1286,0.662000
off,run_08.json,1287,1.489000
off,run_08.json,1288,0.740000
off,run_08.json,1289,0.587000
off,run_08.json,1290,0.627000
off,run_08.json,1291,0.659000
off,run_08.json,1292,1.203000
off,run_08.json,1293,8.994000
off,run_08.json,1294,0.702000
off,run_08.json,1295,0.848000
off,run_08.json,1296,0.656000
off,run_08.json,1297,1.500000
off,run_08.json,1298,0.637000
off,run_08.json,1299,0.642000
off,run_08.json,1300,0.622000
off,run_08.json,1301,0.685000
off,run_08.json,1302,1.362000
off,run_08.json,1303,9.180000
off,run_08.json,1304,0.657000
off,run_08.json,1305,0.903000
off,run_08.json,1306,0.635000
off,run_08.json,1307,1.469000
off,run_08.json,1308,0.713000
off,run_08.json,1309,0.710000
off,run_08.json,1310,0.657000
off,run_08.json,1311,0.690000
off,run_08.json,1312,1.353000
off,run_08.json,1313,8.890000
off,run_08.json,1314,0.815000
off,run_08.json,1315,0.983000
off,run_08.json,1316,1.731000
off,run_08.json,1317,0.708000
off,run_08.json,1318,0.653000
off,run_08.json,1319,0.703000
off,run_08.json,1320,0.657000
off,run_08.json,1321,0.636000
off,run_08.json,1322,9.717000
off,run_08.json,1323,0.738000
off,run_08.json,1324,0.862000
off,run_08.json,1325,0.703000
off,run_08.json,1326,1.516000
off,run_08.json,1327,0.705000
off,run_08.json,1328,0.735000
off,run_08.json,1329,0.652000
off,run_08.json,1330,0.689000
off,run_08.json,1331,1.363000
off,run_08.json,1332,8.646000
off,run_08.json,1333,0.681000
off,run_08.json,1334,0.959000
off,run_08.json,1335,0.693000
off,run_08.json,1336,1.375000
off,run_08.json,1337,0.681000
off,run_08.json,1338,0.689000
off,run_08.json,1339,0.601000
off,run_08.json,1340,0.686000
off,run_08.json,1341,1.481000
off,run_08.json,1342,10.152000
off,run_08.json,1343,0.790000
off,run_08.json,1344,0.881000
off,run_08.json,1345,1.600000
off,run_08.json,1346,0.701000
off,run_08.json,1347,0.631000
off,run_08.json,1348,0.696000
off,run_08.json,1349,0.687000
off,run_08.json,1350,0.633000
off,run_08.json,1351,1.360000
off,run_08.json,1352,8.654000
off,run_08.json,1353,0.638000
off,run_08.json,1354,1.052000
off,run_08.json,1355,0.677000
off,run_08.json,1356,1.495000
off,run_08.json,1357,0.712000
off,run_08.json,1358,0.649000
off,run_08.json,1359,0.732000
off,run_08.json,1360,0.705000
off,run_08.json,1361,1.381000
off,run_08.json,1362,7.276000
off,run_08.json,1363,0.724000
off,run_08.json,1364,0.924000
off,run_08.json,1365,0.668000
off,run_08.json,1366,1.405000
off,run_08.json,1367,0.661000
off,run_08.json,1368,0.668000
off,run_08.json,1369,0.610000
off,run_08.json,1370,0.668000
off,run_08.json,1371,1.287000
off,run_08.json,1372,9.126000
off,run_08.json,1373,0.699000
off,run_08.json,1374,0.867000
off,run_08.json,1375,0.625000
off,run_08.json,1376,1.520000
off,run_08.json,1377,0.668000
off,run_08.json,1378,0.632000
off,run_08.json,1379,0.667000
off,run_08.json,1380,0.626000
off,run_08.json,1381,0.603000
off,run_08.json,1382,13.666000
off,run_08.json,1383,0.716000
off,run_08.json,1384,0.842000
off,run_08.json,1385,0.666000
off,run_08.json,1386,1.468000
off,run_08.json,1387,1.845000
off,run_08.json,1388,0.514000
off,run_08.json,1389,0.659000
off,run_08.json,1390,1.302000
off,run_08.json,1391,8.713000
off,run_08.json,1392,0.654000
off,run_08.json,1393,0.977000
off,run_08.json,1394,0.595000
off,run_08.json,1395,1.453000
off,run_08.json,1396,0.637000
off,run_08.json,1397,0.659000
off,run_08.json,1398,1.932000
off,run_08.json,1399,9.754000
off,run_08.json,1400,0.677000
off,run_08.json,1401,0.940000
off,run_08.json,1402,0.676000
off,run_08.json,1403,1.413000
off,run_08.json,1404,0.664000
off,run_08.json,1405,0.642000
off,run_08.json,1406,0.650000
off,run_08.json,1407,0.625000
off,run_08.json,1408,1.300000
off,run_08.json,1409,8.863000
off,run_08.json,1410,0.608000
off,run_08.json,1411,0.933000
off,run_08.json,1412,0.650000
off,run_08.json,1413,1.394000
off,run_08.json,1414,0.644000
off,run_08.json,1415,0.651000
off,run_08.json,1416,0.633000
off,run_08.json,1417,0.665000
off,run_08.json,1418,0.870000
off,run_08.json,1419,9.403000
off,run_08.json,1420,0.640000
off,run_08.json,1421,0.980000
off,run_08.json,1422,0.601000
off,run_08.json,1423,1.523000
off,run_08.json,1424,0.856000
off,run_08.json,1425,0.582000
off,run_08.json,1426,0.657000
off,run_08.json,1427,0.651000
off,run_08.json,1428,1.277000
off,run_08.json,1429,8.383000
off,run_08.json,1430,0.603000
off,run_08.json,1431,0.946000
off,run_08.json,1432,0.610000
off,run_08.json,1433,1.459000
off,run_08.json,1434,0.560000
off,run_08.json,1435,0.638000
off,run_08.json,1436,0.623000
off,run_08.json,1437,0.634000
off,run_08.json,1438,0.633000
off,run_08.json,1439,1.229000
off,run_08.json,1440,7.649000
off,run_08.json,1441,0.654000
off,run_08.json,1442,0.821000
off,run_08.json,1443,0.611000
off,run_08.json,1444,1.397000
off,run_08.json,1445,0.614000
off,run_08.json,1446,0.571000
off,run_08.json,1447,0.627000
off,run_08.json,1448,0.652000
off,run_08.json,1449,0.576000
off,run_08.json,1450,1.460000
off,run_08.json,1451,7.026000
off,run_08.json,1452,0.722000
off,run_08.json,1453,0.893000
off,run_08.json,1454,1.634000
off,run_08.json,1455,0.699000
off,run_08.json,1456,0.709000
off,run_08.json,1457,0.678000
off,run_08.json,1458,0.662000
off,run_08.json,1459,0.724000
off,run_08.json,1460,1.261000
off,run_08.json,1461,10.264000
off,run_08.json,1462,0.821000
off,run_08.json,1463,0.892000
off,run_08.json,1464,1.506000
off,run_08.json,1465,0.734000
off,run_08.json,1466,0.731000
off,run_08.json,1467,0.696000
off,run_08.json,1468,0.710000
off,run_08.json,1469,0.726000
off,run_08.json,1470,9.881000
off,run_08.json,1471,1.316000
off,run_08.json,1472,0.974000
off,run_08.json,1473,1.214000
off,run_08.json,1474,0.860000
off,run_08.json,1475,0.704000
off,run_08.json,1476,0.646000
off,run_08.json,1477,0.645000
off,run_08.json,1478,1.391000
off,run_08.json,1479,8.517000
off,run_08.json,1480,0.759000
off,run_08.json,1481,0.883000
off,run_08.json,1482,1.629000
off,run_08.json,1483,0.703000
off,run_08.json,1484,0.687000
off,run_08.json,1485,0.676000
off,run_08.json,1486,0.700000
off,run_08.json,1487,0.719000
off,run_08.json,1488,10.343000
off,run_08.json,1489,0.652000
off,run_08.json,1490,1.054000
off,run_08.json,1491,0.710000
off,run_08.json,1492,1.426000
off,run_08.json,1493,0.691000
off,run_08.json,1494,0.592000
off,run_08.json,1495,0.707000
off,run_08.json,1496,0.714000
off,run_08.json,1497,10.140000
off,run_08.json,1498,0.805000
off,run_08.json,1499,0.861000
off,run_08.json,1500,0.862000
off,run_08.json,1501,1.283000
off,run_08.json,1502,0.589000
off,run_08.json,1503,0.670000
off,run_08.json,1504,0.687000
off,run_08.json,1505,0.588000
off,run_08.json,1506,1.456000
off,run_08.json,1507,9.063000
off,run_08.json,1508,0.807000
off,run_08.json,1509,0.931000
off,run_08.json,1510,1.636000
off,run_08.json,1511,0.713000
off,run_08.json,1512,0.675000
off,run_08.json,1513,0.695000
off,run_08.json,1514,0.698000
off,run_08.json,1515,0.728000
off,run_08.json,1516,10.698000
off,run_08.json,1517,0.691000
off,run_08.json,1518,1.102000
off,run_08.json,1519,1.508000
off,run_08.json,1520,0.637000
off,run_08.json,1521,0.767000
off,run_08.json,1522,0.706000
off,run_08.json,1523,0.610000
off,run_08.json,1524,0.688000
off,run_08.json,1525,1.317000
off,run_08.json,1526,9.021000
off,run_08.json,1527,0.603000
off,run_08.json,1528,0.960000
off,run_08.json,1529,0.600000
off,run_08.json,1530,1.444000
off,run_08.json,1531,0.609000
off,run_08.json,1532,0.560000
off,run_08.json,1533,0.632000
off,run_08.json,1534,0.548000
off,run_08.json,1535,0.637000
off,run_08.json,1536,1.394000
off,run_08.json,1537,7.055000
off,run_08.json,1538,0.643000
off,run_08.json,1539,1.042000
off,run_08.json,1540,0.855000
off,run_08.json,1541,1.193000
off,run_08.json,1542,0.730000
off,run_08.json,1543,0.732000
off,run_08.json,1544,0.657000
off,run_08.json,1545,0.705000
off,run_08.json,1546,1.331000
off,run_08.json,1547,7.171000
off,run_08.json,1548,0.722000
off,run_08.json,1549,1.025000
off,run_08.json,1550,0.669000
off,run_08.json,1551,1.521000
off,run_08.json,1552,0.750000
off,run_08.json,1553,0.731000
off,run_08.json,1554,0.608000
off,run_08.json,1555,0.656000
off,run_08.json,1556,1.405000
off,run_08.json,1557,8.392000
off,run_08.json,1558,0.812000
off,run_08.json,1559,0.823000
off,run_08.json,1560,0.651000
off,run_08.json,1561,1.515000
off,run_08.json,1562,0.643000
off,run_08.json,1563,0.836000
off,run_08.json,1564,0.627000
off,run_08.json,1565,0.655000
off,run_08.json,1566,1.373000
off,run_08.json,1567,8.600000
off,run_08.json,1568,0.689000
off,run_08.json,1569,0.843000
off,run_08.json,1570,0.648000
off,run_08.json,1571,1.498000
off,run_08.json,1572,0.653000
off,run_08.json,1573,0.647000
off,run_08.json,1574,0.657000
off,run_08.json,1575,0.686000
off,run_08.json,1576,1.431000
off,run_08.json,1577,8.962000
off,run_08.json,1578,0.701000
off,run_08.json,1579,0.911000
off,run_08.json,1580,0.703000
off,run_08.json,1581,1.417000
off,run_08.json,1582,0.691000
off,run_08.json,1583,0.618000
off,run_08.json,1584,0.691000
off,run_08.json,1585,0.691000
off,run_08.json,1586,1.149000
off,run_08.json,1587,10.319000
off,run_08.json,1588,0.722000
off,run_08.json,1589,0.904000
off,run_08.json,1590,0.646000
off,run_08.json,1591,1.544000
off,run_08.json,1592,0.863000
off,run_08.json,1593,0.738000
off,run_08.json,1594,0.744000
off,run_08.json,1595,0.800000
off,run_08.json,1596,10.529000
off,run_08.json,1597,0.718000
off,run_08.json,1598,1.033000
off,run_08.json,1599,0.004000
off,run_09.json,0,15.091000
off,run_09.json,1,0.938000
off,run_09.json,2,0.992000
off,run_09.json,3,14.488000
off,run_09.json,4,0.818000
off,run_09.json,5,0.946000
off,run_09.json,6,15.411000
off,run_09.json,7,0.699000
off,run_09.json,8,0.927000
off,run_09.json,9,0.601000
off,run_09.json,10,15.072000
off,run_09.json,11,0.796000
off,run_09.json,12,0.827000
off,run_09.json,13,0.634000
off,run_09.json,14,14.616000
off,run_09.json,15,0.735000
off,run_09.json,16,1.001000
off,run_09.json,17,0.742000
off,run_09.json,18,14.751000
off,run_09.json,19,0.931000
off,run_09.json,20,0.937000
off,run_09.json,21,15.074000
off,run_09.json,22,0.668000
off,run_09.json,23,2.471000
off,run_09.json,24,13.967000
off,run_09.json,25,0.910000
off,run_09.json,26,0.929000
off,run_09.json,27,14.928000
off,run_09.json,28,0.857000
off,run_09.json,29,0.938000
off,run_09.json,30,15.186000
off,run_09.json,31,0.766000
off,run_09.json,32,0.839000
off,run_09.json,33,2.268000
off,run_09.json,34,12.903000
off,run_09.json,35,0.710000
off,run_09.json,36,0.899000
off,run_09.json,37,0.707000
off,run_09.json,38,14.494000
off,run_09.json,39,0.734000
off,run_09.json,40,0.897000
off,run_09.json,41,0.681000
off,run_09.json,42,14.798000
off,run_09.json,43,0.843000
off,run_09.json,44,0.908000
off,run_09.json,45,2.452000
off,run_09.json,46,12.923000
off,run_09.json,47,0.881000
off,run_09.json,48,0.788000
off,run_09.json,49,15.117000
off,run_09.json,50,1.033000
off,run_09.json,51,0.918000
off,run_09.json,52,14.942000
off,run_09.json,53,0.882000
off,run_09.json,54,0.932000
off,run_09.json,55,14.922000
off,run_09.json,56,0.769000
off,run_09.json,57,0.937000
off,run_09.json,58,0.715000
off,run_09.json,59,14.141000
off,run_09.json,60,0.660000
off,run_09.json,61,0.995000
off,run_09.json,62,0.786000
off,run_09.json,63,14.355000
off,run_09.json,64,1.441000
off,run_09.json,65,0.927000
off,run_09.json,66,14.043000
off,run_09.json,67,0.911000
off,run_09.json,68,1.050000
off,run_09.json,69,14.215000
off,run_09.json,70,0.787000
off,run_09.json,71,0.909000
off,run_09.json,72,0.692000
off,run_09.json,73,13.497000
off,run_09.json,74,0.627000
off,run_09.json,75,0.941000
off,run_09.json,76,0.615000
off,run_09.json,77,14.248000
off,run_09.json,78,0.683000
off,run_09.json,79,0.958000
off,run_09.json,80,0.629000
off,run_09.json,81,14.223000
off,run_09.json,82,0.769000
off,run_09.json,83,1.190000
off,run_09.json,84,14.408000
off,run_09.json,85,0.711000
off,run_09.json,86,1.129000
off,run_09.json,87,0.786000
off,run_09.json,88,13.707000
off,run_09.json,89,0.789000
off,run_09.json,90,0.884000
off,run_09.json,91,0.792000
off,run_09.json,92,14.074000
off,run_09.json,93,0.834000
off,run_09.json,94,0.802000
off,run_09.json,95,0.676000
off,run_09.json,96,13.446000
off,run_09.json,97,0.639000
off,run_09.json,98,0.922000
off,run_09.json,99,0.625000
off,run_09.json,100,13.424000
off,run_09.json,101,0.670000
off,run_09.json,102,0.938000
off,run_09.json,103,0.660000
off,run_09.json,104,14.303000
off,run_09.json,105,0.622000
off,run_09.json,106,0.969000
off,run_09.json,107,0.596000
off,run_09.json,108,14.282000
off,run_09.json,109,0.702000
off,run_09.json,110,0.894000
off,run_09.json,111,0.667000
off,run_09.json,112,1.394000
off,run_09.json,113,1.315000
off,run_09.json,114,11.811000
off,run_09.json,115,0.712000
off,run_09.json,116,0.934000
off,run_09.json,117,1.679000
off,run_09.json,118,1.312000
off,run_09.json,119,12.021000
off,run_09.json,120,0.740000
off,run_09.json,121,0.893000
off,run_09.json,122,0.615000
off,run_09.json,123,1.590000
off,run_09.json,124,12.787000
off,run_09.json,125,0.759000
off,run_09.json,126,0.985000
off,run_09.json,127,0.718000
off,run_09.json,128,1.478000
off,run_09.json,129,12.722000
off,run_09.json,130,0.657000
off,run_09.json,131,0.977000
off,run_09.json,132,0.639000
off,run_09.json,133,1.504000
off,run_09.json,134,12.924000
off,run_09.json,135,0.658000
off,run_09.json,136,0.996000
off,run_09.json,137,0.639000
off,run_09.json,138,1.535000
off,run_09.json,139,12.775000
off,run_09.json,140,0.600000
off,run_09.json,141,0.964000
off,run_09.json,142,0.671000
off,run_09.json,143,1.488000
off,run_09.json,144,13.036000
off,run_09.json,145,0.586000
off,run_09.json,146,0.983000
off,run_09.json,147,0.627000
off,run_09.json,148,1.482000
off,run_09.json,149,1.379000
off,run_09.json,150,11.445000
off,run_09.json,151,0.615000
off,run_09.json,152,0.916000
off,run_09.json,153,0.599000
off,run_09.json,154,1.445000
off,run_09.json,155,1.310000
off,run_09.json,156,11.759000
off,run_09.json,157,0.573000
off,run_09.json,158,0.939000
off,run_09.json,159,0.564000
off,run_09.json,160,1.490000
off,run_09.json,161,1.341000
off,run_09.json,162,11.799000
off,run_09.json,163,0.567000
off,run_09.json,164,0.939000
off,run_09.json,165,0.558000
off,run_09.json,166,1.487000
off,run_09.json,167,1.230000
off,run_09.json,168,11.954000
off,run_09.json,169,0.573000
off,run_09.json,170,0.895000
off,run_09.json,171,0.599000
off,run_09.json,172,0.620000
off,run_09.json,173,2.124000
off,run_09.json,174,11.925000
off,run_09.json,175,0.592000
off,run_09.json,176,0.987000
off,run_09.json,177,0.716000
off,run_09.json,178,1.353000
off,run_09.json,179,1.491000
off,run_09.json,180,11.553000
off,run_09.json,181,0.585000
off,run_09.json,182,0.894000
off,run_09.json,183,0.564000
off,run_09.json,184,1.504000
off,run_09.json,185,1.442000
off,run_09.json,186,11.519000
off,run_09.json,187,0.573000
off,run_09.json,188,0.911000
off,run_09.json,189,0.559000
off,run_09.json,190,1.467000
off,run_09.json,191,1.321000
off,run_09.json,192,11.803000
off,run_09.json,193,0.576000
off,run_09.json,194,0.915000
off,run_09.json,195,0.597000
off,run_09.json,196,1.453000
off,run_09.json,197,1.295000
off,run_09.json,198,11.952000
off,run_09.json,199,0.617000
off,run_09.json,200,1.116000
off,run_09.json,201,0.667000
off,run_09.json,202,1.448000
off,run_09.json,203,12.839000
off,run_09.json,204,0.784000
off,run_09.json,205,1.051000
off,run_09.json,206,1.567000
off,run_09.json,207,13.455000
off,run_09.json,208,0.921000
off,run_09.json,209,1.003000
off,run_09.json,210,1.542000
off,run_09.json,211,1.493000
off,run_09.json,212,11.598000
off,run_09.json,213,0.745000
off,run_09.json,214,1.046000
off,run_09.json,215,0.658000
off,run_09.json,216,2.419000
off,run_09.json,217,11.797000
off,run_09.json,218,0.797000
off,run_09.json,219,0.909000
off,run_09.json,220,0.656000
off,run_09.json,221,2.254000
off,run_09.json,222,11.802000
off,run_09.json,223,0.709000
off,run_09.json,224,0.989000
off,run_09.json,225,0.640000
off,run_09.json,226,1.515000
off,run_09.json,227,12.960000
off,run_09.json,228,0.761000
off,run_09.json,229,0.927000
off,run_09.json,230,1.692000
off,run_09.json,231,1.323000
off,run_09.json,232,11.912000
off,run_09.json,233,0.746000
off,run_09.json,234,0.952000
off,run_09.json,235,1.653000
off,run_09.json,236,1.385000
off,run_09.json,237,11.960000
off,run_09.json,238,0.671000
off,run_09.json,239,0.951000
off,run_09.json,240,0.694000
off,run_09.json,241,1.511000
off,run_09.json,242,13.064000
off,run_09.json,243,0.842000
off,run_09.json,244,0.923000
off,run_09.json,245,1.719000
off,run_09.json,246,1.669000
off,run_09.json,247,11.422000
off,run_09.json,248,0.853000
off,run_09.json,249,0.891000
off,run_09.json,250,1.531000
off,run_09.json,251,1.355000
off,run_09.json,252,11.900000
off,run_09.json,253,0.741000
off,run_09.json,254,0.939000
off,run_09.json,255,0.908000
off,run_09.json,256,2.027000
off,run_09.json,257,12.159000
off,run_09.json,258,0.922000
off,run_09.json,259,1.047000
off,run_09.json,260,1.439000
off,run_09.json,261,1.485000
off,run_09.json,262,11.828000
off,run_09.json,263,0.931000
off,run_09.json,264,0.903000
off,run_09.json,265,1.601000
off,run_09.json,266,1.368000
off,run_09.json,267,11.787000
off,run_09.json,268,0.723000
off,run_09.json,269,1.048000
off,run_09.json,270,1.591000
off,run_09.json,271,1.413000
off,run_09.json,272,11.977000
off,run_09.json,273,0.732000
off,run_09.json,274,0.997000
off,run_09.json,275,1.660000
off,run_09.json,276,1.452000
off,run_09.json,277,11.739000
off,run_09.json,278,0.870000
off,run_09.json,279,0.969000
off,run_09.json,280,1.433000
off,run_09.json,281,1.463000
off,run_09.json,282,12.497000
off,run_09.json,283,0.721000
off,run_09.json,284,0.965000
off,run_09.json,285,0.706000
off,run_09.json,286,2.286000
off,run_09.json,287,12.728000
off,run_09.json,288,0.728000
off,run_09.json,289,0.914000
off,run_09.json,290,0.768000
off,run_09.json,291,2.375000
off,run_09.json,292,12.087000
off,run_09.json,293,0.926000
off,run_09.json,294,0.836000
off,run_09.json,295,1.648000
off,run_09.json,296,1.429000
off,run_09.json,297,12.109000
off,run_09.json,298,0.774000
off,run_09.json,299,0.995000
off,run_09.json,300,1.834000
off,run_09.json,301,1.563000
off,run_09.json,302,9.967000
off,run_09.json,303,0.828000
off,run_09.json,304,1.014000
off,run_09.json,305,1.656000
off,run_09.json,306,1.560000
off,run_09.json,307,11.249000
off,run_09.json,308,0.875000
off,run_09.json,309,0.992000
off,run_09.json,310,1.808000
off,run_09.json,311,13.033000
off,run_09.json,312,0.915000
off,run_09.json,313,1.094000
off,run_09.json,314,1.627000
off,run_09.json,315,1.549000
off,run_09.json,316,11.461000
off,run_09.json,317,0.829000
off,run_09.json,318,1.049000
off,run_09.json,319,1.849000
off,run_09.json,320,13.220000
off,run_09.json,321,1.578000
off,run_09.json,322,1.954000
off,run_09.json,323,16.770000
off,run_09.json,324,0.993000
off,run_09.json,325,0.862000
off,run_09.json,326,1.888000
off,run_09.json,327,13.231000
off,run_09.json,328,0.775000
off,run_09.json,329,1.024000
off,run_09.json,330,1.640000
off,run_09.json,331,1.573000
off,run_09.json,332,11.619000
off,run_09.json,333,1.610000
off,run_09.json,334,0.877000
off,run_09.json,335,2.298000
off,run_09.json,336,11.788000
off,run_09.json,337,1.020000
off,run_09.json,338,1.076000
off,run_09.json,339,1.435000
off,run_09.json,340,1.525000
off,run_09.json,341,11.672000
off,run_09.json,342,0.806000
off,run_09.json,343,1.168000
off,run_09.json,344,1.758000
off,run_09.json,345,13.093000
off,run_09.json,346,0.925000
off,run_09.json,347,1.154000
off,run_09.json,348,2.567000
off,run_09.json,349,11.943000
off,run_09.json,350,0.989000
off,run_09.json,351,0.961000
off,run_09.json,352,1.673000
off,run_09.json,353,12.921000
off,run_09.json,354,0.739000
off,run_09.json,355,1.185000
off,run_09.json,356,1.681000
off,run_09.json,357,1.462000
off,run_09.json,358,11.456000
off,run_09.json,359,0.906000
off,run_09.json,360,0.999000
off,run_09.json,361,1.633000
off,run_09.json,362,1.412000
off,run_09.json,363,11.376000
off,run_09.json,364,2.112000
off,run_09.json,365,1.472000
off,run_09.json,366,1.408000
off,run_09.json,367,11.715000
off,run_09.json,368,1.530000
off,run_09.json,369,1.808000
off,run_09.json,370,1.598000
off,run_09.json,371,11.527000
off,run_09.json,372,1.047000
off,run_09.json,373,0.932000
off,run_09.json,374,3.166000
off,run_09.json,375,11.421000
off,run_09.json,376,0.941000
off,run_09.json,377,1.181000
off,run_09.json,378,1.615000
off,run_09.json,379,12.880000
off,run_09.json,380,0.866000
off,run_09.json,381,0.985000
off,run_09.json,382,1.724000
off,run_09.json,383,12.200000
off,run_09.json,384,0.791000
off,run_09.json,385,1.323000
off,run_09.json,386,1.590000
off,run_09.json,387,0.829000
off,run_09.json,388,1.519000
off,run_09.json,389,10.041000
off,run_09.json,390,0.821000
off,run_09.json,391,1.014000
off,run_09.json,392,1.802000
off,run_09.json,393,0.912000
off,run_09.json,394,1.405000
off,run_09.json,395,8.993000
off,run_09.json,396,0.742000
off,run_09.json,397,1.029000
off,run_09.json,398,1.810000
off,run_09.json,399,0.875000
off,run_09.json,400,1.591000
off,run_09.json,401,10.580000
off,run_09.json,402,0.880000
off,run_09.json,403,0.971000
off,run_09.json,404,1.804000
off,run_09.json,405,0.908000
off,run_09.json,406,1.400000
off,run_09.json,407,11.895000
off,run_09.json,408,0.814000
off,run_09.json,409,1.042000
off,run_09.json,410,1.694000
off,run_09.json,411,0.726000
off,run_09.json,412,3.017000
off,run_09.json,413,9.983000
off,run_09.json,414,0.982000
off,run_09.json,415,0.975000
off,run_09.json,416,1.061000
off,run_09.json,417,0.790000
off,run_09.json,418,1.860000
off,run_09.json,419,10.678000
off,run_09.json,420,0.830000
off,run_09.json,421,1.004000
off,run_09.json,422,0.940000
off,run_09.json,423,0.763000
off,run_09.json,424,2.076000
off,run_09.json,425,10.843000
off,run_09.json,426,0.729000
off,run_09.json,427,1.129000
off,run_09.json,428,1.818000
off,run_09.json,429,0.706000
off,run_09.json,430,1.437000
off,run_09.json,431,10.699000
off,run_09.json,432,0.768000
off,run_09.json,433,1.030000
off,run_09.json,434,1.754000
off,run_09.json,435,0.748000
off,run_09.json,436,1.362000
off,run_09.json,437,11.409000
off,run_09.json,438,0.952000
off,run_09.json,439,1.118000
off,run_09.json,440,1.916000
off,run_09.json,441,0.734000
off,run_09.json,442,1.480000
off,run_09.json,443,10.783000
off,run_09.json,444,0.871000
off,run_09.json,445,0.930000
off,run_09.json,446,1.807000
off,run_09.json,447,0.708000
off,run_09.json,448,1.526000
off,run_09.json,449,10.949000
off,run_09.json,450,0.920000
off,run_09.json,451,1.075000
off,run_09.json,452,1.956000
off,run_09.json,453,0.870000
off,run_09.json,454,12.339000
off,run_09.json,455,1.775000
off,run_09.json,456,1.903000
off,run_09.json,457,1.026000
off,run_09.json,458,12.085000
off,run_09.json,459,0.907000
off,run_09.json,460,1.085000
off,run_09.json,461,1.687000
off,run_09.json,462,0.866000
off,run_09.json,463,1.476000
off,run_09.json,464,10.854000
off,run_09.json,465,0.849000
off,run_09.json,466,1.170000
off,run_09.json,467,1.674000
off,run_09.json,468,0.802000
off,run_09.json,469,1.476000
off,run_09.json,470,10.928000
off,run_09.json,471,0.809000
off,run_09.json,472,1.003000
off,run_09.json,473,1.750000
off,run_09.json,474,0.727000
off,run_09.json,475,1.486000
off,run_09.json,476,11.354000
off,run_09.json,477,0.701000
off,run_09.json,478,0.986000
off,run_09.json,479,1.785000
off,run_09.json,480,0.653000
off,run_09.json,481,1.439000
off,run_09.json,482,9.461000
off,run_09.json,483,0.770000
off,run_09.json,484,0.906000
off,run_09.json,485,0.740000
off,run_09.json,486,1.587000
off,run_09.json,487,0.738000
off,run_09.json,488,10.262000
off,run_09.json,489,0.822000
off,run_09.json,490,1.042000
off,run_09.json,491,1.722000
off,run_09.json,492,0.964000
off,run_09.json,493,1.465000
off,run_09.json,494,10.183000
off,run_09.json,495,0.800000
off,run_09.json,496,0.997000
off,run_09.json,497,1.869000
off,run_09.json,498,0.790000
off,run_09.json,499,1.397000
off,run_09.json,500,11.070000
off,run_09.json,501,1.014000
off,run_09.json,502,0.863000
off,run_09.json,503,1.859000
off,run_09.json,504,0.951000
off,run_09.json,505,11.927000
off,run_09.json,506,0.922000
off,run_09.json,507,0.956000
off,run_09.json,508,1.930000
off,run_09.json,509,0.940000
off,run_09.json,510,11.807000
off,run_09.json,511,0.810000
off,run_09.json,512,1.085000
off,run_09.json,513,1.745000
off,run_09.json,514,0.699000
off,run_09.json,515,1.557000
off,run_09.json,516,10.938000
off,run_09.json,517,0.794000
off,run_09.json,518,1.010000
off,run_09.json,519,2.019000
off,run_09.json,520,0.773000
off,run_09.json,521,1.533000
off,run_09.json,522,10.431000
off,run_09.json,523,1.320000
off,run_09.json,524,0.849000
off,run_09.json,525,1.681000
off,run_09.json,526,0.983000
off,run_09.json,527,11.923000
off,run_09.json,528,1.043000
off,run_09.json,529,0.998000
off,run_09.json,530,1.680000
off,run_09.json,531,0.752000
off,run_09.json,532,1.478000
off,run_09.json,533,11.400000
off,run_09.json,534,0.751000
off,run_09.json,535,1.178000
off,run_09.json,536,0.886000
off,run_09.json,537,0.920000
off,run_09.json,538,2.288000
off,run_09.json,539,11.333000
off,run_09.json,540,0.815000
off,run_09.json,541,0.995000
off,run_09.json,542,1.878000
off,run_09.json,543,0.799000
off,run_09.json,544,1.433000
off,run_09.json,545,11.038000
off,run_09.json,546,0.805000
off,run_09.json,547,0.951000
off,run_09.json,548,1.890000
off,run_09.json,549,0.758000
off,run_09.json,550,1.542000
off,run_09.json,551,11.601000
off,run_09.json,552,0.860000
off,run_09.json,553,1.065000
off,run_09.json,554,1.780000
off,run_09.json,555,0.715000
off,run_09.json,556,1.508000
off,run_09.json,557,11.180000
off,run_09.json,558,0.839000
off,run_09.json,559,0.977000
off,run_09.json,560,0.783000
off,run_09.json,561,1.652000
off,run_09.json,562,1.457000
off,run_09.json,563,11.235000
off,run_09.json,564,0.802000
off,run_09.json,565,1.184000
off,run_09.json,566,1.616000
off,run_09.json,567,0.750000
off,run_09.json,568,1.483000
off,run_09.json,569,11.463000
off,run_09.json,570,0.801000
off,run_09.json,571,1.140000
off,run_09.json,572,1.801000
off,run_09.json,573,0.877000
off,run_09.json,574,1.427000
off,run_09.json,575,11.046000
off,run_09.json,576,0.831000
off,run_09.json,577,1.093000
off,run_09.json,578,1.713000
off,run_09.json,579,0.812000
off,run_09.json,580,1.494000
off,run_09.json,581,10.821000
off,run_09.json,582,0.992000
off,run_09.json,583,0.882000
off,run_09.json,584,1.823000
off,run_09.json,585,0.874000
off,run_09.json,586,1.403000
off,run_09.json,587,10.964000
off,run_09.json,588,0.857000
off,run_09.json,589,1.043000
off,run_09.json,590,1.724000
off,run_09.json,591,0.699000
off,run_09.json,592,1.394000
off,run_09.json,593,10.332000
off,run_09.json,594,0.668000
off,run_09.json,595,1.134000
off,run_09.json,596,1.785000
off,run_09.json,597,0.910000
off,run_09.json,598,1.402000
off,run_09.json,599,9.745000
off,run_09.json,600,0.737000
off,run_09.json,601,1.018000
off,run_09.json,602,1.710000
off,run_09.json,603,0.716000
off,run_09.json,604,1.350000
off,run_09.json,605,10.691000
off,run_09.json,606,0.779000
off,run_09.json,607,1.171000
off,run_09.json,608,1.635000
off,run_09.json,609,0.738000
off,run_09.json,610,1.339000
off,run_09.json,611,10.703000
off,run_09.json,612,0.741000
off,run_09.json,613,1.350000
off,run_09.json,614,1.489000
off,run_09.json,615,0.786000
off,run_09.json,616,1.454000
off,run_09.json,617,10.241000
off,run_09.json,618,0.794000
off,run_09.json,619,0.946000
off,run_09.json,620,1.758000
off,run_09.json,621,0.754000
off,run_09.json,622,1.466000
off,run_09.json,623,10.179000
off,run_09.json,624,0.771000
off,run_09.json,625,1.069000
off,run_09.json,626,1.991000
off,run_09.json,627,0.740000
off,run_09.json,628,1.292000
off,run_09.json,629,9.588000
off,run_09.json,630,0.688000
off,run_09.json,631,1.101000
off,run_09.json,632,1.810000
off,run_09.json,633,0.713000
off,run_09.json,634,1.317000
off,run_09.json,635,11.046000
off,run_09.json,636,0.682000
off,run_09.json,637,0.995000
off,run_09.json,638,0.772000
off,run_09.json,639,1.637000
off,run_09.json,640,0.807000
off,run_09.json,641,11.864000
off,run_09.json,642,0.847000
off,run_09.json,643,1.120000
off,run_09.json,644,1.798000
off,run_09.json,645,0.785000
off,run_09.json,646,1.432000
off,run_09.json,647,10.754000
off,run_09.json,648,0.879000
off,run_09.json,649,0.928000
off,run_09.json,650,1.570000
off,run_09.json,651,0.761000
off,run_09.json,652,1.337000
off,run_09.json,653,11.123000
off,run_09.json,654,0.776000
off,run_09.json,655,0.984000
off,run_09.json,656,1.749000
off,run_09.json,657,0.733000
off,run_09.json,658,1.530000
off,run_09.json,659,11.158000
off,run_09.json,660,0.655000
off,run_09.json,661,1.157000
off,run_09.json,662,1.849000
off,run_09.json,663,0.712000
off,run_09.json,664,1.533000
off,run_09.json,665,10.391000
off,run_09.json,666,0.655000
off,run_09.json,667,1.070000
off,run_09.json,668,0.608000
off,run_09.json,669,1.733000
off,run_09.json,670,0.688000
off,run_09.json,671,11.812000
off,run_09.json,672,0.660000
off,run_09.json,673,1.124000
off,run_09.json,674,1.838000
off,run_09.json,675,0.714000
off,run_09.json,676,1.379000
off,run_09.json,677,11.310000
off,run_09.json,678,0.809000
off,run_09.json,679,0.966000
off,run_09.json,680,1.855000
off,run_09.json,681,0.692000
off,run_09.json,682,1.379000
off,run_09.json,683,10.758000
off,run_09.json,684,0.653000
off,run_09.json,685,1.005000
off,run_09.json,686,0.606000
off,run_09.json,687,1.640000
off,run_09.json,688,0.668000
off,run_09.json,689,12.180000
off,run_09.json,690,1.425000
off,run_09.json,691,0.733000
off,run_09.json,692,1.728000
off,run_09.json,693,0.835000
off,run_09.json,694,11.862000
off,run_09.json,695,0.749000
off,run_09.json,696,1.053000
off,run_09.json,697,1.827000
off,run_09.json,698,0.802000
off,run_09.json,699,1.231000
off,run_09.json,700,11.091000
off,run_09.json,701,0.746000
off,run_09.json,702,1.060000
off,run_09.json,703,1.761000
off,run_09.json,704,0.682000
off,run_09.json,705,2.683000
off,run_09.json,706,9.588000
off,run_09.json,707,0.759000
off,run_09.json,708,0.991000
off,run_09.json,709,0.739000
off,run_09.json,710,1.609000
off,run_09.json,711,0.665000
off,run_09.json,712,1.474000
off,run_09.json,713,10.418000
off,run_09.json,714,0.691000
off,run_09.json,715,1.126000
off,run_09.json,716,3.125000
off,run_09.json,717,11.840000
off,run_09.json,718,0.986000
off,run_09.json,719,0.839000
off,run_09.json,720,1.775000
off,run_09.json,721,0.604000
off,run_09.json,722,0.600000
off,run_09.json,723,11.841000
off,run_09.json,724,0.633000
off,run_09.json,725,0.990000
off,run_09.json,726,0.711000
off,run_09.json,727,1.698000
off,run_09.json,728,0.684000
off,run_09.json,729,1.419000
off,run_09.json,730,10.539000
off,run_09.json,731,0.795000
off,run_09.json,732,1.124000
off,run_09.json,733,1.696000
off,run_09.json,734,0.770000
off,run_09.json,735,1.306000
off,run_09.json,736,10.999000
off,run_09.json,737,0.789000
off,run_09.json,738,1.085000
off,run_09.json,739,1.819000
off,run_09.json,740,0.759000
off,run_09.json,741,12.226000
off,run_09.json,742,0.755000
off,run_09.json,743,1.175000
off,run_09.json,744,1.662000
off,run_09.json,745,0.778000
off,run_09.json,746,1.410000
off,run_09.json,747,10.909000
off,run_09.json,748,0.781000
off,run_09.json,749,1.066000
off,run_09.json,750,1.831000
off,run_09.json,751,0.793000
off,run_09.json,752,0.929000
off,run_09.json,753,1.465000
off,run_09.json,754,9.817000
off,run_09.json,755,1.057000
off,run_09.json,756,1.002000
off,run_09.json,757,1.731000
off,run_09.json,758,0.973000
off,run_09.json,759,11.869000
off,run_09.json,760,0.821000
off,run_09.json,761,1.098000
off,run_09.json,762,1.944000
off,run_09.json,763,0.755000
off,run_09.json,764,0.820000
off,run_09.json,765,1.578000
off,run_09.json,766,9.457000
off,run_09.json,767,0.783000
off,run_09.json,768,1.171000
off,run_09.json,769,1.684000
off,run_09.json,770,0.830000
off,run_09.json,771,0.768000
off,run_09.json,772,1.495000
off,run_09.json,773,10.036000
off,run_09.json,774,0.988000
off,run_09.json,775,0.949000
off,run_09.json,776,1.718000
off,run_09.json,777,0.818000
off,run_09.json,778,0.734000
off,run_09.json,779,1.594000
off,run_09.json,780,9.830000
off,run_09.json,781,0.756000
off,run_09.json,782,1.139000
off,run_09.json,783,1.773000
off,run_09.json,784,0.821000
off,run_09.json,785,0.806000
off,run_09.json,786,1.479000
off,run_09.json,787,9.856000
off,run_09.json,788,0.859000
off,run_09.json,789,1.297000
off,run_09.json,790,1.676000
off,run_09.json,791,0.845000
off,run_09.json,792,0.851000
off,run_09.json,793,1.532000
off,run_09.json,794,9.777000
off,run_09.json,795,1.014000
off,run_09.json,796,0.956000
off,run_09.json,797,1.776000
off,run_09.json,798,0.848000
off,run_09.json,799,0.856000
off,run_09.json,800,11.090000
off,run_09.json,801,0.754000
off,run_09.json,802,1.219000
off,run_09.json,803,1.694000
off,run_09.json,804,0.870000
off,run_09.json,805,0.794000
off,run_09.json,806,1.509000
off,run_09.json,807,10.364000
off,run_09.json,808,1.027000
off,run_09.json,809,1.018000
off,run_09.json,810,1.710000
off,run_09.json,811,0.765000
off,run_09.json,812,0.823000
off,run_09.json,813,1.638000
off,run_09.json,814,10.591000
off,run_09.json,815,0.989000
off,run_09.json,816,0.977000
off,run_09.json,817,1.822000
off,run_09.json,818,1.153000
off,run_09.json,819,0.952000
off,run_09.json,820,11.403000
off,run_09.json,821,0.859000
off,run_09.json,822,1.239000
off,run_09.json,823,1.667000
off,run_09.json,824,0.851000
off,run_09.json,825,0.867000
off,run_09.json,826,1.559000
off,run_09.json,827,7.737000
off,run_09.json,828,0.791000
off,run_09.json,829,1.157000
off,run_09.json,830,1.863000
off,run_09.json,831,0.796000
off,run_09.json,832,0.858000
off,run_09.json,833,1.559000
off,run_09.json,834,9.400000
off,run_09.json,835,0.826000
off,run_09.json,836,1.191000
off,run_09.json,837,1.832000
off,run_09.json,838,1.148000
off,run_09.json,839,0.907000
off,run_09.json,840,10.831000
off,run_09.json,841,0.804000
off,run_09.json,842,1.105000
off,run_09.json,843,1.740000
off,run_09.json,844,0.809000
off,run_09.json,845,0.843000
off,run_09.json,846,1.480000
off,run_09.json,847,9.891000
off,run_09.json,848,0.789000
off,run_09.json,849,1.180000
off,run_09.json,850,1.710000
off,run_09.json,851,0.820000
off,run_09.json,852,0.817000
off,run_09.json,853,15.387000
off,run_09.json,854,1.020000
off,run_09.json,855,0.991000
off,run_09.json,856,1.746000
off,run_09.json,857,0.764000
off,run_09.json,858,0.735000
off,run_09.json,859,1.756000
off,run_09.json,860,9.503000
off,run_09.json,861,0.867000
off,run_09.json,862,0.984000
off,run_09.json,863,1.810000
off,run_09.json,864,0.813000
off,run_09.json,865,0.796000
off,run_09.json,866,1.483000
off,run_09.json,867,9.979000
off,run_09.json,868,0.896000
off,run_09.json,869,1.160000
off,run_09.json,870,1.714000
off,run_09.json,871,0.799000
off,run_09.json,872,0.816000
off,run_09.json,873,1.302000
off,run_09.json,874,9.974000
off,run_09.json,875,0.914000
off,run_09.json,876,1.026000
off,run_09.json,877,1.781000
off,run_09.json,878,0.727000
off,run_09.json,879,0.992000
off,run_09.json,880,1.425000
off,run_09.json,881,9.559000
off,run_09.json,882,0.748000
off,run_09.json,883,1.163000
off,run_09.json,884,1.821000
off,run_09.json,885,0.839000
off,run_09.json,886,0.822000
off,run_09.json,887,1.487000
off,run_09.json,888,9.967000
off,run_09.json,889,0.978000
off,run_09.json,890,0.981000
off,run_09.json,891,1.817000
off,run_09.json,892,0.806000
off,run_09.json,893,0.831000
off,run_09.json,894,1.557000
off,run_09.json,895,9.314000
off,run_09.json,896,0.959000
off,run_09.json,897,1.169000
off,run_09.json,898,1.574000
off,run_09.json,899,1.056000
off,run_09.json,900,0.814000
off,run_09.json,901,1.729000
off,run_09.json,902,8.975000
off,run_09.json,903,0.880000
off,run_09.json,904,1.054000
off,run_09.json,905,1.625000
off,run_09.json,906,0.739000
off,run_09.json,907,0.777000
off,run_09.json,908,0.697000
off,run_09.json,909,10.510000
off,run_09.json,910,0.749000
off,run_09.json,911,1.092000
off,run_09.json,912,1.812000
off,run_09.json,913,0.709000
off,run_09.json,914,0.770000
off,run_09.json,915,1.457000
off,run_09.json,916,8.601000
off,run_09.json,917,0.882000
off,run_09.json,918,1.051000
off,run_09.json,919,0.788000
off,run_09.json,920,1.719000
off,run_09.json,921,0.722000
off,run_09.json,922,1.448000
off,run_09.json,923,8.691000
off,run_09.json,924,0.758000
off,run_09.json,925,1.038000
off,run_09.json,926,1.893000
off,run_09.json,927,0.735000
off,run_09.json,928,0.773000
off,run_09.json,929,1.400000
off,run_09.json,930,10.870000
off,run_09.json,931,0.995000
off,run_09.json,932,0.971000
off,run_09.json,933,1.702000
off,run_09.json,934,0.735000
off,run_09.json,935,0.771000
off,run_09.json,936,1.568000
off,run_09.json,937,11.101000
off,run_09.json,938,0.876000
off,run_09.json,939,1.025000
off,run_09.json,940,1.789000
off,run_09.json,941,0.770000
off,run_09.json,942,0.848000
off,run_09.json,943,1.517000
off,run_09.json,944,9.499000
off,run_09.json,945,0.851000
off,run_09.json,946,1.099000
off,run_09.json,947,1.755000
off,run_09.json,948,0.831000
off,run_09.json,949,0.770000
off,run_09.json,950,1.405000
off,run_09.json,951,9.935000
off,run_09.json,952,1.469000
off,run_09.json,953,1.074000
off,run_09.json,954,1.689000
off,run_09.json,955,0.901000
off,run_09.json,956,1.528000
off,run_09.json,957,10.053000
off,run_09.json,958,0.891000
off,run_09.json,959,1.380000
off,run_09.json,960,1.429000
off,run_09.json,961,0.827000
off,run_09.json,962,0.825000
off,run_09.json,963,1.573000
off,run_09.json,964,10.139000
off,run_09.json,965,0.796000
off,run_09.json,966,1.072000
off,run_09.json,967,1.879000
off,run_09.json,968,0.819000
off,run_09.json,969,0.824000
off,run_09.json,970,1.521000
off,run_09.json,971,9.664000
off,run_09.json,972,0.830000
off,run_09.json,973,1.307000
off,run_09.json,974,1.655000
off,run_09.json,975,0.787000
off,run_09.json,976,0.999000
off,run_09.json,977,1.675000
off,run_09.json,978,9.826000
off,run_09.json,979,1.559000
off,run_09.json,980,2.057000
off,run_09.json,981,0.907000
off,run_09.json,982,0.809000
off,run_09.json,983,1.516000
off,run_09.json,984,10.200000
off,run_09.json,985,0.940000
off,run_09.json,986,1.056000
off,run_09.json,987,1.712000
off,run_09.json,988,0.819000
off,run_09.json,989,0.842000
off,run_09.json,990,1.560000
off,run_09.json,991,10.070000
off,run_09.json,992,1.139000
off,run_09.json,993,0.927000
off,run_09.json,994,1.687000
off,run_09.json,995,0.884000
off,run_09.json,996,0.835000
off,run_09.json,997,1.512000
off,run_09.json,998,10.120000
off,run_09.json,999,0.969000
off,run_09.json,1000,0.995000
off,run_09.json,1001,1.694000
off,run_09.json,1002,1.036000
off,run_09.json,1003,0.741000
off,run_09.json,1004,1.406000
off,run_09.json,1005,10.034000
off,run_09.json,1006,1.031000
off,run_09.json,1007,0.954000
off,run_09.json,1008,1.722000
off,run_09.json,1009,0.721000
off,run_09.json,1010,0.700000
off,run_09.json,1011,1.485000
off,run_09.json,1012,8.108000
off,run_09.json,1013,0.867000
off,run_09.json,1014,1.150000
off,run_09.json,1015,1.659000
off,run_09.json,1016,0.708000
off,run_09.json,1017,0.766000
off,run_09.json,1018,1.456000
off,run_09.json,1019,8.448000
off,run_09.json,1020,0.798000
off,run_09.json,1021,1.189000
off,run_09.json,1022,1.676000
off,run_09.json,1023,0.889000
off,run_09.json,1024,0.756000
off,run_09.json,1025,1.575000
off,run_09.json,1026,9.735000
off,run_09.json,1027,0.791000
off,run_09.json,1028,1.175000
off,run_09.json,1029,1.635000
off,run_09.json,1030,0.875000
off,run_09.json,1031,0.772000
off,run_09.json,1032,1.425000
off,run_09.json,1033,9.863000
off,run_09.json,1034,0.879000
off,run_09.json,1035,0.997000
off,run_09.json,1036,1.753000
off,run_09.json,1037,0.739000
off,run_09.json,1038,0.723000
off,run_09.json,1039,0.771000
off,run_09.json,1040,10.693000
off,run_09.json,1041,0.816000
off,run_09.json,1042,1.047000
off,run_09.json,1043,1.675000
off,run_09.json,1044,0.748000
off,run_09.json,1045,0.884000
off,run_09.json,1046,2.099000
off,run_09.json,1047,9.627000
off,run_09.json,1048,1.446000
off,run_09.json,1049,0.904000
off,run_09.json,1050,1.703000
off,run_09.json,1051,0.881000
off,run_09.json,1052,0.913000
off,run_09.json,1053,11.009000
off,run_09.json,1054,0.720000
off,run_09.json,1055,1.090000
off,run_09.json,1056,1.923000
off,run_09.json,1057,2.153000
off,run_09.json,1058,11.756000
off,run_09.json,1059,0.875000
off,run_09.json,1060,1.060000
off,run_09.json,1061,1.871000
off,run_09.json,1062,0.796000
off,run_09.json,1063,0.802000
off,run_09.json,1064,1.356000
off,run_09.json,1065,10.225000
off,run_09.json,1066,0.791000
off,run_09.json,1067,1.084000
off,run_09.json,1068,1.887000
off,run_09.json,1069,0.761000
off,run_09.json,1070,0.750000
off,run_09.json,1071,1.375000
off,run_09.json,1072,10.467000
off,run_09.json,1073,0.888000
off,run_09.json,1074,1.028000
off,run_09.json,1075,1.708000
off,run_09.json,1076,0.781000
off,run_09.json,1077,0.723000
off,run_09.json,1078,0.729000
off,run_09.json,1079,11.629000
off,run_09.json,1080,0.839000
off,run_09.json,1081,1.084000
off,run_09.json,1082,1.684000
off,run_09.json,1083,0.841000
off,run_09.json,1084,0.791000
off,run_09.json,1085,1.356000
off,run_09.json,1086,10.552000
off,run_09.json,1087,0.744000
off,run_09.json,1088,1.147000
off,run_09.json,1089,1.790000
off,run_09.json,1090,0.743000
off,run_09.json,1091,0.786000
off,run_09.json,1092,1.422000
off,run_09.json,1093,10.539000
off,run_09.json,1094,0.799000
off,run_09.json,1095,1.079000
off,run_09.json,1096,1.804000
off,run_09.json,1097,0.851000
off,run_09.json,1098,0.703000
off,run_09.json,1099,1.390000
off,run_09.json,1100,10.587000
off,run_09.json,1101,0.886000
off,run_09.json,1102,1.016000
off,run_09.json,1103,1.856000
off,run_09.json,1104,0.844000
off,run_09.json,1105,0.782000
off,run_09.json,1106,1.429000
off,run_09.json,1107,10.071000
off,run_09.json,1108,0.973000
off,run_09.json,1109,0.976000
off,run_09.json,1110,1.849000
off,run_09.json,1111,0.783000
off,run_09.json,1112,0.846000
off,run_09.json,1113,1.338000
off,run_09.json,1114,9.917000
off,run_09.json,1115,0.843000
off,run_09.json,1116,1.114000
off,run_09.json,1117,1.754000
off,run_09.json,1118,0.672000
off,run_09.json,1119,0.748000
off,run_09.json,1120,0.711000
off,run_09.json,1121,10.106000
off,run_09.json,1122,0.769000
off,run_09.json,1123,1.149000
off,run_09.json,1124,1.727000
off,run_09.json,1125,0.703000
off,run_09.json,1126,0.740000
off,run_09.json,1127,0.741000
off,run_09.json,1128,9.795000
off,run_09.json,1129,0.797000
off,run_09.json,1130,1.047000
off,run_09.json,1131,1.725000
off,run_09.json,1132,0.751000
off,run_09.json,1133,0.750000
off,run_09.json,1134,0.654000
off,run_09.json,1135,1.387000
off,run_09.json,1136,8.974000
off,run_09.json,1137,0.777000
off,run_09.json,1138,1.012000
off,run_09.json,1139,1.853000
off,run_09.json,1140,0.741000
off,run_09.json,1141,0.791000
off,run_09.json,1142,0.677000
off,run_09.json,1143,10.307000
off,run_09.json,1144,0.825000
off,run_09.json,1145,1.057000
off,run_09.json,1146,1.659000
off,run_09.json,1147,0.653000
off,run_09.json,1148,1.064000
off,run_09.json,1149,1.320000
off,run_09.json,1150,8.760000
off,run_09.json,1151,0.782000
off,run_09.json,1152,1.047000
off,run_09.json,1153,1.785000
off,run_09.json,1154,0.640000
off,run_09.json,1155,0.668000
off,run_09.json,1156,0.696000
off,run_09.json,1157,1.357000
off,run_09.json,1158,9.202000
off,run_09.json,1159,0.729000
off,run_09.json,1160,0.983000
off,run_09.json,1161,0.675000
off,run_09.json,1162,1.705000
off,run_09.json,1163,0.732000
off,run_09.json,1164,0.717000
off,run_09.json,1165,1.415000
off,run_09.json,1166,9.622000
off,run_09.json,1167,0.743000
off,run_09.json,1168,1.060000
off,run_09.json,1169,1.719000
off,run_09.json,1170,0.711000
off,run_09.json,1171,0.689000
off,run_09.json,1172,0.651000
off,run_09.json,1173,1.320000
off,run_09.json,1174,9.688000
off,run_09.json,1175,0.723000
off,run_09.json,1176,1.046000
off,run_09.json,1177,1.739000
off,run_09.json,1178,0.675000
off,run_09.json,1179,0.649000
off,run_09.json,1180,0.817000
off,run_09.json,1181,1.361000
off,run_09.json,1182,9.870000
off,run_09.json,1183,0.971000
off,run_09.json,1184,1.067000
off,run_09.json,1185,1.690000
off,run_09.json,1186,0.820000
off,run_09.json,1187,0.792000
off,run_09.json,1188,1.300000
off,run_09.json,1189,10.022000
off,run_09.json,1190,0.869000
off,run_09.json,1191,1.085000
off,run_09.json,1192,1.595000
off,run_09.json,1193,0.789000
off,run_09.json,1194,0.764000
off,run_09.json,1195,0.729000
off,run_09.json,1196,10.698000
off,run_09.json,1197,0.688000
off,run_09.json,1198,1.083000
off,run_09.json,1199,1.785000
off,run_09.json,1200,0.665000
off,run_09.json,1201,0.619000
off,run_09.json,1202,0.678000
off,run_09.json,1203,1.414000
off,run_09.json,1204,9.733000
off,run_09.json,1205,0.706000
off,run_09.json,1206,1.177000
off,run_09.json,1207,1.717000
off,run_09.json,1208,0.754000
off,run_09.json,1209,0.770000
off,run_09.json,1210,0.755000
off,run_09.json,1211,10.913000
off,run_09.json,1212,0.715000
off,run_09.json,1213,1.156000
off,run_09.json,1214,1.545000
off,run_09.json,1215,0.662000
off,run_09.json,1216,0.716000
off,run_09.json,1217,0.634000
off,run_09.json,1218,1.369000
off,run_09.json,1219,9.780000
off,run_09.json,1220,0.667000
off,run_09.json,1221,1.001000
off,run_09.json,1222,1.830000
off,run_09.json,1223,0.728000
off,run_09.json,1224,0.619000
off,run_09.json,1225,0.696000
off,run_09.json,1226,1.345000
off,run_09.json,1227,9.813000
off,run_09.json,1228,0.876000
off,run_09.json,1229,0.832000
off,run_09.json,1230,1.910000
off,run_09.json,1231,0.774000
off,run_09.json,1232,0.642000
off,run_09.json,1233,0.671000
off,run_09.json,1234,1.383000
off,run_09.json,1235,9.594000
off,run_09.json,1236,0.711000
off,run_09.json,1237,1.144000
off,run_09.json,1238,1.526000
off,run_09.json,1239,0.712000
off,run_09.json,1240,0.696000
off,run_09.json,1241,0.615000
off,run_09.json,1242,11.281000
off,run_09.json,1243,0.824000
off,run_09.json,1244,0.960000
off,run_09.json,1245,1.824000
off,run_09.json,1246,0.911000
off,run_09.json,1247,0.919000
off,run_09.json,1248,0.918000
off,run_09.json,1249,1.524000
off,run_09.json,1250,8.885000
off,run_09.json,1251,0.849000
off,run_09.json,1252,1.153000
off,run_09.json,1253,1.847000
off,run_09.json,1254,0.970000
off,run_09.json,1255,0.943000
off,run_09.json,1256,10.745000
off,run_09.json,1257,0.745000
off,run_09.json,1258,1.195000
off,run_09.json,1259,1.775000
off,run_09.json,1260,0.751000
off,run_09.json,1261,0.775000
off,run_09.json,1262,0.805000
off,run_09.json,1263,0.796000
off,run_09.json,1264,9.812000
off,run_09.json,1265,0.798000
off,run_09.json,1266,1.140000
off,run_09.json,1267,1.751000
off,run_09.json,1268,0.800000
off,run_09.json,1269,0.796000
off,run_09.json,1270,0.764000
off,run_09.json,1271,0.726000
off,run_09.json,1272,10.097000
off,run_09.json,1273,0.740000
off,run_09.json,1274,1.124000
off,run_09.json,1275,1.869000
off,run_09.json,1276,0.806000
off,run_09.json,1277,0.804000
off,run_09.json,1278,0.705000
off,run_09.json,1279,1.461000
off,run_09.json,1280,8.934000
off,run_09.json,1281,0.769000
off,run_09.json,1282,1.175000
off,run_09.json,1283,1.815000
off,run_09.json,1284,0.707000
off,run_09.json,1285,0.806000
off,run_09.json,1286,0.810000
off,run_09.json,1287,1.557000
off,run_09.json,1288,9.121000
off,run_09.json,1289,0.777000
off,run_09.json,1290,1.224000
off,run_09.json,1291,1.694000
off,run_09.json,1292,0.833000
off,run_09.json,1293,0.863000
off,run_09.json,1294,0.840000
off,run_09.json,1295,1.571000
off,run_09.json,1296,8.931000
off,run_09.json,1297,0.892000
off,run_09.json,1298,1.040000
off,run_09.json,1299,1.871000
off,run_09.json,1300,0.937000
off,run_09.json,1301,0.859000
off,run_09.json,1302,1.504000
off,run_09.json,1303,9.556000
off,run_09.json,1304,0.878000
off,run_09.json,1305,1.081000
off,run_09.json,1306,1.814000
off,run_09.json,1307,0.802000
off,run_09.json,1308,0.749000
off,run_09.json,1309,1.530000
off,run_09.json,1310,9.605000
off,run_09.json,1311,0.819000
off,run_09.json,1312,1.060000
off,run_09.json,1313,1.818000
off,run_09.json,1314,0.763000
off,run_09.json,1315,0.853000
off,run_09.json,1316,0.860000
off,run_09.json,1317,1.599000
off,run_09.json,1318,8.947000
off,run_09.json,1319,0.788000
off,run_09.json,1320,1.132000
off,run_09.json,1321,1.894000
off,run_09.json,1322,0.829000
off,run_09.json,1323,0.768000
off,run_09.json,1324,0.720000
off,run_09.json,1325,1.597000
off,run_09.json,1326,8.940000
off,run_09.json,1327,0.783000
off,run_09.json,1328,1.176000
off,run_09.json,1329,1.797000
off,run_09.json,1330,0.762000
off,run_09.json,1331,0.752000
off,run_09.json,1332,0.793000
off,run_09.json,1333,0.792000
off,run_09.json,1334,10.872000
off,run_09.json,1335,0.811000
off,run_09.json,1336,1.098000
off,run_09.json,1337,1.776000
off,run_09.json,1338,0.867000
off,run_09.json,1339,0.837000
off,run_09.json,1340,0.833000
off,run_09.json,1341,1.527000
off,run_09.json,1342,9.452000
off,run_09.json,1343,0.830000
off,run_09.json,1344,1.140000
off,run_09.json,1345,1.852000
off,run_09.json,1346,0.796000
off,run_09.json,1347,0.787000
off,run_09.json,1348,0.832000
off,run_09.json,1349,1.496000
off,run_09.json,1350,8.583000
off,run_09.json,1351,0.866000
off,run_09.json,1352,1.168000
off,run_09.json,1353,1.824000
off,run_09.json,1354,0.876000
off,run_09.json,1355,1.127000
off,run_09.json,1356,0.897000
off,run_09.json,1357,8.665000
off,run_09.json,1358,0.826000
off,run_09.json,1359,1.229000
off,run_09.json,1360,1.784000
off,run_09.json,1361,0.827000
off,run_09.json,1362,0.896000
off,run_09.json,1363,0.831000
off,run_09.json,1364,1.603000
off,run_09.json,1365,8.639000
off,run_09.json,1366,0.828000
off,run_09.json,1367,1.094000
off,run_09.json,1368,1.775000
off,run_09.json,1369,0.796000
off,run_09.json,1370,0.775000
off,run_09.json,1371,0.813000
off,run_09.json,1372,0.815000
off,run_09.json,1373,11.835000
off,run_09.json,1374,0.832000
off,run_09.json,1375,1.165000
off,run_09.json,1376,1.758000
off,run_09.json,1377,0.756000
off,run_09.json,1378,0.829000
off,run_09.json,1379,0.803000
off,run_09.json,1380,1.590000
off,run_09.json,1381,10.757000
off,run_09.json,1382,0.799000
off,run_09.json,1383,1.107000
off,run_09.json,1384,1.920000
off,run_09.json,1385,0.840000
off,run_09.json,1386,0.770000
off,run_09.json,1387,2.014000
off,run_09.json,1388,9.528000
off,run_09.json,1389,0.982000
off,run_09.json,1390,1.056000
off,run_09.json,1391,1.771000
off,run_09.json,1392,0.880000
off,run_09.json,1393,0.881000
off,run_09.json,1394,0.846000
off,run_09.json,1395,1.615000
off,run_09.json,1396,8.446000
off,run_09.json,1397,0.812000
off,run_09.json,1398,2.729000
off,run_09.json,1399,0.692000
off,run_09.json,1400,0.805000
off,run_09.json,1401,0.801000
off,run_09.json,1402,0.958000
off,run_09.json,1403,9.705000
off,run_09.json,1404,0.788000
off,run_09.json,1405,1.068000
off,run_09.json,1406,1.810000
off,run_09.json,1407,0.811000
off,run_09.json,1408,0.801000
off,run_09.json,1409,0.742000
off,run_09.json,1410,0.752000
off,run_09.json,1411,1.452000
off,run_09.json,1412,8.272000
off,run_09.json,1413,0.813000
off,run_09.json,1414,1.134000
off,run_09.json,1415,1.792000
off,run_09.json,1416,0.712000
off,run_09.json,1417,0.747000
off,run_09.json,1418,0.735000
off,run_09.json,1419,0.736000
off,run_09.json,1420,1.344000
off,run_09.json,1421,8.367000
off,run_09.json,1422,0.806000
off,run_09.json,1423,1.024000
off,run_09.json,1424,0.768000
off,run_09.json,1425,1.738000
off,run_09.json,1426,0.730000
off,run_09.json,1427,0.947000
off,run_09.json,1428,0.797000
off,run_09.json,1429,1.340000
off,run_09.json,1430,8.056000
off,run_09.json,1431,0.731000
off,run_09.json,1432,0.995000
off,run_09.json,1433,0.708000
off,run_09.json,1434,1.743000
off,run_09.json,1435,0.640000
off,run_09.json,1436,0.675000
off,run_09.json,1437,0.717000
off,run_09.json,1438,0.683000
off,run_09.json,1439,8.701000
off,run_09.json,1440,0.757000
off,run_09.json,1441,1.212000
off,run_09.json,1442,1.779000
off,run_09.json,1443,0.949000
off,run_09.json,1444,0.703000
off,run_09.json,1445,0.698000
off,run_09.json,1446,0.730000
off,run_09.json,1447,1.428000
off,run_09.json,1448,6.804000
off,run_09.json,1449,0.765000
off,run_09.json,1450,1.099000
off,run_09.json,1451,1.829000
off,run_09.json,1452,0.810000
off,run_09.json,1453,0.964000
off,run_09.json,1454,0.705000
off,run_09.json,1455,1.500000
off,run_09.json,1456,10.151000
off,run_09.json,1457,0.959000
off,run_09.json,1458,1.054000
off,run_09.json,1459,1.724000
off,run_09.json,1460,0.749000
off,run_09.json,1461,0.802000
off,run_09.json,1462,0.817000
off,run_09.json,1463,1.481000
off,run_09.json,1464,9.528000
off,run_09.json,1465,0.813000
off,run_09.json,1466,1.233000
off,run_09.json,1467,1.922000
off,run_09.json,1468,0.900000
off,run_09.json,1469,0.899000
off,run_09.json,1470,0.803000
off,run_09.json,1471,1.412000
off,run_09.json,1472,8.414000
off,run_09.json,1473,0.822000
off,run_09.json,1474,1.224000
off,run_09.json,1475,1.669000
off,run_09.json,1476,0.775000
off,run_09.json,1477,0.818000
off,run_09.json,1478,0.823000
off,run_09.json,1479,1.510000
off,run_09.json,1480,8.763000
off,run_09.json,1481,0.778000
off,run_09.json,1482,1.126000
off,run_09.json,1483,1.782000
off,run_09.json,1484,0.695000
off,run_09.json,1485,0.767000
off,run_09.json,1486,0.764000
off,run_09.json,1487,0.731000
off,run_09.json,1488,1.390000
off,run_09.json,1489,9.081000
off,run_09.json,1490,0.868000
off,run_09.json,1491,0.992000
off,run_09.json,1492,1.896000
off,run_09.json,1493,0.778000
off,run_09.json,1494,0.696000
off,run_09.json,1495,0.768000
off,run_09.json,1496,0.756000
off,run_09.json,1497,1.441000
off,run_09.json,1498,8.641000
off,run_09.json,1499,0.719000
off,run_09.json,1500,1.236000
off,run_09.json,1501,1.736000
off,run_09.json,1502,0.789000
off,run_09.json,1503,0.749000
off,run_09.json,1504,0.784000
off,run_09.json,1505,0.825000
off,run_09.json,1506,10.148000
off,run_09.json,1507,0.928000
off,run_09.json,1508,0.970000
off,run_09.json,1509,1.723000
off,run_09.json,1510,0.768000
off,run_09.json,1511,0.678000
off,run_09.json,1512,0.807000
off,run_09.json,1513,0.829000
off,run_09.json,1514,10.789000
off,run_09.json,1515,0.805000
off,run_09.json,1516,1.048000
off,run_09.json,1517,1.696000
off,run_09.json,1518,0.810000
off,run_09.json,1519,0.837000
off,run_09.json,1520,0.756000
off,run_09.json,1521,0.779000
off,run_09.json,1522,10.087000
off,run_09.json,1523,0.750000
off,run_09.json,1524,1.219000
off,run_09.json,1525,1.554000
off,run_09.json,1526,0.610000
off,run_09.json,1527,0.686000
off,run_09.json,1528,0.652000
off,run_09.json,1529,0.613000
off,run_09.json,1530,0.693000
off,run_09.json,1531,1.417000
off,run_09.json,1532,8.638000
off,run_09.json,1533,0.732000
off,run_09.json,1534,0.973000
off,run_09.json,1535,1.734000
off,run_09.json,1536,0.756000
off,run_09.json,1537,0.765000
off,run_09.json,1538,0.781000
off,run_09.json,1539,0.775000
off,run_09.json,1540,1.374000
off,run_09.json,1541,7.043000
off,run_09.json,1542,0.899000
off,run_09.json,1543,1.046000
off,run_09.json,1544,1.715000
off,run_09.json,1545,0.747000
off,run_09.json,1546,0.780000
off,run_09.json,1547,0.791000
off,run_09.json,1548,0.785000
off,run_09.json,1549,1.297000
off,run_09.json,1550,6.974000
off,run_09.json,1551,0.830000
off,run_09.json,1552,1.023000
off,run_09.json,1553,1.650000
off,run_09.json,1554,0.816000
off,run_09.json,1555,0.842000
off,run_09.json,1556,0.840000
off,run_09.json,1557,0.787000
off,run_09.json,1558,9.907000
off,run_09.json,1559,0.944000
off,run_09.json,1560,0.923000
off,run_09.json,1561,1.818000
off,run_09.json,1562,0.841000
off,run_09.json,1563,0.769000
off,run_09.json,1564,0.742000
off,run_09.json,1565,0.712000
off,run_09.json,1566,9.965000
off,run_09.json,1567,0.763000
off,run_09.json,1568,1.052000
off,run_09.json,1569,1.650000
off,run_09.json,1570,0.767000
off,run_09.json,1571,0.713000
off,run_09.json,1572,0.766000
off,run_09.json,1573,0.750000
off,run_09.json,1574,1.447000
off,run_09.json,1575,8.605000
off,run_09.json,1576,0.770000
off,run_09.json,1577,1.058000
off,run_09.json,1578,1.585000
off,run_09.json,1579,0.684000
off,run_09.json,1580,0.695000
off,run_09.json,1581,0.685000
off,run_09.json,1582,0.692000
off,run_09.json,1583,1.515000
off,run_09.json,1584,9.848000
off,run_09.json,1585,0.804000
off,run_09.json,1586,0.978000
off,run_09.json,1587,1.762000
off,run_09.json,1588,0.728000
off,run_09.json,1589,0.680000
off,run_09.json,1590,0.768000
off,run_09.json,1591,0.754000
off,run_09.json,1592,1.528000
off,run_09.json,1593,9.960000
off,run_09.json,1594,1.043000
off,run_09.json,1595,0.869000
off,run_09.json,1596,1.720000
off,run_09.json,1597,0.842000
off,run_09.json,1598,0.849000
off,run_09.json,1599,0.002000
off,run_10.json,0,0.870000
off,run_10.json,1,1.615000
off,run_10.json,2,0.769000
off,run_10.json,3,0.794000
off,run_10.json,4,11.918000
off,run_10.json,5,0.816000
off,run_10.json,6,0.974000
off,run_10.json,7,1.686000
off,run_10.json,8,0.681000
off,run_10.json,9,1.546000
off,run_10.json,10,11.925000
off,run_10.json,11,1.265000
off,run_10.json,12,0.842000
off,run_10.json,13,1.372000
off,run_10.json,14,0.813000
off,run_10.json,15,1.594000
off,run_10.json,16,11.238000
off,run_10.json,17,1.360000
off,run_10.json,18,0.800000
off,run_10.json,19,1.619000
off,run_10.json,20,0.869000
off,run_10.json,21,12.396000
off,run_10.json,22,0.812000
off,run_10.json,23,2.369000
off,run_10.json,24,0.654000
off,run_10.json,25,0.685000
off,run_10.json,26,1.305000
off,run_10.json,27,11.505000
off,run_10.json,28,0.669000
off,run_10.json,29,1.033000
off,run_10.json,30,0.698000
off,run_10.json,31,1.573000
off,run_10.json,32,0.702000
off,run_10.json,33,14.163000
off,run_10.json,34,0.231000
off,run_10.json,35,1.491000
off,run_10.json,36,0.709000
off,run_10.json,37,0.705000
off,run_10.json,38,12.107000
off,run_10.json,39,0.630000
off,run_10.json,40,1.100000
off,run_10.json,41,0.636000
off,run_10.json,42,1.519000
off,run_10.json,43,0.654000
off,run_10.json,44,1.554000
off,run_10.json,45,10.907000
off,run_10.json,46,0.746000
off,run_10.json,47,0.919000
off,run_10.json,48,0.711000
off,run_10.json,49,1.528000
off,run_10.json,50,0.657000
off,run_10.json,51,1.433000
off,run_10.json,52,11.244000
off,run_10.json,53,0.675000
off,run_10.json,54,1.000000
off,run_10.json,55,0.808000
off,run_10.json,56,1.420000
off,run_10.json,57,0.702000
off,run_10.json,58,1.339000
off,run_10.json,59,11.017000
off,run_10.json,60,0.665000
off,run_10.json,61,1.011000
off,run_10.json,62,0.668000
off,run_10.json,63,1.494000
off,run_10.json,64,0.652000
off,run_10.json,65,1.280000
off,run_10.json,66,11.045000
off,run_10.json,67,0.743000
off,run_10.json,68,0.913000
off,run_10.json,69,0.734000
off,run_10.json,70,1.548000
off,run_10.json,71,0.791000
off,run_10.json,72,1.488000
off,run_10.json,73,9.999000
off,run_10.json,74,0.682000
off,run_10.json,75,0.964000
off,run_10.json,76,0.622000
off,run_10.json,77,1.531000
off,run_10.json,78,0.672000
off,run_10.json,79,1.284000
off,run_10.json,80,9.586000
off,run_10.json,81,0.632000
off,run_10.json,82,0.985000
off,run_10.json,83,0.648000
off,run_10.json,84,1.451000
off,run_10.json,85,0.630000
off,run_10.json,86,0.672000
off,run_10.json,87,0.645000
off,run_10.json,88,1.263000
off,run_10.json,89,9.284000
off,run_10.json,90,0.633000
off,run_10.json,91,1.006000
off,run_10.json,92,0.767000
off,run_10.json,93,1.429000
off,run_10.json,94,0.661000
off,run_10.json,95,1.514000
off,run_10.json,96,10.067000
off,run_10.json,97,0.627000
off,run_10.json,98,0.955000
off,run_10.json,99,0.651000
off,run_10.json,100,1.443000
off,run_10.json,101,0.668000
off,run_10.json,102,1.336000
off,run_10.json,103,9.176000
off,run_10.json,104,0.626000
off,run_10.json,105,0.904000
off,run_10.json,106,0.568000
off,run_10.json,107,1.474000
off,run_10.json,108,0.636000
off,run_10.json,109,0.641000
off,run_10.json,110,0.647000
off,run_10.json,111,1.349000
off,run_10.json,112,9.719000
off,run_10.json,113,0.732000
off,run_10.json,114,0.869000
off,run_10.json,115,0.581000
off,run_10.json,116,1.523000
off,run_10.json,117,0.612000
off,run_10.json,118,1.310000
off,run_10.json,119,10.944000
off,run_10.json,120,0.743000
off,run_10.json,121,0.797000
off,run_10.json,122,0.592000
off,run_10.json,123,1.468000
off,run_10.json,124,0.629000
off,run_10.json,125,0.619000
off,run_10.json,126,0.564000
off,run_10.json,127,1.344000
off,run_10.json,128,9.927000
off,run_10.json,129,0.643000
off,run_10.json,130,0.883000
off,run_10.json,131,0.649000
off,run_10.json,132,1.455000
off,run_10.json,133,0.596000
off,run_10.json,134,0.802000
off,run_10.json,135,0.646000
off,run_10.json,136,1.372000
off,run_10.json,137,9.632000
off,run_10.json,138,0.615000
off,run_10.json,139,0.948000
off,run_10.json,140,0.561000
off,run_10.json,141,1.499000
off,run_10.json,142,0.556000
off,run_10.json,143,0.631000
off,run_10.json,144,0.738000
off,run_10.json,145,1.326000
off,run_10.json,146,9.986000
off,run_10.json,147,0.852000
off,run_10.json,148,0.919000
off,run_10.json,149,1.544000
off,run_10.json,150,0.832000
off,run_10.json,151,0.596000
off,run_10.json,152,0.598000
off,run_10.json,153,11.225000
off,run_10.json,154,0.678000
off,run_10.json,155,0.954000
off,run_10.json,156,0.658000
off,run_10.json,157,1.347000
off,run_10.json,158,0.630000
off,run_10.json,159,0.581000
off,run_10.json,160,0.638000
off,run_10.json,161,1.494000
off,run_10.json,162,9.982000
off,run_10.json,163,0.819000
off,run_10.json,164,1.054000
off,run_10.json,165,1.466000
off,run_10.json,166,0.900000
off,run_10.json,167,0.688000
off,run_10.json,168,0.782000
off,run_10.json,169,10.806000
off,run_10.json,170,0.783000
off,run_10.json,171,0.968000
off,run_10.json,172,1.629000
off,run_10.json,173,0.952000
off,run_10.json,174,0.872000
off,run_10.json,175,1.443000
off,run_10.json,176,10.009000
off,run_10.json,177,0.868000
off,run_10.json,178,0.791000
off,run_10.json,179,0.732000
off,run_10.json,180,1.423000
off,run_10.json,181,0.733000
off,run_10.json,182,0.734000
off,run_10.json,183,1.331000
off,run_10.json,184,10.172000
off,run_10.json,185,0.844000
off,run_10.json,186,0.802000
off,run_10.json,187,1.640000
off,run_10.json,188,0.643000
off,run_10.json,189,0.700000
off,run_10.json,190,0.861000
off,run_10.json,191,10.916000
off,run_10.json,192,0.640000
off,run_10.json,193,0.945000
off,run_10.json,194,0.680000
off,run_10.json,195,1.499000
off,run_10.json,196,0.879000
off,run_10.json,197,0.852000
off,run_10.json,198,1.422000
off,run_10.json,199,9.745000
off,run_10.json,200,0.724000
off,run_10.json,201,0.969000
off,run_10.json,202,1.614000
off,run_10.json,203,0.761000
off,run_10.json,204,0.901000
off,run_10.json,205,0.729000
off,run_10.json,206,11.127000
off,run_10.json,207,0.984000
off,run_10.json,208,1.139000
off,run_10.json,209,1.514000
off,run_10.json,210,0.793000
off,run_10.json,211,0.929000
off,run_10.json,212,1.813000
off,run_10.json,213,9.513000
off,run_10.json,214,0.889000
off,run_10.json,215,1.005000
off,run_10.json,216,1.566000
off,run_10.json,217,1.020000
off,run_10.json,218,0.788000
off,run_10.json,219,1.587000
off,run_10.json,220,9.888000
off,run_10.json,221,1.493000
off,run_10.json,222,2.144000
off,run_10.json,223,1.030000
off,run_10.json,224,0.982000
off,run_10.json,225,11.188000
off,run_10.json,226,1.029000
off,run_10.json,227,0.772000
off,run_10.json,228,1.564000
off,run_10.json,229,0.887000
off,run_10.json,230,0.821000
off,run_10.json,231,1.465000
off,run_10.json,232,10.153000
off,run_10.json,233,1.426000
off,run_10.json,234,1.063000
off,run_10.json,235,1.468000
off,run_10.json,236,0.931000
off,run_10.json,237,1.613000
off,run_10.json,238,9.748000
off,run_10.json,239,0.857000
off,run_10.json,240,0.862000
off,run_10.json,241,0.826000
off,run_10.json,242,1.460000
off,run_10.json,243,0.687000
off,run_10.json,244,0.706000
off,run_10.json,245,1.421000
off,run_10.json,246,9.658000
off,run_10.json,247,0.813000
off,run_10.json,248,0.925000
off,run_10.json,249,1.741000
off,run_10.json,250,0.667000
off,run_10.json,251,0.691000
off,run_10.json,252,0.630000
off,run_10.json,253,1.351000
off,run_10.json,254,10.053000
off,run_10.json,255,0.827000
off,run_10.json,256,0.953000
off,run_10.json,257,1.666000
off,run_10.json,258,0.851000
off,run_10.json,259,0.747000
off,run_10.json,260,0.800000
off,run_10.json,261,10.812000
off,run_10.json,262,0.734000
off,run_10.json,263,1.020000
off,run_10.json,264,1.812000
off,run_10.json,265,0.898000
off,run_10.json,266,0.945000
off,run_10.json,267,1.495000
off,run_10.json,268,9.883000
off,run_10.json,269,0.808000
off,run_10.json,270,1.008000
off,run_10.json,271,1.420000
off,run_10.json,272,0.740000
off,run_10.json,273,0.760000
off,run_10.json,274,0.840000
off,run_10.json,275,1.413000
off,run_10.json,276,9.579000
off,run_10.json,277,0.822000
off,run_10.json,278,0.869000
off,run_10.json,279,1.582000
off,run_10.json,280,0.693000
off,run_10.json,281,0.672000
off,run_10.json,282,0.669000
off,run_10.json,283,1.410000
off,run_10.json,284,9.870000
off,run_10.json,285,0.707000
off,run_10.json,286,0.950000
off,run_10.json,287,1.734000
off,run_10.json,288,0.742000
off,run_10.json,289,0.668000
off,run_10.json,290,0.739000
off,run_10.json,291,1.349000
off,run_10.json,292,10.993000
off,run_10.json,293,0.675000
off,run_10.json,294,1.044000
off,run_10.json,295,0.710000
off,run_10.json,296,1.454000
off,run_10.json,297,0.944000
off,run_10.json,298,0.686000
off,run_10.json,299,1.457000
off,run_10.json,300,10.347000
off,run_10.json,301,0.898000
off,run_10.json,302,1.046000
off,run_10.json,303,1.435000
off,run_10.json,304,0.857000
off,run_10.json,305,0.780000
off,run_10.json,306,0.863000
off,run_10.json,307,9.399000
off,run_10.json,308,1.035000
off,run_10.json,309,0.816000
off,run_10.json,310,1.390000
off,run_10.json,311,0.860000
off,run_10.json,312,0.809000
off,run_10.json,313,0.812000
off,run_10.json,314,10.650000
off,run_10.json,315,0.797000
off,run_10.json,316,0.971000
off,run_10.json,317,1.622000
off,run_10.json,318,0.806000
off,run_10.json,319,0.699000
off,run_10.json,320,0.791000
off,run_10.json,321,11.061000
off,run_10.json,322,1.170000
off,run_10.json,323,0.884000
off,run_10.json,324,1.631000
off,run_10.json,325,0.847000
off,run_10.json,326,0.740000
off,run_10.json,327,1.340000
off,run_10.json,328,13.491000
off,run_10.json,329,0.878000
off,run_10.json,330,1.105000
off,run_10.json,331,1.584000
off,run_10.json,332,0.920000
off,run_10.json,333,0.904000
off,run_10.json,334,1.323000
off,run_10.json,335,10.392000
off,run_10.json,336,1.328000
off,run_10.json,337,0.840000
off,run_10.json,338,1.641000
off,run_10.json,339,0.767000
off,run_10.json,340,1.065000
off,run_10.json,341,11.118000
off,run_10.json,342,1.050000
off,run_10.json,343,0.748000
off,run_10.json,344,1.656000
off,run_10.json,345,0.724000
off,run_10.json,346,0.823000
off,run_10.json,347,1.508000
off,run_10.json,348,9.776000
off,run_10.json,349,0.729000
off,run_10.json,350,0.956000
off,run_10.json,351,0.668000
off,run_10.json,352,1.450000
off,run_10.json,353,0.702000
off,run_10.json,354,0.753000
off,run_10.json,355,1.577000
off,run_10.json,356,9.967000
off,run_10.json,357,1.316000
off,run_10.json,358,0.906000
off,run_10.json,359,1.401000
off,run_10.json,360,0.915000
off,run_10.json,361,0.882000
off,run_10.json,362,1.379000
off,run_10.json,363,9.707000
off,run_10.json,364,2.330000
off,run_10.json,365,1.060000
off,run_10.json,366,0.667000
off,run_10.json,367,0.692000
off,run_10.json,368,0.617000
off,run_10.json,369,1.487000
off,run_10.json,370,9.243000
off,run_10.json,371,0.694000
off,run_10.json,372,0.958000
off,run_10.json,373,0.628000
off,run_10.json,374,2.958000
off,run_10.json,375,0.124000
off,run_10.json,376,1.373000
off,run_10.json,377,9.694000
off,run_10.json,378,0.679000
off,run_10.json,379,0.984000
off,run_10.json,380,0.628000
off,run_10.json,381,1.573000
off,run_10.json,382,0.662000
off,run_10.json,383,0.661000
off,run_10.json,384,0.633000
off,run_10.json,385,1.259000
off,run_10.json,386,9.341000
off,run_10.json,387,0.587000
off,run_10.json,388,0.989000
off,run_10.json,389,0.662000
off,run_10.json,390,1.427000
off,run_10.json,391,0.667000
off,run_10.json,392,0.650000
off,run_10.json,393,0.623000
off,run_10.json,394,1.411000
off,run_10.json,395,7.955000
off,run_10.json,396,0.764000
off,run_10.json,397,0.809000
off,run_10.json,398,0.584000
off,run_10.json,399,1.568000
off,run_10.json,400,0.684000
off,run_10.json,401,0.694000
off,run_10.json,402,0.690000
off,run_10.json,403,9.761000
off,run_10.json,404,0.849000
off,run_10.json,405,0.959000
off,run_10.json,406,1.838000
off,run_10.json,407,0.898000
off,run_10.json,408,0.932000
off,run_10.json,409,12.984000
off,run_10.json,410,0.809000
off,run_10.json,411,0.907000
off,run_10.json,412,1.802000
off,run_10.json,413,0.971000
off,run_10.json,414,0.839000
off,run_10.json,415,1.590000
off,run_10.json,416,9.710000
off,run_10.json,417,0.854000
off,run_10.json,418,0.945000
off,run_10.json,419,1.588000
off,run_10.json,420,0.677000
off,run_10.json,421,0.706000
off,run_10.json,422,0.678000
off,run_10.json,423,1.343000
off,run_10.json,424,9.532000
off,run_10.json,425,0.770000
off,run_10.json,426,1.002000
off,run_10.json,427,1.624000
off,run_10.json,428,0.725000
off,run_10.json,429,0.708000
off,run_10.json,430,0.620000
off,run_10.json,431,1.288000
off,run_10.json,432,9.988000
off,run_10.json,433,0.914000
off,run_10.json,434,0.955000
off,run_10.json,435,1.487000
off,run_10.json,436,0.836000
off,run_10.json,437,0.731000
off,run_10.json,438,0.801000
off,run_10.json,439,11.347000
off,run_10.json,440,0.852000
off,run_10.json,441,0.848000
off,run_10.json,442,1.912000
off,run_10.json,443,0.958000
off,run_10.json,444,0.793000
off,run_10.json,445,1.475000
off,run_10.json,446,10.037000
off,run_10.json,447,1.192000
off,run_10.json,448,0.915000
off,run_10.json,449,1.526000
off,run_10.json,450,0.926000
off,run_10.json,451,0.892000
off,run_10.json,452,1.582000
off,run_10.json,453,9.509000
off,run_10.json,454,0.907000
off,run_10.json,455,1.179000
off,run_10.json,456,1.617000
off,run_10.json,457,0.779000
off,run_10.json,458,0.862000
off,run_10.json,459,1.493000
off,run_10.json,460,10.452000
off,run_10.json,461,1.005000
off,run_10.json,462,1.002000
off,run_10.json,463,1.625000
off,run_10.json,464,0.876000
off,run_10.json,465,0.738000
off,run_10.json,466,1.404000
off,run_10.json,467,10.486000
off,run_10.json,468,0.872000
off,run_10.json,469,1.122000
off,run_10.json,470,1.693000
off,run_10.json,471,0.686000
off,run_10.json,472,0.668000
off,run_10.json,473,0.703000
off,run_10.json,474,11.147000
off,run_10.json,475,0.746000
off,run_10.json,476,0.877000
off,run_10.json,477,0.613000
off,run_10.json,478,1.519000
off,run_10.json,479,0.663000
off,run_10.json,480,0.558000
off,run_10.json,481,0.662000
off,run_10.json,482,1.370000
off,run_10.json,483,9.826000
off,run_10.json,484,0.754000
off,run_10.json,485,0.869000
off,run_10.json,486,0.618000
off,run_10.json,487,1.489000
off,run_10.json,488,0.664000
off,run_10.json,489,0.707000
off,run_10.json,490,0.740000
off,run_10.json,491,9.265000
off,run_10.json,492,0.776000
off,run_10.json,493,0.966000
off,run_10.json,494,0.717000
off,run_10.json,495,1.575000
off,run_10.json,496,0.733000
off,run_10.json,497,0.934000
off,run_10.json,498,9.521000
off,run_10.json,499,0.896000
off,run_10.json,500,0.973000
off,run_10.json,501,1.516000
off,run_10.json,502,0.820000
off,run_10.json,503,0.661000
off,run_10.json,504,0.712000
off,run_10.json,505,10.471000
off,run_10.json,506,0.718000
off,run_10.json,507,0.980000
off,run_10.json,508,0.757000
off,run_10.json,509,1.324000
off,run_10.json,510,0.673000
off,run_10.json,511,0.664000
off,run_10.json,512,0.619000
off,run_10.json,513,1.346000
off,run_10.json,514,9.626000
off,run_10.json,515,0.675000
off,run_10.json,516,1.016000
off,run_10.json,517,0.768000
off,run_10.json,518,1.463000
off,run_10.json,519,0.675000
off,run_10.json,520,0.593000
off,run_10.json,521,0.639000
off,run_10.json,522,10.828000
off,run_10.json,523,0.723000
off,run_10.json,524,0.982000
off,run_10.json,525,1.639000
off,run_10.json,526,0.649000
off,run_10.json,527,0.655000
off,run_10.json,528,0.694000
off,run_10.json,529,1.307000
off,run_10.json,530,9.955000
off,run_10.json,531,0.651000
off,run_10.json,532,0.937000
off,run_10.json,533,0.597000
off,run_10.json,534,1.540000
off,run_10.json,535,0.664000
off,run_10.json,536,0.661000
off,run_10.json,537,0.640000
off,run_10.json,538,1.301000
off,run_10.json,539,10.956000
off,run_10.json,540,0.766000
off,run_10.json,541,0.944000
off,run_10.json,542,0.672000
off,run_10.json,543,1.409000
off,run_10.json,544,0.671000
off,run_10.json,545,0.635000
off,run_10.json,546,0.649000
off,run_10.json,547,1.310000
off,run_10.json,548,10.282000
off,run_10.json,549,0.682000
off,run_10.json,550,0.883000
off,run_10.json,551,0.667000
off,run_10.json,552,1.492000
off,run_10.json,553,0.685000
off,run_10.json,554,0.669000
off,run_10.json,555,0.903000
off,run_10.json,556,11.669000
off,run_10.json,557,0.645000
off,run_10.json,558,1.000000
off,run_10.json,559,0.635000
off,run_10.json,560,1.534000
off,run_10.json,561,0.725000
off,run_10.json,562,0.749000
off,run_10.json,563,0.675000
off,run_10.json,564,11.236000
off,run_10.json,565,0.733000
off,run_10.json,566,1.008000
off,run_10.json,567,0.753000
off,run_10.json,568,1.633000
off,run_10.json,569,0.957000
off,run_10.json,570,0.788000
off,run_10.json,571,11.794000
off,run_10.json,572,1.287000
off,run_10.json,573,0.902000
off,run_10.json,574,1.390000
off,run_10.json,575,0.923000
off,run_10.json,576,0.729000
off,run_10.json,577,1.520000
off,run_10.json,578,10.248000
off,run_10.json,579,1.410000
off,run_10.json,580,0.843000
off,run_10.json,581,1.551000
off,run_10.json,582,0.930000
off,run_10.json,583,0.948000
off,run_10.json,584,11.314000
off,run_10.json,585,1.352000
off,run_10.json,586,0.939000
off,run_10.json,587,1.693000
off,run_10.json,588,1.136000
off,run_10.json,589,1.522000
off,run_10.json,590,9.796000
off,run_10.json,591,1.519000
off,run_10.json,592,0.873000
off,run_10.json,593,1.608000
off,run_10.json,594,0.783000
off,run_10.json,595,0.723000
off,run_10.json,596,10.533000
off,run_10.json,597,0.808000
off,run_10.json,598,1.204000
off,run_10.json,599,1.578000
off,run_10.json,600,0.950000
off,run_10.json,601,0.944000
off,run_10.json,602,1.567000
off,run_10.json,603,8.547000
off,run_10.json,604,0.753000
off,run_10.json,605,0.961000
off,run_10.json,606,0.715000
off,run_10.json,607,1.446000
off,run_10.json,608,0.753000
off,run_10.json,609,0.749000
off,run_10.json,610,1.362000
off,run_10.json,611,9.520000
off,run_10.json,612,0.637000
off,run_10.json,613,0.962000
off,run_10.json,614,0.726000
off,run_10.json,615,1.436000
off,run_10.json,616,0.757000
off,run_10.json,617,0.705000
off,run_10.json,618,0.747000
off,run_10.json,619,0.628000
off,run_10.json,620,1.359000
off,run_10.json,621,7.775000
off,run_10.json,622,0.713000
off,run_10.json,623,0.982000
off,run_10.json,624,0.670000
off,run_10.json,625,0.745000
off,run_10.json,626,0.729000
off,run_10.json,627,1.187000
off,run_10.json,628,0.877000
off,run_10.json,629,0.766000
off,run_10.json,630,1.306000
off,run_10.json,631,7.093000
off,run_10.json,632,0.778000
off,run_10.json,633,1.078000
off,run_10.json,634,0.803000
off,run_10.json,635,0.784000
off,run_10.json,636,0.691000
off,run_10.json,637,1.318000
off,run_10.json,638,0.770000
off,run_10.json,639,0.645000
off,run_10.json,640,9.613000
off,run_10.json,641,0.722000
off,run_10.json,642,1.052000
off,run_10.json,643,1.563000
off,run_10.json,644,0.647000
off,run_10.json,645,0.741000
off,run_10.json,646,0.666000
off,run_10.json,647,0.731000
off,run_10.json,648,0.644000
off,run_10.json,649,9.811000
off,run_10.json,650,0.645000
off,run_10.json,651,0.897000
off,run_10.json,652,0.662000
off,run_10.json,653,1.508000
off,run_10.json,654,0.679000
off,run_10.json,655,0.673000
off,run_10.json,656,0.601000
off,run_10.json,657,0.664000
off,run_10.json,658,1.237000
off,run_10.json,659,9.117000
off,run_10.json,660,0.681000
off,run_10.json,661,0.996000
off,run_10.json,662,0.637000
off,run_10.json,663,1.525000
off,run_10.json,664,0.663000
off,run_10.json,665,0.593000
off,run_10.json,666,0.650000
off,run_10.json,667,1.265000
off,run_10.json,668,9.688000
off,run_10.json,669,0.693000
off,run_10.json,670,0.787000
off,run_10.json,671,0.617000
off,run_10.json,672,1.409000
off,run_10.json,673,0.657000
off,run_10.json,674,0.586000
off,run_10.json,675,0.580000
off,run_10.json,676,0.662000
off,run_10.json,677,0.616000
off,run_10.json,678,1.313000
off,run_10.json,679,8.575000
off,run_10.json,680,0.636000
off,run_10.json,681,0.884000
off,run_10.json,682,0.591000
off,run_10.json,683,1.604000
off,run_10.json,684,0.600000
off,run_10.json,685,0.577000
off,run_10.json,686,0.641000
off,run_10.json,687,0.633000
off,run_10.json,688,0.600000
off,run_10.json,689,1.288000
off,run_10.json,690,8.781000
off,run_10.json,691,0.680000
off,run_10.json,692,0.913000
off,run_10.json,693,0.611000
off,run_10.json,694,1.457000
off,run_10.json,695,0.615000
off,run_10.json,696,0.608000
off,run_10.json,697,0.572000
off,run_10.json,698,0.586000
off,run_10.json,699,0.635000
off,run_10.json,700,1.298000
off,run_10.json,701,8.742000
off,run_10.json,702,0.696000
off,run_10.json,703,0.944000
off,run_10.json,704,0.583000
off,run_10.json,705,2.690000
off,run_10.json,706,0.471000
off,run_10.json,707,1.345000
off,run_10.json,708,9.737000
off,run_10.json,709,0.691000
off,run_10.json,710,0.894000
off,run_10.json,711,0.622000
off,run_10.json,712,1.489000
off,run_10.json,713,0.560000
off,run_10.json,714,0.544000
off,run_10.json,715,0.639000
off,run_10.json,716,1.919000
off,run_10.json,717,9.415000
off,run_10.json,718,0.665000
off,run_10.json,719,0.952000
off,run_10.json,720,0.627000
off,run_10.json,721,1.418000
off,run_10.json,722,0.563000
off,run_10.json,723,0.626000
off,run_10.json,724,0.618000
off,run_10.json,725,0.546000
off,run_10.json,726,0.653000
off,run_10.json,727,1.345000
off,run_10.json,728,8.718000
off,run_10.json,729,0.779000
off,run_10.json,730,1.056000
off,run_10.json,731,1.641000
off,run_10.json,732,0.715000
off,run_10.json,733,0.634000
off,run_10.json,734,0.668000
off,run_10.json,735,0.855000
off,run_10.json,736,1.330000
off,run_10.json,737,8.805000
off,run_10.json,738,0.892000
off,run_10.json,739,0.829000
off,run_10.json,740,0.767000
off,run_10.json,741,1.345000
off,run_10.json,742,0.709000
off,run_10.json,743,0.722000
off,run_10.json,744,0.601000
off,run_10.json,745,0.603000
off,run_10.json,746,1.361000
off,run_10.json,747,9.028000
off,run_10.json,748,0.793000
off,run_10.json,749,1.059000
off,run_10.json,750,1.715000
off,run_10.json,751,0.722000
off,run_10.json,752,0.670000
off,run_10.json,753,0.707000
off,run_10.json,754,0.719000
off,run_10.json,755,1.405000
off,run_10.json,756,8.776000
off,run_10.json,757,0.656000
off,run_10.json,758,1.033000
off,run_10.json,759,0.650000
off,run_10.json,760,1.533000
off,run_10.json,761,0.608000
off,run_10.json,762,0.639000
off,run_10.json,763,0.714000
off,run_10.json,764,0.602000
off,run_10.json,765,1.631000
off,run_10.json,766,8.586000
off,run_10.json,767,0.671000
off,run_10.json,768,0.950000
off,run_10.json,769,0.670000
off,run_10.json,770,1.492000
off,run_10.json,771,0.726000
off,run_10.json,772,0.732000
off,run_10.json,773,0.664000
off,run_10.json,774,0.715000
off,run_10.json,775,1.444000
off,run_10.json,776,8.678000
off,run_10.json,777,0.832000
off,run_10.json,778,0.990000
off,run_10.json,779,1.714000
off,run_10.json,780,0.722000
off,run_10.json,781,0.720000
off,run_10.json,782,0.678000
off,run_10.json,783,0.697000
off,run_10.json,784,1.362000
off,run_10.json,785,8.945000
off,run_10.json,786,0.774000
off,run_10.json,787,0.975000
off,run_10.json,788,1.570000
off,run_10.json,789,0.740000
off,run_10.json,790,0.673000
off,run_10.json,791,0.698000
off,run_10.json,792,0.719000
off,run_10.json,793,0.718000
off,run_10.json,794,9.756000
off,run_10.json,795,0.718000
off,run_10.json,796,0.988000
off,run_10.json,797,1.637000
off,run_10.json,798,0.692000
off,run_10.json,799,0.658000
off,run_10.json,800,0.749000
off,run_10.json,801,0.750000
off,run_10.json,802,0.676000
off,run_10.json,803,9.757000
off,run_10.json,804,0.726000
off,run_10.json,805,1.018000
off,run_10.json,806,1.490000
off,run_10.json,807,0.729000
off,run_10.json,808,0.660000
off,run_10.json,809,0.727000
off,run_10.json,810,0.715000
off,run_10.json,811,0.754000
off,run_10.json,812,11.083000
off,run_10.json,813,0.828000
off,run_10.json,814,0.893000
off,run_10.json,815,1.601000
off,run_10.json,816,0.739000
off,run_10.json,817,0.868000
off,run_10.json,818,0.778000
off,run_10.json,819,0.733000
off,run_10.json,820,1.481000
off,run_10.json,821,9.371000
off,run_10.json,822,0.790000
off,run_10.json,823,0.964000
off,run_10.json,824,0.648000
off,run_10.json,825,1.533000
off,run_10.json,826,0.787000
off,run_10.json,827,0.812000
off,run_10.json,828,0.802000
off,run_10.json,829,1.368000
off,run_10.json,830,7.359000
off,run_10.json,831,0.711000
off,run_10.json,832,1.055000
off,run_10.json,833,1.649000
off,run_10.json,834,0.803000
off,run_10.json,835,0.686000
off,run_10.json,836,0.796000
off,run_10.json,837,0.727000
off,run_10.json,838,1.504000
off,run_10.json,839,8.559000
off,run_10.json,840,0.853000
off,run_10.json,841,0.972000
off,run_10.json,842,1.469000
off,run_10.json,843,0.679000
off,run_10.json,844,0.740000
off,run_10.json,845,0.704000
off,run_10.json,846,0.716000
off,run_10.json,847,0.742000
off,run_10.json,848,9.705000
off,run_10.json,849,0.701000
off,run_10.json,850,1.046000
off,run_10.json,851,1.604000
off,run_10.json,852,0.767000
off,run_10.json,853,0.686000
off,run_10.json,854,0.752000
off,run_10.json,855,0.742000
off,run_10.json,856,1.396000
off,run_10.json,857,13.145000
off,run_10.json,858,1.543000
off,run_10.json,859,1.838000
off,run_10.json,860,0.992000
off,run_10.json,861,0.803000
off,run_10.json,862,0.828000
off,run_10.json,863,0.841000
off,run_10.json,864,9.835000
off,run_10.json,865,1.013000
off,run_10.json,866,0.874000
off,run_10.json,867,1.500000
off,run_10.json,868,0.797000
off,run_10.json,869,0.783000
off,run_10.json,870,0.788000
off,run_10.json,871,0.639000
off,run_10.json,872,1.383000
off,run_10.json,873,8.818000
off,run_10.json,874,0.640000
off,run_10.json,875,0.940000
off,run_10.json,876,1.545000
off,run_10.json,877,0.630000
off,run_10.json,878,0.654000
off,run_10.json,879,0.650000
off,run_10.json,880,0.617000
off,run_10.json,881,0.709000
off,run_10.json,882,1.341000
off,run_10.json,883,8.750000
off,run_10.json,884,0.700000
off,run_10.json,885,1.003000
off,run_10.json,886,0.622000
off,run_10.json,887,1.599000
off,run_10.json,888,0.710000
off,run_10.json,889,0.652000
off,run_10.json,890,0.725000
off,run_10.json,891,0.807000
off,run_10.json,892,9.755000
off,run_10.json,893,1.378000
off,run_10.json,894,0.858000
off,run_10.json,895,1.500000
off,run_10.json,896,0.766000
off,run_10.json,897,0.726000
off,run_10.json,898,0.706000
off,run_10.json,899,0.725000
off,run_10.json,900,9.569000
off,run_10.json,901,0.926000
off,run_10.json,902,0.960000
off,run_10.json,903,1.377000
off,run_10.json,904,0.762000
off,run_10.json,905,0.758000
off,run_10.json,906,0.602000
off,run_10.json,907,0.825000
off,run_10.json,908,1.604000
off,run_10.json,909,8.618000
off,run_10.json,910,1.266000
off,run_10.json,911,0.665000
off,run_10.json,912,1.469000
off,run_10.json,913,0.754000
off,run_10.json,914,0.768000
off,run_10.json,915,0.711000
off,run_10.json,916,0.708000
off,run_10.json,917,1.228000
off,run_10.json,918,7.330000
off,run_10.json,919,0.726000
off,run_10.json,920,0.938000
off,run_10.json,921,1.857000
off,run_10.json,922,0.727000
off,run_10.json,923,0.666000
off,run_10.json,924,0.655000
off,run_10.json,925,0.667000
off,run_10.json,926,1.351000
off,run_10.json,927,7.691000
off,run_10.json,928,0.727000
off,run_10.json,929,0.980000
off,run_10.json,930,1.662000
off,run_10.json,931,0.730000
off,run_10.json,932,0.688000
off,run_10.json,933,0.749000
off,run_10.json,934,0.706000
off,run_10.json,935,0.631000
off,run_10.json,936,11.627000
off,run_10.json,937,0.775000
off,run_10.json,938,0.871000
off,run_10.json,939,0.687000
off,run_10.json,940,1.568000
off,run_10.json,941,0.692000
off,run_10.json,942,0.677000
off,run_10.json,943,0.711000
off,run_10.json,944,0.715000
off,run_10.json,945,1.236000
off,run_10.json,946,8.561000
off,run_10.json,947,0.710000
off,run_10.json,948,0.940000
off,run_10.json,949,0.699000
off,run_10.json,950,1.456000
off,run_10.json,951,0.687000
off,run_10.json,952,0.679000
off,run_10.json,953,0.610000
off,run_10.json,954,0.604000
off,run_10.json,955,9.972000
off,run_10.json,956,0.851000
off,run_10.json,957,0.916000
off,run_10.json,958,1.599000
off,run_10.json,959,0.751000
off,run_10.json,960,0.743000
off,run_10.json,961,0.683000
off,run_10.json,962,0.723000
off,run_10.json,963,1.343000
off,run_10.json,964,9.414000
off,run_10.json,965,0.684000
off,run_10.json,966,0.967000
off,run_10.json,967,0.610000
off,run_10.json,968,1.533000
off,run_10.json,969,0.607000
off,run_10.json,970,0.702000
off,run_10.json,971,0.673000
off,run_10.json,972,0.614000
off,run_10.json,973,1.380000
off,run_10.json,974,9.103000
off,run_10.json,975,0.703000
off,run_10.json,976,0.910000
off,run_10.json,977,0.690000
off,run_10.json,978,1.495000
off,run_10.json,979,0.606000
off,run_10.json,980,0.743000
off,run_10.json,981,0.718000
off,run_10.json,982,0.721000
off,run_10.json,983,1.324000
off,run_10.json,984,9.015000
off,run_10.json,985,0.650000
off,run_10.json,986,1.052000
off,run_10.json,987,0.737000
off,run_10.json,988,1.496000
off,run_10.json,989,0.730000
off,run_10.json,990,0.693000
off,run_10.json,991,0.721000
off,run_10.json,992,0.745000
off,run_10.json,993,1.260000
off,run_10.json,994,9.393000
off,run_10.json,995,0.745000
off,run_10.json,996,0.951000
off,run_10.json,997,1.529000
off,run_10.json,998,0.695000
off,run_10.json,999,0.705000
off,run_10.json,1000,0.645000
off,run_10.json,1001,0.641000
off,run_10.json,1002,0.676000
off,run_10.json,1003,1.241000
off,run_10.json,1004,9.353000
off,run_10.json,1005,0.594000
off,run_10.json,1006,0.934000
off,run_10.json,1007,0.635000
off,run_10.json,1008,1.514000
off,run_10.json,1009,0.682000
off,run_10.json,1010,0.598000
off,run_10.json,1011,0.639000
off,run_10.json,1012,0.683000
off,run_10.json,1013,1.265000
off,run_10.json,1014,7.715000
off,run_10.json,1015,0.629000
off,run_10.json,1016,1.002000
off,run_10.json,1017,0.650000
off,run_10.json,1018,1.518000
off,run_10.json,1019,0.690000
off,run_10.json,1020,0.636000
off,run_10.json,1021,0.598000
off,run_10.json,1022,0.641000
off,run_10.json,1023,1.419000
off,run_10.json,1024,6.971000
off,run_10.json,1025,0.678000
off,run_10.json,1026,0.944000
off,run_10.json,1027,0.701000
off,run_10.json,1028,1.512000
off,run_10.json,1029,0.697000
off,run_10.json,1030,0.711000
off,run_10.json,1031,0.628000
off,run_10.json,1032,0.707000
off,run_10.json,1033,1.333000
off,run_10.json,1034,8.552000
off,run_10.json,1035,0.729000
off,run_10.json,1036,0.901000
off,run_10.json,1037,1.632000
off,run_10.json,1038,0.661000
off,run_10.json,1039,0.597000
off,run_10.json,1040,0.645000
off,run_10.json,1041,0.660000
off,run_10.json,1042,0.771000
off,run_10.json,1043,1.283000
off,run_10.json,1044,8.670000
off,run_10.json,1045,0.606000
off,run_10.json,1046,2.379000
off,run_10.json,1047,0.655000
off,run_10.json,1048,0.708000
off,run_10.json,1049,0.582000
off,run_10.json,1050,0.622000
off,run_10.json,1051,0.623000
off,run_10.json,1052,0.615000
off,run_10.json,1053,1.310000
off,run_10.json,1054,8.591000
off,run_10.json,1055,0.679000
off,run_10.json,1056,0.959000
off,run_10.json,1057,2.187000
off,run_10.json,1058,0.646000
off,run_10.json,1059,0.669000
off,run_10.json,1060,0.711000
off,run_10.json,1061,0.674000
off,run_10.json,1062,1.175000
off,run_10.json,1063,10.373000
off,run_10.json,1064,0.712000
off,run_10.json,1065,0.904000
off,run_10.json,1066,1.609000
off,run_10.json,1067,0.669000
off,run_10.json,1068,0.625000
off,run_10.json,1069,0.588000
off,run_10.json,1070,0.661000
off,run_10.json,1071,0.666000
off,run_10.json,1072,1.219000
off,run_10.json,1073,9.561000
off,run_10.json,1074,0.662000
off,run_10.json,1075,0.958000
off,run_10.json,1076,0.668000
off,run_10.json,1077,1.396000
off,run_10.json,1078,0.664000
off,run_10.json,1079,0.626000
off,run_10.json,1080,0.663000
off,run_10.json,1081,0.664000
off,run_10.json,1082,0.632000
off,run_10.json,1083,10.772000
off,run_10.json,1084,0.686000
off,run_10.json,1085,0.933000
off,run_10.json,1086,0.622000
off,run_10.json,1087,1.877000
off,run_10.json,1088,0.698000
off,run_10.json,1089,0.689000
off,run_10.json,1090,0.600000
off,run_10.json,1091,0.680000
off,run_10.json,1092,10.484000
off,run_10.json,1093,0.697000
off,run_10.json,1094,1.114000
off,run_10.json,1095,0.644000
off,run_10.json,1096,1.432000
off,run_10.json,1097,0.672000
off,run_10.json,1098,0.655000
off,run_10.json,1099,0.598000
off,run_10.json,1100,0.673000
off,run_10.json,1101,1.367000
off,run_10.json,1102,9.527000
off,run_10.json,1103,0.610000
off,run_10.json,1104,0.954000
off,run_10.json,1105,0.631000
off,run_10.json,1106,1.530000
off,run_10.json,1107,0.679000
off,run_10.json,1108,0.677000
off,run_10.json,1109,0.682000
off,run_10.json,1110,0.632000
off,run_10.json,1111,1.418000
off,run_10.json,1112,9.308000
off,run_10.json,1113,0.761000
off,run_10.json,1114,0.856000
off,run_10.json,1115,1.616000
off,run_10.json,1116,0.693000
off,run_10.json,1117,0.672000
off,run_10.json,1118,0.711000
off,run_10.json,1119,0.715000
off,run_10.json,1120,0.675000
off,run_10.json,1121,1.322000
off,run_10.json,1122,8.034000
off,run_10.json,1123,0.889000
off,run_10.json,1124,0.983000
off,run_10.json,1125,1.717000
off,run_10.json,1126,0.882000
off,run_10.json,1127,0.824000
off,run_10.json,1128,0.820000
off,run_10.json,1129,0.761000
off,run_10.json,1130,8.770000
off,run_10.json,1131,0.752000
off,run_10.json,1132,0.956000
off,run_10.json,1133,1.684000
off,run_10.json,1134,0.856000
off,run_10.json,1135,0.810000
off,run_10.json,1136,0.866000
off,run_10.json,1137,0.774000
off,run_10.json,1138,9.130000
off,run_10.json,1139,1.449000
off,run_10.json,1140,0.825000
off,run_10.json,1141,1.564000
off,run_10.json,1142,0.795000
off,run_10.json,1143,0.850000
off,run_10.json,1144,0.779000
off,run_10.json,1145,1.293000
off,run_10.json,1146,8.299000
off,run_10.json,1147,0.953000
off,run_10.json,1148,0.749000
off,run_10.json,1149,1.396000
off,run_10.json,1150,0.718000
off,run_10.json,1151,0.734000
off,run_10.json,1152,1.192000
off,run_10.json,1153,0.674000
off,run_10.json,1154,8.711000
off,run_10.json,1155,0.676000
off,run_10.json,1156,0.939000
off,run_10.json,1157,0.604000
off,run_10.json,1158,1.490000
off,run_10.json,1159,0.622000
off,run_10.json,1160,0.609000
off,run_10.json,1161,0.637000
off,run_10.json,1162,0.636000
off,run_10.json,1163,0.600000
off,run_10.json,1164,10.017000
off,run_10.json,1165,0.617000
off,run_10.json,1166,0.929000
off,run_10.json,1167,0.566000
off,run_10.json,1168,1.527000
off,run_10.json,1169,0.636000
off,run_10.json,1170,0.618000
off,run_10.json,1171,0.632000
off,run_10.json,1172,0.561000
off,run_10.json,1173,0.610000
off,run_10.json,1174,1.338000
off,run_10.json,1175,8.494000
off,run_10.json,1176,0.605000
off,run_10.json,1177,0.870000
off,run_10.json,1178,0.592000
off,run_10.json,1179,1.441000
off,run_10.json,1180,0.629000
off,run_10.json,1181,0.619000
off,run_10.json,1182,0.575000
off,run_10.json,1183,0.697000
off,run_10.json,1184,0.581000
off,run_10.json,1185,1.274000
off,run_10.json,1186,8.711000
off,run_10.json,1187,0.597000
off,run_10.json,1188,0.944000
off,run_10.json,1189,0.588000
off,run_10.json,1190,1.422000
off,run_10.json,1191,0.598000
off,run_10.json,1192,0.629000
off,run_10.json,1193,0.646000
off,run_10.json,1194,0.635000
off,run_10.json,1195,0.642000
off,run_10.json,1196,1.311000
off,run_10.json,1197,8.907000
off,run_10.json,1198,0.561000
off,run_10.json,1199,0.969000
off,run_10.json,1200,0.558000
off,run_10.json,1201,1.493000
off,run_10.json,1202,0.587000
off,run_10.json,1203,0.594000
off,run_10.json,1204,0.620000
off,run_10.json,1205,0.552000
off,run_10.json,1206,0.621000
off,run_10.json,1207,1.382000
off,run_10.json,1208,8.523000
off,run_10.json,1209,0.554000
off,run_10.json,1210,0.919000
off,run_10.json,1211,0.590000
off,run_10.json,1212,1.433000
off,run_10.json,1213,0.630000
off,run_10.json,1214,0.598000
off,run_10.json,1215,0.712000
off,run_10.json,1216,0.560000
off,run_10.json,1217,0.545000
off,run_10.json,1218,1.297000
off,run_10.json,1219,8.875000
off,run_10.json,1220,0.601000
off,run_10.json,1221,0.932000
off,run_10.json,1222,0.581000
off,run_10.json,1223,1.449000
off,run_10.json,1224,0.588000
off,run_10.json,1225,0.581000
off,run_10.json,1226,0.612000
off,run_10.json,1227,0.628000
off,run_10.json,1228,0.615000
off,run_10.json,1229,1.292000
off,run_10.json,1230,8.846000
off,run_10.json,1231,0.593000
off,run_10.json,1232,0.878000
off,run_10.json,1233,0.544000
off,run_10.json,1234,1.509000
off,run_10.json,1235,0.541000
off,run_10.json,1236,0.614000
off,run_10.json,1237,0.605000
off,run_10.json,1238,0.625000
off,run_10.json,1239,0.616000
off,run_10.json,1240,1.348000
off,run_10.json,1241,8.629000
off,run_10.json,1242,0.603000
off,run_10.json,1243,0.852000
off,run_10.json,1244,0.578000
off,run_10.json,1245,1.435000
off,run_10.json,1246,0.597000
off,run_10.json,1247,0.550000
off,run_10.json,1248,0.548000
off,run_10.json,1249,0.612000
off,run_10.json,1250,0.652000
off,run_10.json,1251,1.323000
off,run_10.json,1252,8.954000
off,run_10.json,1253,0.714000
off,run_10.json,1254,0.965000
off,run_10.json,1255,1.673000
off,run_10.json,1256,0.719000
off,run_10.json,1257,0.693000
off,run_10.json,1258,0.711000
off,run_10.json,1259,0.706000
off,run_10.json,1260,0.635000
off,run_10.json,1261,9.840000
off,run_10.json,1262,0.765000
off,run_10.json,1263,0.945000
off,run_10.json,1264,1.537000
off,run_10.json,1265,0.709000
off,run_10.json,1266,0.708000
off,run_10.json,1267,0.631000
off,run_10.json,1268,0.714000
off,run_10.json,1269,0.708000
off,run_10.json,1270,2.796000
off,run_10.json,1271,7.227000
off,run_10.json,1272,0.846000
off,run_10.json,1273,0.864000
off,run_10.json,1274,1.538000
off,run_10.json,1275,0.740000
off,run_10.json,1276,0.606000
off,run_10.json,1277,0.647000
off,run_10.json,1278,0.732000
off,run_10.json,1279,0.739000
off,run_10.json,1280,9.929000
off,run_10.json,1281,0.698000
off,run_10.json,1282,0.937000
off,run_10.json,1283,0.684000
off,run_10.json,1284,1.392000
off,run_10.json,1285,0.663000
off,run_10.json,1286,0.669000
off,run_10.json,1287,0.643000
off,run_10.json,1288,0.672000
off,run_10.json,1289,1.380000
off,run_10.json,1290,8.958000
off,run_10.json,1291,0.655000
off,run_10.json,1292,1.053000
off,run_10.json,1293,0.708000
off,run_10.json,1294,1.451000
off,run_10.json,1295,0.687000
off,run_10.json,1296,0.602000
off,run_10.json,1297,0.682000
off,run_10.json,1298,0.637000
off,run_10.json,1299,1.208000
off,run_10.json,1300,8.980000
off,run_10.json,1301,0.774000
off,run_10.json,1302,0.943000
off,run_10.json,1303,1.599000
off,run_10.json,1304,0.643000
off,run_10.json,1305,0.695000
off,run_10.json,1306,0.653000
off,run_10.json,1307,0.649000
off,run_10.json,1308,0.732000
off,run_10.json,1309,1.253000
off,run_10.json,1310,8.635000
off,run_10.json,1311,0.719000
off,run_10.json,1312,0.889000
off,run_10.json,1313,0.685000
off,run_10.json,1314,1.443000
off,run_10.json,1315,0.675000
off,run_10.json,1316,0.691000
off,run_10.json,1317,0.636000
off,run_10.json,1318,0.671000
off,run_10.json,1319,1.305000
off,run_10.json,1320,9.016000
off,run_10.json,1321,0.737000
off,run_10.json,1322,0.942000
off,run_10.json,1323,1.520000
off,run_10.json,1324,0.689000
off,run_10.json,1325,0.674000
off,run_10.json,1326,0.604000
off,run_10.json,1327,0.668000
off,run_10.json,1328,0.678000
off,run_10.json,1329,1.194000
off,run_10.json,1330,8.895000
off,run_10.json,1331,0.640000
off,run_10.json,1332,0.940000
off,run_10.json,1333,0.641000
off,run_10.json,1334,1.480000
off,run_10.json,1335,0.652000
off,run_10.json,1336,0.749000
off,run_10.json,1337,0.682000
off,run_10.json,1338,0.629000
off,run_10.json,1339,1.321000
off,run_10.json,1340,10.268000
off,run_10.json,1341,0.622000
off,run_10.json,1342,0.954000
off,run_10.json,1343,0.646000
off,run_10.json,1344,1.536000
off,run_10.json,1345,0.645000
off,run_10.json,1346,0.689000
off,run_10.json,1347,0.704000
off,run_10.json,1348,0.675000
off,run_10.json,1349,1.315000
off,run_10.json,1350,9.470000
off,run_10.json,1351,0.710000
off,run_10.json,1352,0.983000
off,run_10.json,1353,0.623000
off,run_10.json,1354,1.580000
off,run_10.json,1355,0.688000
off,run_10.json,1356,0.628000
off,run_10.json,1357,0.754000
off,run_10.json,1358,0.695000
off,run_10.json,1359,1.448000
off,run_10.json,1360,6.893000
off,run_10.json,1361,0.697000
off,run_10.json,1362,1.007000
off,run_10.json,1363,0.626000
off,run_10.json,1364,1.563000
off,run_10.json,1365,0.692000
off,run_10.json,1366,0.693000
off,run_10.json,1367,0.706000
off,run_10.json,1368,0.702000
off,run_10.json,1369,1.292000
off,run_10.json,1370,8.445000
off,run_10.json,1371,0.655000
off,run_10.json,1372,0.912000
off,run_10.json,1373,0.649000
off,run_10.json,1374,1.488000
off,run_10.json,1375,0.629000
off,run_10.json,1376,0.605000
off,run_10.json,1377,0.669000
off,run_10.json,1378,0.659000
off,run_10.json,1379,0.590000
off,run_10.json,1380,13.721000
off,run_10.json,1381,0.736000
off,run_10.json,1382,0.911000
off,run_10.json,1383,0.638000
off,run_10.json,1384,1.533000
off,run_10.json,1385,0.668000
off,run_10.json,1386,0.688000
off,run_10.json,1387,1.942000
off,run_10.json,1388,9.743000
off,run_10.json,1389,0.678000
off,run_10.json,1390,0.943000
off,run_10.json,1391,0.739000
off,run_10.json,1392,1.441000
off,run_10.json,1393,0.831000
off,run_10.json,1394,0.649000
off,run_10.json,1395,0.675000
off,run_10.json,1396,0.668000
off,run_10.json,1397,1.368000
off,run_10.json,1398,9.959000
off,run_10.json,1399,0.505000
off,run_10.json,1400,1.565000
off,run_10.json,1401,0.784000
off,run_10.json,1402,0.640000
off,run_10.json,1403,0.706000
off,run_10.json,1404,0.689000
off,run_10.json,1405,1.313000
off,run_10.json,1406,8.864000
off,run_10.json,1407,0.706000
off,run_10.json,1408,0.955000
off,run_10.json,1409,1.636000
off,run_10.json,1410,0.700000
off,run_10.json,1411,0.705000
off,run_10.json,1412,0.689000
off,run_10.json,1413,0.702000
off,run_10.json,1414,0.709000
off,run_10.json,1415,9.640000
off,run_10.json,1416,0.702000
off,run_10.json,1417,0.936000
off,run_10.json,1418,1.672000
off,run_10.json,1419,0.826000
off,run_10.json,1420,0.722000
off,run_10.json,1421,0.697000
off,run_10.json,1422,0.663000
off,run_10.json,1423,0.636000
off,run_10.json,1424,0.691000
off,run_10.json,1425,1.286000
off,run_10.json,1426,7.567000
off,run_10.json,1427,0.679000
off,run_10.json,1428,0.859000
off,run_10.json,1429,0.689000
off,run_10.json,1430,1.388000
off,run_10.json,1431,0.637000
off,run_10.json,1432,0.695000
off,run_10.json,1433,0.596000
off,run_10.json,1434,0.642000
off,run_10.json,1435,0.681000
off,run_10.json,1436,9.153000
off,run_10.json,1437,0.713000
off,run_10.json,1438,0.855000
off,run_10.json,1439,0.645000
off,run_10.json,1440,1.446000
off,run_10.json,1441,0.652000
off,run_10.json,1442,0.682000
off,run_10.json,1443,0.601000
off,run_10.json,1444,0.682000
off,run_10.json,1445,1.578000
off,run_10.json,1446,7.038000
off,run_10.json,1447,0.626000
off,run_10.json,1448,0.929000
off,run_10.json,1449,0.589000
off,run_10.json,1450,1.485000
off,run_10.json,1451,0.664000
off,run_10.json,1452,0.681000
off,run_10.json,1453,0.644000
off,run_10.json,1454,0.695000
off,run_10.json,1455,1.367000
off,run_10.json,1456,8.819000
off,run_10.json,1457,0.654000
off,run_10.json,1458,1.004000
off,run_10.json,1459,0.637000
off,run_10.json,1460,1.540000
off,run_10.json,1461,0.716000
off,run_10.json,1462,0.631000
off,run_10.json,1463,0.694000
off,run_10.json,1464,0.682000
off,run_10.json,1465,1.272000
off,run_10.json,1466,9.998000
off,run_10.json,1467,0.754000
off,run_10.json,1468,1.052000
off,run_10.json,1469,1.536000
off,run_10.json,1470,0.716000
off,run_10.json,1471,0.718000
off,run_10.json,1472,0.678000
off,run_10.json,1473,0.700000
off,run_10.json,1474,0.731000
off,run_10.json,1475,9.367000
off,run_10.json,1476,0.655000
off,run_10.json,1477,0.998000
off,run_10.json,1478,0.635000
off,run_10.json,1479,1.498000
off,run_10.json,1480,0.645000
off,run_10.json,1481,0.592000
off,run_10.json,1482,0.628000
off,run_10.json,1483,0.644000
off,run_10.json,1484,0.597000
off,run_10.json,1485,9.827000
off,run_10.json,1486,0.782000
off,run_10.json,1487,0.883000
off,run_10.json,1488,1.611000
off,run_10.json,1489,0.710000
off,run_10.json,1490,0.705000
off,run_10.json,1491,0.628000
off,run_10.json,1492,0.714000
off,run_10.json,1493,0.715000
off,run_10.json,1494,1.192000
off,run_10.json,1495,9.392000
off,run_10.json,1496,0.779000
off,run_10.json,1497,0.829000
off,run_10.json,1498,1.627000
off,run_10.json,1499,0.692000
off,run_10.json,1500,0.685000
off,run_10.json,1501,0.662000
off,run_10.json,1502,0.662000
off,run_10.json,1503,0.682000
off,run_10.json,1504,10.174000
off,run_10.json,1505,0.681000
off,run_10.json,1506,0.850000
off,run_10.json,1507,0.655000
off,run_10.json,1508,1.474000
off,run_10.json,1509,0.631000
off,run_10.json,1510,0.627000
off,run_10.json,1511,0.643000
off,run_10.json,1512,0.640000
off,run_10.json,1513,1.382000
off,run_10.json,1514,9.541000
off,run_10.json,1515,0.634000
off,run_10.json,1516,0.973000
off,run_10.json,1517,0.620000
off,run_10.json,1518,1.503000
off,run_10.json,1519,0.653000
off,run_10.json,1520,0.608000
off,run_10.json,1521,0.652000
off,run_10.json,1522,0.639000
off,run_10.json,1523,1.289000
off,run_10.json,1524,9.641000
off,run_10.json,1525,0.801000
off,run_10.json,1526,0.997000
off,run_10.json,1527,0.699000
off,run_10.json,1528,1.426000
off,run_10.json,1529,0.675000
off,run_10.json,1530,0.669000
off,run_10.json,1531,0.627000
off,run_10.json,1532,0.664000
off,run_10.json,1533,0.656000
off,run_10.json,1534,0.597000
off,run_10.json,1535,7.211000
off,run_10.json,1536,0.705000
off,run_10.json,1537,0.996000
off,run_10.json,1538,0.638000
off,run_10.json,1539,1.493000
off,run_10.json,1540,0.711000
off,run_10.json,1541,0.711000
off,run_10.json,1542,0.629000
off,run_10.json,1543,0.703000
off,run_10.json,1544,0.655000
off,run_10.json,1545,0.888000
off,run_10.json,1546,6.904000
off,run_10.json,1547,0.802000
off,run_10.json,1548,0.965000
off,run_10.json,1549,0.702000
off,run_10.json,1550,1.459000
off,run_10.json,1551,0.597000
off,run_10.json,1552,0.663000
off,run_10.json,1553,0.606000
off,run_10.json,1554,0.678000
off,run_10.json,1555,0.675000
off,run_10.json,1556,0.611000
off,run_10.json,1557,8.921000
off,run_10.json,1558,0.683000
off,run_10.json,1559,0.923000
off,run_10.json,1560,0.690000
off,run_10.json,1561,1.373000
off,run_10.json,1562,0.681000
off,run_10.json,1563,0.593000
off,run_10.json,1564,0.653000
off,run_10.json,1565,0.573000
off,run_10.json,1566,0.649000
off,run_10.json,1567,0.640000
off,run_10.json,1568,1.341000
off,run_10.json,1569,7.779000
off,run_10.json,1570,0.613000
off,run_10.json,1571,0.917000
off,run_10.json,1572,0.636000
off,run_10.json,1573,1.384000
off,run_10.json,1574,0.691000
off,run_10.json,1575,0.678000
off,run_10.json,1576,0.674000
off,run_10.json,1577,0.649000
off,run_10.json,1578,0.683000
off,run_10.json,1579,0.824000
off,run_10.json,1580,1.271000
off,run_10.json,1581,7.555000
off,run_10.json,1582,0.676000
off,run_10.json,1583,0.954000
off,run_10.json,1584,0.651000
off,run_10.json,1585,1.490000
off,run_10.json,1586,0.689000
off,run_10.json,1587,0.684000
off,run_10.json,1588,0.645000
off,run_10.json,1589,0.679000
off,run_10.json,1590,0.679000
off,run_10.json,1591,0.665000
off,run_10.json,1592,1.396000
off,run_10.json,1593,9.138000
off,run_10.json,1594,0.584000
off,run_10.json,1595,0.982000
off,run_10.json,1596,0.612000
off,run_10.json,1597,1.449000
off,run_10.json,1598,0.635000
off,run_10.json,1599,0.005000
